month,page,result_offset,records,source_month_records,relative_path,sha256,query_where,retrieved_or_validated_at_utc
2023-03,1,0,2000,4980,pages/2023-03/page_0001.json.gz,3ddb6ec33d53dc1a613477d0a4b919c10a6ca945a09384ec33b75ada0b7eab88,project_time_interval_start >= TIMESTAMP '2023-03-01 00:00:00' AND project_time_interval_start < TIMESTAMP '2023-04-01 00:00:00',2026-09-28 15:58:57 UTC
2023-03,2,2000,2000,4980,pages/2023-03/page_0002.json.gz,aa29fe6b27ed42903642a8f4420b578cdca80b86d61a04995db26e48a56791d3,project_time_interval_start >= TIMESTAMP '2023-03-01 00:00:00' AND project_time_interval_start < TIMESTAMP '2023-04-01 00:00:00',2026-09-28 15:58:57 UTC
2023-03,3,4000,980,4980,pages/2023-03/page_0003.json.gz,e0584fe23ebcd3232412eeb521923b7807640d62b6a7502595b25f728f0c7ccf,project_time_interval_start >= TIMESTAMP '2023-03-01 00:00:00' AND project_time_interval_start < TIMESTAMP '2023-04-01 00:00:00',2026-09-28 15:58:57 UTC
2023-04,1,0,2000,330735,pages/2023-04/page_0001.json.gz,6eb9b0d14c3b028a8e8c61ea14ca9438eb785a75660b60dd47c5705236dc394a,project_time_interval_start >= TIMESTAMP '2023-04-01 00:00:00' AND project_time_interval_start < TIMESTAMP '2023-05-01 00:00:00',2026-09-28 15:58:58 UTC
2023-04,2,2000,2000,330735,pages/2023-04/page_0002.json.gz,9f9391e2bd88467ffacdd5430b982b9ed816d199e6e42413472ac6178a71f68c,project_time_interval_start >= TIMESTAMP '2023-04-01 00:00:00' AND project_time_interval_start < TIMESTAMP '2023-05-01 00:00:00',2026-09-28 15:58:59 UTC
2023-04,3,4000,2000,330735,pages/2023-04/page_0003.json.gz,ed6d7586cf2228117ecd579fa3611233fb2272f453c7841417d9a98e32be1164,project_time_interval_start >= TIMESTAMP '2023-04-01 00:00:00' AND project_time_interval_start < TIMESTAMP '2023-05-01 00:00:00',2026-09-28 15:58:59 UTC
2023-04,4,6000,2000,330735,pages/2023-04/page_0004.json.gz,158482b4d424b26ca2f127a015bf08e98525591ab9df6f4b65e99f7e197e927f,project_time_interval_start >= TIMESTAMP '2023-04-01 00:00:00' AND project_time_interval_start < TIMESTAMP '2023-05-01 00:00:00',2026-09-28 15:59:00 UTC
2023-04,5,8000,2000,330735,pages/2023-04/page_0005.json.gz,d90209b8b5a31eb9bbb84fc067782c048113721771214c65a9529731df89b793,project_time_interval_start >= TIMESTAMP '2023-04-01 00:00:00' AND project_time_interval_start < TIMESTAMP '2023-05-01 00:00:00',2026-09-28 15:59:00 UTC
2023-04,6,10000,2000,330735,pages/2023-04/page_0006.json.gz,807df1458f2073ddee6b69de15f38559ff32ed48588152cad79977b58df5a1f8,project_time_interval_start >= TIMESTAMP '2023-04-01 00:00:00' AND project_time_interval_start < TIMESTAMP '2023-05-01 00:00:00',2026-09-28 15:59:01 UTC
2023-04,7,12000,2000,330735,pages/2023-04/page_0007.json.gz,a31a9ee511df793c333a910c27f136281433ce13beaf03775c66e9b58feb6e3a,project_time_interval_start >= TIMESTAMP '2023-04-01 00:00:00' AND project_time_interval_start < TIMESTAMP '2023-05-01 00:00:00',2026-09-28 15:59:01 UTC
2023-04,8,14000,2000,330735,pages/2023-04/page_0008.json.gz,5c01134cdf0d43201f8701653d74baea159ee526ef921c660ad7b8c8d6e397cc,project_time_interval_start >= TIMESTAMP '2023-04-01 00:00:00' AND project_time_interval_start < TIMESTAMP '2023-05-01 00:00:00',2026-09-28 15:59:02 UTC
2023-04,9,16000,2000,330735,pages/2023-04/page_0009.json.gz,73479905335708649abb467720a0554a735a025d26bba0ee23a148c0d9bd9d6b,project_time_interval_start >= TIMESTAMP '2023-04-01 00:00:00' AND project_time_interval_start < TIMESTAMP '2023-05-01 00:00:00',2026-09-28 15:59:02 UTC
2023-04,10,18000,2000,330735,pages/2023-04/page_0010.json.gz,3340d0ea119802250ce79427a64b05eb1ddb0ca3282789d3dbbe58152f198f5c,project_time_interval_start >= TIMESTAMP '2023-04-01 00:00:00' AND project_time_interval_start < TIMESTAMP '2023-05-01 00:00:00',2026-09-28 15:59:03 UTC
2023-04,11,20000,2000,330735,pages/2023-04/page_0011.json.gz,7360e0d96a375076cf9ddf6363f1ad1a2f66d8ca232ac86fed7635d1087f1d89,project_time_interval_start >= TIMESTAMP '2023-04-01 00:00:00' AND project_time_interval_start < TIMESTAMP '2023-05-01 00:00:00',2026-09-28 15:59:03 UTC
2023-04,12,22000,2000,330735,pages/2023-04/page_0012.json.gz,584ff8e35796718464712c065c9a564c8831e21e86a4df9661269aabcc3b8cfc,project_time_interval_start >= TIMESTAMP '2023-04-01 00:00:00' AND project_time_interval_start < TIMESTAMP '2023-05-01 00:00:00',2026-09-28 15:59:04 UTC
2023-04,13,24000,2000,330735,pages/2023-04/page_0013.json.gz,aba334a95751113333a887e79434d0b2655db0d4fe11fc0db57f26b19a92c873,project_time_interval_start >= TIMESTAMP '2023-04-01 00:00:00' AND project_time_interval_start < TIMESTAMP '2023-05-01 00:00:00',2026-09-28 15:59:04 UTC
2023-04,14,26000,2000,330735,pages/2023-04/page_0014.json.gz,46ca9e890544a89a5ca9bc9b8731cb98d10580a7aabf382941b4982825192c2e,project_time_interval_start >= TIMESTAMP '2023-04-01 00:00:00' AND project_time_interval_start < TIMESTAMP '2023-05-01 00:00:00',2026-09-28 15:59:05 UTC
2023-04,15,28000,2000,330735,pages/2023-04/page_0015.json.gz,b203566c69ce21ae409512a04d2ba1badb6a8297e4dc7572d6b1ed17b27b7314,project_time_interval_start >= TIMESTAMP '2023-04-01 00:00:00' AND project_time_interval_start < TIMESTAMP '2023-05-01 00:00:00',2026-09-28 15:59:05 UTC
2023-04,16,30000,2000,330735,pages/2023-04/page_0016.json.gz,e5250aabba7cf0df6ec3f39a576d941ff15d376b7e379c116aedebdf0416f946,project_time_interval_start >= TIMESTAMP '2023-04-01 00:00:00' AND project_time_interval_start < TIMESTAMP '2023-05-01 00:00:00',2026-09-28 15:59:06 UTC
2023-04,17,32000,2000,330735,pages/2023-04/page_0017.json.gz,ca309d352ba4e43c91d7cd999b75dd2c881aac9df08d0f16cf7c2cefe7122b96,project_time_interval_start >= TIMESTAMP '2023-04-01 00:00:00' AND project_time_interval_start < TIMESTAMP '2023-05-01 00:00:00',2026-09-28 15:59:06 UTC
2023-04,18,34000,2000,330735,pages/2023-04/page_0018.json.gz,5cd5bb353797ab8758f6cc48712f4c725304b66e17a83886136826978c04932b,project_time_interval_start >= TIMESTAMP '2023-04-01 00:00:00' AND project_time_interval_start < TIMESTAMP '2023-05-01 00:00:00',2026-09-28 15:59:07 UTC
2023-04,19,36000,2000,330735,pages/2023-04/page_0019.json.gz,fb0680a184a6f588a2be5a212e2947282ce706d4853690b71aeeb8cf33172705,project_time_interval_start >= TIMESTAMP '2023-04-01 00:00:00' AND project_time_interval_start < TIMESTAMP '2023-05-01 00:00:00',2026-09-28 15:59:08 UTC
2023-04,20,38000,2000,330735,pages/2023-04/page_0020.json.gz,b067ce2b9cc4802e7d8094f052847a939f929ad7108c60e95503a242703f8a54,project_time_interval_start >= TIMESTAMP '2023-04-01 00:00:00' AND project_time_interval_start < TIMESTAMP '2023-05-01 00:00:00',2026-09-28 15:59:08 UTC
2023-04,21,40000,2000,330735,pages/2023-04/page_0021.json.gz,7c51d676b9fd9a495e2ba2c5429c00eb2323634e2f958d86a297bd7cec554c16,project_time_interval_start >= TIMESTAMP '2023-04-01 00:00:00' AND project_time_interval_start < TIMESTAMP '2023-05-01 00:00:00',2026-09-28 15:59:09 UTC
2023-04,22,42000,2000,330735,pages/2023-04/page_0022.json.gz,6bd614c30abc59bdb498e8f12cf43889b845fb88f3479bc7b287ad68689faf31,project_time_interval_start >= TIMESTAMP '2023-04-01 00:00:00' AND project_time_interval_start < TIMESTAMP '2023-05-01 00:00:00',2026-09-28 15:59:09 UTC
2023-04,23,44000,2000,330735,pages/2023-04/page_0023.json.gz,5ef6e6ab961a07b167eaf87f1f136364d92ba943e1aee6aaf51827ed98eb3590,project_time_interval_start >= TIMESTAMP '2023-04-01 00:00:00' AND project_time_interval_start < TIMESTAMP '2023-05-01 00:00:00',2026-09-28 15:59:10 UTC
2023-04,24,46000,2000,330735,pages/2023-04/page_0024.json.gz,1117091dbe2199211e0d8560158c3b7306906c98b231ba648cd6b332802b26b0,project_time_interval_start >= TIMESTAMP '2023-04-01 00:00:00' AND project_time_interval_start < TIMESTAMP '2023-05-01 00:00:00',2026-09-28 15:59:10 UTC
2023-04,25,48000,2000,330735,pages/2023-04/page_0025.json.gz,7de8f9a32c9f5a1dee93dd53c18c376e951d9f8a3d0e0ea04c1eaf145105c5fe,project_time_interval_start >= TIMESTAMP '2023-04-01 00:00:00' AND project_time_interval_start < TIMESTAMP '2023-05-01 00:00:00',2026-09-28 15:59:11 UTC
2023-04,26,50000,2000,330735,pages/2023-04/page_0026.json.gz,55b22b83fc40bdaedd55f0480bacf999f6e1c5ba1bfa707d6b1ac1ce6f5d91ba,project_time_interval_start >= TIMESTAMP '2023-04-01 00:00:00' AND project_time_interval_start < TIMESTAMP '2023-05-01 00:00:00',2026-09-28 15:59:11 UTC
2023-04,27,52000,2000,330735,pages/2023-04/page_0027.json.gz,b10a6c270352c00addfceeae3a30c600496313005d96ec05859362efbee74ee3,project_time_interval_start >= TIMESTAMP '2023-04-01 00:00:00' AND project_time_interval_start < TIMESTAMP '2023-05-01 00:00:00',2026-09-28 15:59:12 UTC
2023-04,28,54000,2000,330735,pages/2023-04/page_0028.json.gz,7ee2e118b056a8975ee118f8b6a1991ddc973e3a27f08a323975b0c8d8966412,project_time_interval_start >= TIMESTAMP '2023-04-01 00:00:00' AND project_time_interval_start < TIMESTAMP '2023-05-01 00:00:00',2026-09-28 15:59:12 UTC
2023-04,29,56000,2000,330735,pages/2023-04/page_0029.json.gz,a6bf49b4c39835605153c78fa97b8cb1c2ab0cbeda4069e5b234154381e6936b,project_time_interval_start >= TIMESTAMP '2023-04-01 00:00:00' AND project_time_interval_start < TIMESTAMP '2023-05-01 00:00:00',2026-09-28 15:59:13 UTC
2023-04,30,58000,2000,330735,pages/2023-04/page_0030.json.gz,726ad3041cd02784ba7ad05e7fc5534e53bb9bcbbdd90ae640a45535e33c16d2,project_time_interval_start >= TIMESTAMP '2023-04-01 00:00:00' AND project_time_interval_start < TIMESTAMP '2023-05-01 00:00:00',2026-09-28 15:59:14 UTC
2023-04,31,60000,2000,330735,pages/2023-04/page_0031.json.gz,cb15c0d4ed41d876641c7518846deecb3c7c8b065bfa79964c0ad4b71585bc8d,project_time_interval_start >= TIMESTAMP '2023-04-01 00:00:00' AND project_time_interval_start < TIMESTAMP '2023-05-01 00:00:00',2026-09-28 15:59:14 UTC
2023-04,32,62000,2000,330735,pages/2023-04/page_0032.json.gz,28e6995e3f3dbb9bf4cd6a83c59c549ae92154391422170a650ed3006b402932,project_time_interval_start >= TIMESTAMP '2023-04-01 00:00:00' AND project_time_interval_start < TIMESTAMP '2023-05-01 00:00:00',2026-09-28 15:59:15 UTC
2023-04,33,64000,2000,330735,pages/2023-04/page_0033.json.gz,da4357ac249cf66783ebf8852bdd91ca52d45e608f5bfe232a43a96730093d1c,project_time_interval_start >= TIMESTAMP '2023-04-01 00:00:00' AND project_time_interval_start < TIMESTAMP '2023-05-01 00:00:00',2026-09-28 15:59:15 UTC
2023-04,34,66000,2000,330735,pages/2023-04/page_0034.json.gz,2800b5d686345c1f95cf4a9937fe4baaa50bccdceb44b1086f7154f714fb25ff,project_time_interval_start >= TIMESTAMP '2023-04-01 00:00:00' AND project_time_interval_start < TIMESTAMP '2023-05-01 00:00:00',2026-09-28 15:59:16 UTC
2023-04,35,68000,2000,330735,pages/2023-04/page_0035.json.gz,1c5cd4cf654dcf6d299892f9d3915ac278e04b9542908bbff0969827344715da,project_time_interval_start >= TIMESTAMP '2023-04-01 00:00:00' AND project_time_interval_start < TIMESTAMP '2023-05-01 00:00:00',2026-09-28 15:59:17 UTC
2023-04,36,70000,2000,330735,pages/2023-04/page_0036.json.gz,c53e2b5dfdee13c0a6ccf2b33c293f9a16f37c6d969d4f5547dc0e0f986469f7,project_time_interval_start >= TIMESTAMP '2023-04-01 00:00:00' AND project_time_interval_start < TIMESTAMP '2023-05-01 00:00:00',2026-09-28 15:59:17 UTC
2023-04,37,72000,2000,330735,pages/2023-04/page_0037.json.gz,5c26f9f8e8775842c717355afa67f0bda3312298e5e8512043cce99bd32071ab,project_time_interval_start >= TIMESTAMP '2023-04-01 00:00:00' AND project_time_interval_start < TIMESTAMP '2023-05-01 00:00:00',2026-09-28 15:59:18 UTC
2023-04,38,74000,2000,330735,pages/2023-04/page_0038.json.gz,5d8b14d74ac5ea3da9bbc59a8636ab3e5f5f3da890a8d0eb1369708cbd05cf6f,project_time_interval_start >= TIMESTAMP '2023-04-01 00:00:00' AND project_time_interval_start < TIMESTAMP '2023-05-01 00:00:00',2026-09-28 15:59:19 UTC
2023-04,39,76000,2000,330735,pages/2023-04/page_0039.json.gz,084ca007ab5f3309c37a1b1fa947821d1db122c7942c7a789126568d11a0c8de,project_time_interval_start >= TIMESTAMP '2023-04-01 00:00:00' AND project_time_interval_start < TIMESTAMP '2023-05-01 00:00:00',2026-09-28 15:59:19 UTC
2023-04,40,78000,2000,330735,pages/2023-04/page_0040.json.gz,bc15830257fd43678650c0a8a06cbf8e42a08285b9f2278de9ccd9dc6a75b56d,project_time_interval_start >= TIMESTAMP '2023-04-01 00:00:00' AND project_time_interval_start < TIMESTAMP '2023-05-01 00:00:00',2026-09-28 15:59:20 UTC
2023-04,41,80000,2000,330735,pages/2023-04/page_0041.json.gz,ed2ea858767126a01a51ee9a0c4647fdf06511f61683304fd118eabc532a4dbc,project_time_interval_start >= TIMESTAMP '2023-04-01 00:00:00' AND project_time_interval_start < TIMESTAMP '2023-05-01 00:00:00',2026-09-28 15:59:21 UTC
2023-04,42,82000,2000,330735,pages/2023-04/page_0042.json.gz,fe0c34bd1a9d813104a1a658ece7bc14bbb1fb8599dab74a8f96a0955e8a031e,project_time_interval_start >= TIMESTAMP '2023-04-01 00:00:00' AND project_time_interval_start < TIMESTAMP '2023-05-01 00:00:00',2026-09-28 15:59:21 UTC
2023-04,43,84000,2000,330735,pages/2023-04/page_0043.json.gz,7df94cc7edc6eec4991ff034af0338fa9a32783858b4eb5514fa85f8c4f9cdb9,project_time_interval_start >= TIMESTAMP '2023-04-01 00:00:00' AND project_time_interval_start < TIMESTAMP '2023-05-01 00:00:00',2026-09-28 15:59:22 UTC
2023-04,44,86000,2000,330735,pages/2023-04/page_0044.json.gz,4acfacc5be57a88564da0cb9c602d44d9ae1692cf3ddf811b81b9f6e176cb9ee,project_time_interval_start >= TIMESTAMP '2023-04-01 00:00:00' AND project_time_interval_start < TIMESTAMP '2023-05-01 00:00:00',2026-09-28 15:59:22 UTC
2023-04,45,88000,2000,330735,pages/2023-04/page_0045.json.gz,5cf0b440d349741514c0b0cb6bd7d2e61ac6931c8470b19531f26611219ae151,project_time_interval_start >= TIMESTAMP '2023-04-01 00:00:00' AND project_time_interval_start < TIMESTAMP '2023-05-01 00:00:00',2026-09-28 15:59:23 UTC
2023-04,46,90000,2000,330735,pages/2023-04/page_0046.json.gz,561da601ab147074294c287d54d562965415748f06a718a90cf08d4c409b2490,project_time_interval_start >= TIMESTAMP '2023-04-01 00:00:00' AND project_time_interval_start < TIMESTAMP '2023-05-01 00:00:00',2026-09-28 15:59:23 UTC
2023-04,47,92000,2000,330735,pages/2023-04/page_0047.json.gz,857524d424c76360ba314fe84cbd6f055786fe2cb0bceca16a50cefb94e1f2fd,project_time_interval_start >= TIMESTAMP '2023-04-01 00:00:00' AND project_time_interval_start < TIMESTAMP '2023-05-01 00:00:00',2026-09-28 15:59:24 UTC
2023-04,48,94000,2000,330735,pages/2023-04/page_0048.json.gz,f916fa0e92d82bcb7879c01bcd4b4448c8c7e72e5147599e710e58e1929f761c,project_time_interval_start >= TIMESTAMP '2023-04-01 00:00:00' AND project_time_interval_start < TIMESTAMP '2023-05-01 00:00:00',2026-09-28 15:59:25 UTC
2023-04,49,96000,2000,330735,pages/2023-04/page_0049.json.gz,87c9a1d883bf607a313b1a6633a974011ba6868405df1382a3e23ba8e8f3d06b,project_time_interval_start >= TIMESTAMP '2023-04-01 00:00:00' AND project_time_interval_start < TIMESTAMP '2023-05-01 00:00:00',2026-09-28 15:59:25 UTC
2023-04,50,98000,2000,330735,pages/2023-04/page_0050.json.gz,0af80c8490cb4f9a9621991be157483fa0fc26992a72c190125113b2dbc2784e,project_time_interval_start >= TIMESTAMP '2023-04-01 00:00:00' AND project_time_interval_start < TIMESTAMP '2023-05-01 00:00:00',2026-09-28 15:59:26 UTC
2023-04,51,100000,2000,330735,pages/2023-04/page_0051.json.gz,9723370bea1c88a0ec5ba8aaeec25dd04c456558f4c1aa5a08c9167323da02fa,project_time_interval_start >= TIMESTAMP '2023-04-01 00:00:00' AND project_time_interval_start < TIMESTAMP '2023-05-01 00:00:00',2026-09-28 15:59:26 UTC
2023-04,52,102000,2000,330735,pages/2023-04/page_0052.json.gz,a45b3c4ada52dfde2d16212652815bd75a45ad41d1786889ce1ec621018251a6,project_time_interval_start >= TIMESTAMP '2023-04-01 00:00:00' AND project_time_interval_start < TIMESTAMP '2023-05-01 00:00:00',2026-09-28 15:59:27 UTC
2023-04,53,104000,2000,330735,pages/2023-04/page_0053.json.gz,c6b6cbe4e2bc6ab1c0b07d8201fa86f8dd004d1b21e69a36ef383cb5fd67c396,project_time_interval_start >= TIMESTAMP '2023-04-01 00:00:00' AND project_time_interval_start < TIMESTAMP '2023-05-01 00:00:00',2026-09-28 15:59:28 UTC
2023-04,54,106000,2000,330735,pages/2023-04/page_0054.json.gz,4408d36723523ea621a627cb350b447e3ce96ae2fc54ad644e97c85081f5fe1d,project_time_interval_start >= TIMESTAMP '2023-04-01 00:00:00' AND project_time_interval_start < TIMESTAMP '2023-05-01 00:00:00',2026-09-28 15:59:28 UTC
2023-04,55,108000,2000,330735,pages/2023-04/page_0055.json.gz,daa6d7d81d22f288a035d821a6a6c22e88fd28ba18d4f107dc9b79a19baac98c,project_time_interval_start >= TIMESTAMP '2023-04-01 00:00:00' AND project_time_interval_start < TIMESTAMP '2023-05-01 00:00:00',2026-09-28 15:59:29 UTC
2023-04,56,110000,2000,330735,pages/2023-04/page_0056.json.gz,6c14233d3821476fcec24b0919ed70f7b6cfb6a85974096f743cd87b8392ac2b,project_time_interval_start >= TIMESTAMP '2023-04-01 00:00:00' AND project_time_interval_start < TIMESTAMP '2023-05-01 00:00:00',2026-09-28 15:59:30 UTC
2023-04,57,112000,2000,330735,pages/2023-04/page_0057.json.gz,0f18381401ef09e0f773a6f394a8c115a8d17588193565007d349b85f3e9484b,project_time_interval_start >= TIMESTAMP '2023-04-01 00:00:00' AND project_time_interval_start < TIMESTAMP '2023-05-01 00:00:00',2026-09-28 15:59:30 UTC
2023-04,58,114000,2000,330735,pages/2023-04/page_0058.json.gz,cdbedd59e3477c5d7aeb9dad29b9d897f80dba8adb5ac1efa66fa6623a82c64d,project_time_interval_start >= TIMESTAMP '2023-04-01 00:00:00' AND project_time_interval_start < TIMESTAMP '2023-05-01 00:00:00',2026-09-28 15:59:31 UTC
2023-04,59,116000,2000,330735,pages/2023-04/page_0059.json.gz,71c5ab881a65075d6f076093ab890f1a186c290b18a03376e1c7fb7bf4e6b496,project_time_interval_start >= TIMESTAMP '2023-04-01 00:00:00' AND project_time_interval_start < TIMESTAMP '2023-05-01 00:00:00',2026-09-28 15:59:31 UTC
2023-04,60,118000,2000,330735,pages/2023-04/page_0060.json.gz,a5f4afcb23178086cea8000e6a6903e8280418c8566835bc503446f2d0670b2b,project_time_interval_start >= TIMESTAMP '2023-04-01 00:00:00' AND project_time_interval_start < TIMESTAMP '2023-05-01 00:00:00',2026-09-28 15:59:32 UTC
2023-04,61,120000,2000,330735,pages/2023-04/page_0061.json.gz,5562a8b6b4e067f2d4f3813467e87952bd310d933216bcf7fdcdec3118cfa64e,project_time_interval_start >= TIMESTAMP '2023-04-01 00:00:00' AND project_time_interval_start < TIMESTAMP '2023-05-01 00:00:00',2026-09-28 15:59:33 UTC
2023-04,62,122000,2000,330735,pages/2023-04/page_0062.json.gz,4d88801f76f1d0ca45fcf5df101791d1e786cc73afdf8776a7daff57859c502b,project_time_interval_start >= TIMESTAMP '2023-04-01 00:00:00' AND project_time_interval_start < TIMESTAMP '2023-05-01 00:00:00',2026-09-28 15:59:33 UTC
2023-04,63,124000,2000,330735,pages/2023-04/page_0063.json.gz,3a330279bbd33318fab4e6c31ec0dece6f88ceb5e32a47b9d209b2a827166d50,project_time_interval_start >= TIMESTAMP '2023-04-01 00:00:00' AND project_time_interval_start < TIMESTAMP '2023-05-01 00:00:00',2026-09-28 15:59:34 UTC
2023-04,64,126000,2000,330735,pages/2023-04/page_0064.json.gz,33284febf338542516682da952132caa9cc6aa40917e3dc6bb9c36898a73d00c,project_time_interval_start >= TIMESTAMP '2023-04-01 00:00:00' AND project_time_interval_start < TIMESTAMP '2023-05-01 00:00:00',2026-09-28 15:59:34 UTC
2023-04,65,128000,2000,330735,pages/2023-04/page_0065.json.gz,94f0911d1c2d53522e3043ac149efd518042012783516aee35160e1412ebdb05,project_time_interval_start >= TIMESTAMP '2023-04-01 00:00:00' AND project_time_interval_start < TIMESTAMP '2023-05-01 00:00:00',2026-09-28 15:59:35 UTC
2023-04,66,130000,2000,330735,pages/2023-04/page_0066.json.gz,e2448dd6b165d04139a9f4c38051a22414f977cfc826b88c7da101c07a6526ec,project_time_interval_start >= TIMESTAMP '2023-04-01 00:00:00' AND project_time_interval_start < TIMESTAMP '2023-05-01 00:00:00',2026-09-28 15:59:36 UTC
2023-04,67,132000,2000,330735,pages/2023-04/page_0067.json.gz,78e9e3822106c5c48ab49c31a777cb81059d3c4654b1563e5f25655a71872ee3,project_time_interval_start >= TIMESTAMP '2023-04-01 00:00:00' AND project_time_interval_start < TIMESTAMP '2023-05-01 00:00:00',2026-09-28 15:59:37 UTC
2023-04,68,134000,2000,330735,pages/2023-04/page_0068.json.gz,96963a13a5fb8dd506acd3805238ca7fba707fb8c10fcd263c95218e8901fb41,project_time_interval_start >= TIMESTAMP '2023-04-01 00:00:00' AND project_time_interval_start < TIMESTAMP '2023-05-01 00:00:00',2026-09-28 15:59:37 UTC
2023-04,69,136000,2000,330735,pages/2023-04/page_0069.json.gz,1309c424707a917f5469cf0af9ee6323fd9210bd8967c8f305057b89123481f2,project_time_interval_start >= TIMESTAMP '2023-04-01 00:00:00' AND project_time_interval_start < TIMESTAMP '2023-05-01 00:00:00',2026-09-28 15:59:38 UTC
2023-04,70,138000,2000,330735,pages/2023-04/page_0070.json.gz,cf07bb2270416c5e453e198deb670724053e0e2a8a84031bdb58ab44c20cc2ba,project_time_interval_start >= TIMESTAMP '2023-04-01 00:00:00' AND project_time_interval_start < TIMESTAMP '2023-05-01 00:00:00',2026-09-28 15:59:39 UTC
2023-04,71,140000,2000,330735,pages/2023-04/page_0071.json.gz,cfe9f65c75977111ba30974e1f583e48bc49788280217c74b5c7d21abfe3c519,project_time_interval_start >= TIMESTAMP '2023-04-01 00:00:00' AND project_time_interval_start < TIMESTAMP '2023-05-01 00:00:00',2026-09-28 15:59:39 UTC
2023-04,72,142000,2000,330735,pages/2023-04/page_0072.json.gz,a529ad58509ab647ac5d1e3c5e75d264208e62022d8768e9662392a3bdfb02f1,project_time_interval_start >= TIMESTAMP '2023-04-01 00:00:00' AND project_time_interval_start < TIMESTAMP '2023-05-01 00:00:00',2026-09-28 15:59:40 UTC
2023-04,73,144000,2000,330735,pages/2023-04/page_0073.json.gz,afa6599f63de4331e5d35ba2ae7b48b4f5f3f671fab3690115df4533ecc23efb,project_time_interval_start >= TIMESTAMP '2023-04-01 00:00:00' AND project_time_interval_start < TIMESTAMP '2023-05-01 00:00:00',2026-09-28 15:59:41 UTC
2023-04,74,146000,2000,330735,pages/2023-04/page_0074.json.gz,0a4937413d05dafee6a2a938eac7f7a6797e924556a98986c1b756674eb601b3,project_time_interval_start >= TIMESTAMP '2023-04-01 00:00:00' AND project_time_interval_start < TIMESTAMP '2023-05-01 00:00:00',2026-09-28 15:59:41 UTC
2023-04,75,148000,2000,330735,pages/2023-04/page_0075.json.gz,7ca62ece4f50d0ad4f4b3344fabcc7907fd9f67209b102882dd31eb55bfcf67c,project_time_interval_start >= TIMESTAMP '2023-04-01 00:00:00' AND project_time_interval_start < TIMESTAMP '2023-05-01 00:00:00',2026-09-28 15:59:42 UTC
2023-04,76,150000,2000,330735,pages/2023-04/page_0076.json.gz,04a64a9d9d3f3224eab140f342ae2273382b5989a660690e67a32f36d7b198fe,project_time_interval_start >= TIMESTAMP '2023-04-01 00:00:00' AND project_time_interval_start < TIMESTAMP '2023-05-01 00:00:00',2026-09-28 15:59:42 UTC
2023-04,77,152000,2000,330735,pages/2023-04/page_0077.json.gz,73b7d3983ad6771df7e3abe6d466886adf58f62dc4c49d99e62720342a037e57,project_time_interval_start >= TIMESTAMP '2023-04-01 00:00:00' AND project_time_interval_start < TIMESTAMP '2023-05-01 00:00:00',2026-09-28 15:59:43 UTC
2023-04,78,154000,2000,330735,pages/2023-04/page_0078.json.gz,55e40ef4b4da2fc760a0ce01d14aafa2230fd1beca43c1d3eefcdc7e113b5f16,project_time_interval_start >= TIMESTAMP '2023-04-01 00:00:00' AND project_time_interval_start < TIMESTAMP '2023-05-01 00:00:00',2026-09-28 15:59:44 UTC
2023-04,79,156000,2000,330735,pages/2023-04/page_0079.json.gz,6865a8d26376a4a483c3fe23d7620e61bd0e81e170e47874c38dcf4cf5d9f69b,project_time_interval_start >= TIMESTAMP '2023-04-01 00:00:00' AND project_time_interval_start < TIMESTAMP '2023-05-01 00:00:00',2026-09-28 15:59:44 UTC
2023-04,80,158000,2000,330735,pages/2023-04/page_0080.json.gz,75525ff5a17eed3044bc07dffa905a64bca17badb88954ce3b6b3f1cc0c343af,project_time_interval_start >= TIMESTAMP '2023-04-01 00:00:00' AND project_time_interval_start < TIMESTAMP '2023-05-01 00:00:00',2026-09-28 15:59:45 UTC
2023-04,81,160000,2000,330735,pages/2023-04/page_0081.json.gz,1fab8889043aa4c0d58b876d67ea532f8c0235ab00346e3a2cd97140b93415c2,project_time_interval_start >= TIMESTAMP '2023-04-01 00:00:00' AND project_time_interval_start < TIMESTAMP '2023-05-01 00:00:00',2026-09-28 15:59:46 UTC
2023-04,82,162000,2000,330735,pages/2023-04/page_0082.json.gz,b5f4395ba62151cd81bd6edd2813cf56828d47085be71868850f8954891d542a,project_time_interval_start >= TIMESTAMP '2023-04-01 00:00:00' AND project_time_interval_start < TIMESTAMP '2023-05-01 00:00:00',2026-09-28 15:59:46 UTC
2023-04,83,164000,2000,330735,pages/2023-04/page_0083.json.gz,c1969579990f4ffe65e2e60ad3705f579dd147a6e43a9bd98a4c2ca760568b49,project_time_interval_start >= TIMESTAMP '2023-04-01 00:00:00' AND project_time_interval_start < TIMESTAMP '2023-05-01 00:00:00',2026-09-28 15:59:47 UTC
2023-04,84,166000,2000,330735,pages/2023-04/page_0084.json.gz,2bc5c2dbb00da0a9727c80f529f7395ef6a1fdf3edbaee30543190758b40cdc3,project_time_interval_start >= TIMESTAMP '2023-04-01 00:00:00' AND project_time_interval_start < TIMESTAMP '2023-05-01 00:00:00',2026-09-28 15:59:48 UTC
2023-04,85,168000,2000,330735,pages/2023-04/page_0085.json.gz,15819c328bbff6a8c2415f18b308f09231e51586077f8bad3b4bba5a7e842ec5,project_time_interval_start >= TIMESTAMP '2023-04-01 00:00:00' AND project_time_interval_start < TIMESTAMP '2023-05-01 00:00:00',2026-09-28 15:59:48 UTC
2023-04,86,170000,2000,330735,pages/2023-04/page_0086.json.gz,25f139a457e78573bfc70f34fe2e09a6a58f3bc68dff4861274a55ccc1f9d6fe,project_time_interval_start >= TIMESTAMP '2023-04-01 00:00:00' AND project_time_interval_start < TIMESTAMP '2023-05-01 00:00:00',2026-09-28 15:59:49 UTC
2023-04,87,172000,2000,330735,pages/2023-04/page_0087.json.gz,de782071b9b72c035fb9a5eb9fd7dfede7bbddb9913d06ec8cdcfe862cc24d0d,project_time_interval_start >= TIMESTAMP '2023-04-01 00:00:00' AND project_time_interval_start < TIMESTAMP '2023-05-01 00:00:00',2026-09-28 15:59:50 UTC
2023-04,88,174000,2000,330735,pages/2023-04/page_0088.json.gz,df2ba162f48b350e51cdb66c625b50bdb74a11242384fc52c3f199acbc41984a,project_time_interval_start >= TIMESTAMP '2023-04-01 00:00:00' AND project_time_interval_start < TIMESTAMP '2023-05-01 00:00:00',2026-09-28 15:59:50 UTC
2023-04,89,176000,2000,330735,pages/2023-04/page_0089.json.gz,0ad2c08bb0534167f7126724f916af98744856ac521aabad37d188d8a36d1b04,project_time_interval_start >= TIMESTAMP '2023-04-01 00:00:00' AND project_time_interval_start < TIMESTAMP '2023-05-01 00:00:00',2026-09-28 15:59:51 UTC
2023-04,90,178000,2000,330735,pages/2023-04/page_0090.json.gz,bd27dbe78abe661a46d3601293e2c06200dbbe4b66729d95c4b6b3f810a89f76,project_time_interval_start >= TIMESTAMP '2023-04-01 00:00:00' AND project_time_interval_start < TIMESTAMP '2023-05-01 00:00:00',2026-09-28 15:59:52 UTC
2023-04,91,180000,2000,330735,pages/2023-04/page_0091.json.gz,d504ef921edfc8d915a356d61783e94c1338ab518f64d0d561c8e2ae663a1347,project_time_interval_start >= TIMESTAMP '2023-04-01 00:00:00' AND project_time_interval_start < TIMESTAMP '2023-05-01 00:00:00',2026-09-28 15:59:53 UTC
2023-04,92,182000,2000,330735,pages/2023-04/page_0092.json.gz,9ed4fc0218ec695b69691a0df71c0c0ea980de75c6c57f25d6c75b95c5fabad1,project_time_interval_start >= TIMESTAMP '2023-04-01 00:00:00' AND project_time_interval_start < TIMESTAMP '2023-05-01 00:00:00',2026-09-28 15:59:54 UTC
2023-04,93,184000,2000,330735,pages/2023-04/page_0093.json.gz,5b9be4ae34d857d92dd024092e2d3cb543f60eebd19fa33e1b0f0897d3cdef40,project_time_interval_start >= TIMESTAMP '2023-04-01 00:00:00' AND project_time_interval_start < TIMESTAMP '2023-05-01 00:00:00',2026-09-28 15:59:54 UTC
2023-04,94,186000,2000,330735,pages/2023-04/page_0094.json.gz,2b2848b738be3a54bf0c18dffd0e406d72b1f317ed8ba98681db09b22ee0dadc,project_time_interval_start >= TIMESTAMP '2023-04-01 00:00:00' AND project_time_interval_start < TIMESTAMP '2023-05-01 00:00:00',2026-09-28 15:59:55 UTC
2023-04,95,188000,2000,330735,pages/2023-04/page_0095.json.gz,5c2339626fb8e42e1298a2d9930c14f611eff213ebd1b698bd9c5e7df646cba0,project_time_interval_start >= TIMESTAMP '2023-04-01 00:00:00' AND project_time_interval_start < TIMESTAMP '2023-05-01 00:00:00',2026-09-28 15:59:56 UTC
2023-04,96,190000,2000,330735,pages/2023-04/page_0096.json.gz,3a1b381cfbec977f664a9be0486f34eb8aa8583170d33fa0504c6d5174754abb,project_time_interval_start >= TIMESTAMP '2023-04-01 00:00:00' AND project_time_interval_start < TIMESTAMP '2023-05-01 00:00:00',2026-09-28 15:59:56 UTC
2023-04,97,192000,2000,330735,pages/2023-04/page_0097.json.gz,98f6ecf99dd61dd743b6e555a9a76f049f59a521eff011280188ae69cfcb9767,project_time_interval_start >= TIMESTAMP '2023-04-01 00:00:00' AND project_time_interval_start < TIMESTAMP '2023-05-01 00:00:00',2026-09-28 15:59:57 UTC
2023-04,98,194000,2000,330735,pages/2023-04/page_0098.json.gz,16db9af0d5f75583bbb0cc734c2db0f41b77a3685f13deb896a7ac0a186347a3,project_time_interval_start >= TIMESTAMP '2023-04-01 00:00:00' AND project_time_interval_start < TIMESTAMP '2023-05-01 00:00:00',2026-09-28 15:59:58 UTC
2023-04,99,196000,2000,330735,pages/2023-04/page_0099.json.gz,c46a1701a3f0cd3ba6c1588fe80bbf5633345ced07f064e5cb0e515d3e414f20,project_time_interval_start >= TIMESTAMP '2023-04-01 00:00:00' AND project_time_interval_start < TIMESTAMP '2023-05-01 00:00:00',2026-09-28 15:59:59 UTC
2023-04,100,198000,2000,330735,pages/2023-04/page_0100.json.gz,dddc1f5da79175794723f27b4bc16a81dd170e8ac71202171b0e1a36eebe9d69,project_time_interval_start >= TIMESTAMP '2023-04-01 00:00:00' AND project_time_interval_start < TIMESTAMP '2023-05-01 00:00:00',2026-09-28 15:59:59 UTC
2023-04,101,200000,2000,330735,pages/2023-04/page_0101.json.gz,475b22ebc9f4ad9671ec5d33c986a9fd2b7c7dd1c18e0fb330272817795ccd91,project_time_interval_start >= TIMESTAMP '2023-04-01 00:00:00' AND project_time_interval_start < TIMESTAMP '2023-05-01 00:00:00',2026-09-28 16:00:00 UTC
2023-04,102,202000,2000,330735,pages/2023-04/page_0102.json.gz,700a4e24bc442b25d51954dceb2ba61905a18ed8dfdb933a4c91d7b78dbb84db,project_time_interval_start >= TIMESTAMP '2023-04-01 00:00:00' AND project_time_interval_start < TIMESTAMP '2023-05-01 00:00:00',2026-09-28 16:00:01 UTC
2023-04,103,204000,2000,330735,pages/2023-04/page_0103.json.gz,ff1bd2251314daf1ca51681bbd7bcfc1aa442243bb97785160b2869798e25b56,project_time_interval_start >= TIMESTAMP '2023-04-01 00:00:00' AND project_time_interval_start < TIMESTAMP '2023-05-01 00:00:00',2026-09-28 16:00:02 UTC
2023-04,104,206000,2000,330735,pages/2023-04/page_0104.json.gz,2590de54eea5193dcbb245be96c9c6e28852f80df43ae04139674025f7c2efbd,project_time_interval_start >= TIMESTAMP '2023-04-01 00:00:00' AND project_time_interval_start < TIMESTAMP '2023-05-01 00:00:00',2026-09-28 16:00:02 UTC
2023-04,105,208000,2000,330735,pages/2023-04/page_0105.json.gz,1b26110cfccac4386d633b06be603714f21da8dda24f1a2519e9570099496dd2,project_time_interval_start >= TIMESTAMP '2023-04-01 00:00:00' AND project_time_interval_start < TIMESTAMP '2023-05-01 00:00:00',2026-09-28 16:00:03 UTC
2023-04,106,210000,2000,330735,pages/2023-04/page_0106.json.gz,2bfacfe60298c048fb7ffb59e84f0fa6c142e06ed9c24ec00ea7fd3b2ac74788,project_time_interval_start >= TIMESTAMP '2023-04-01 00:00:00' AND project_time_interval_start < TIMESTAMP '2023-05-01 00:00:00',2026-09-28 16:00:04 UTC
2023-04,107,212000,2000,330735,pages/2023-04/page_0107.json.gz,2f4c2feef202b8769a35688df563317dc3dab2e72a94816ccc5d87f947e5a860,project_time_interval_start >= TIMESTAMP '2023-04-01 00:00:00' AND project_time_interval_start < TIMESTAMP '2023-05-01 00:00:00',2026-09-28 16:00:04 UTC
2023-04,108,214000,2000,330735,pages/2023-04/page_0108.json.gz,ed9bc656a2151e567f5c7d75fb317961e4ce19ecb0d9bc5d132642c67809b8a5,project_time_interval_start >= TIMESTAMP '2023-04-01 00:00:00' AND project_time_interval_start < TIMESTAMP '2023-05-01 00:00:00',2026-09-28 16:00:05 UTC
2023-04,109,216000,2000,330735,pages/2023-04/page_0109.json.gz,e3f09b18aa138af2421a3dab0828b61a4d731e10cf48f37ae3c82fea8dcfed2f,project_time_interval_start >= TIMESTAMP '2023-04-01 00:00:00' AND project_time_interval_start < TIMESTAMP '2023-05-01 00:00:00',2026-09-28 16:00:06 UTC
2023-04,110,218000,2000,330735,pages/2023-04/page_0110.json.gz,137056d42f94355ec283427a9200d583fcddd5563245fef0dd7dd44aa89c8c9c,project_time_interval_start >= TIMESTAMP '2023-04-01 00:00:00' AND project_time_interval_start < TIMESTAMP '2023-05-01 00:00:00',2026-09-28 16:00:07 UTC
2023-04,111,220000,2000,330735,pages/2023-04/page_0111.json.gz,cc6360b7b7e8caca35b96d029b8cf04c47e9b9c5ab592d85fd2aad738dd6c85c,project_time_interval_start >= TIMESTAMP '2023-04-01 00:00:00' AND project_time_interval_start < TIMESTAMP '2023-05-01 00:00:00',2026-09-28 16:00:07 UTC
2023-04,112,222000,2000,330735,pages/2023-04/page_0112.json.gz,80ec18073377bc35018d90e4c114407f13e83eb28e0e100cbc0d12f347954391,project_time_interval_start >= TIMESTAMP '2023-04-01 00:00:00' AND project_time_interval_start < TIMESTAMP '2023-05-01 00:00:00',2026-09-28 16:00:08 UTC
2023-04,113,224000,2000,330735,pages/2023-04/page_0113.json.gz,ce6dc8ce80fc57f1ccc7c27b7703da7856c1c29662df301c57100d381976d176,project_time_interval_start >= TIMESTAMP '2023-04-01 00:00:00' AND project_time_interval_start < TIMESTAMP '2023-05-01 00:00:00',2026-09-28 16:00:09 UTC
2023-04,114,226000,2000,330735,pages/2023-04/page_0114.json.gz,7c09b9c61d9c770589c108abe2b13c14856850525160d485f0c0e060f7d635b8,project_time_interval_start >= TIMESTAMP '2023-04-01 00:00:00' AND project_time_interval_start < TIMESTAMP '2023-05-01 00:00:00',2026-09-28 16:00:10 UTC
2023-04,115,228000,2000,330735,pages/2023-04/page_0115.json.gz,0e1332ab4fbc414b269a2eac511605a6b670701d8fb125aa4686d420c70c3fd3,project_time_interval_start >= TIMESTAMP '2023-04-01 00:00:00' AND project_time_interval_start < TIMESTAMP '2023-05-01 00:00:00',2026-09-28 16:00:10 UTC
2023-04,116,230000,2000,330735,pages/2023-04/page_0116.json.gz,a86c7d6109b63cfd5437c4c4557b2f67a07114debf7c740dc9a20f031059d871,project_time_interval_start >= TIMESTAMP '2023-04-01 00:00:00' AND project_time_interval_start < TIMESTAMP '2023-05-01 00:00:00',2026-09-28 16:00:11 UTC
2023-04,117,232000,2000,330735,pages/2023-04/page_0117.json.gz,6261812334047ec7299be45b562ddd3a7957ab16f993ded88a661fa2f1c0beeb,project_time_interval_start >= TIMESTAMP '2023-04-01 00:00:00' AND project_time_interval_start < TIMESTAMP '2023-05-01 00:00:00',2026-09-28 16:00:12 UTC
2023-04,118,234000,2000,330735,pages/2023-04/page_0118.json.gz,63bb1f8aec024a495519518496d4a8499b9a83c7b19b0d94e8670fd8f9a73501,project_time_interval_start >= TIMESTAMP '2023-04-01 00:00:00' AND project_time_interval_start < TIMESTAMP '2023-05-01 00:00:00',2026-09-28 16:00:13 UTC
2023-04,119,236000,2000,330735,pages/2023-04/page_0119.json.gz,be94f17a41eda5483a5007059a1dee0487704590fad6ef36a2f750cbd135eee6,project_time_interval_start >= TIMESTAMP '2023-04-01 00:00:00' AND project_time_interval_start < TIMESTAMP '2023-05-01 00:00:00',2026-09-28 16:00:14 UTC
2023-04,120,238000,2000,330735,pages/2023-04/page_0120.json.gz,a04243d16f2632633182fc6679adb1c9ea56a362787b556b45cd73788e052e23,project_time_interval_start >= TIMESTAMP '2023-04-01 00:00:00' AND project_time_interval_start < TIMESTAMP '2023-05-01 00:00:00',2026-09-28 16:00:14 UTC
2023-04,121,240000,2000,330735,pages/2023-04/page_0121.json.gz,5c16c349a0b5c1b9bd9d12f646e932ff13f0e9ea0c7cffeaadb08a0a10b99ea3,project_time_interval_start >= TIMESTAMP '2023-04-01 00:00:00' AND project_time_interval_start < TIMESTAMP '2023-05-01 00:00:00',2026-09-28 16:00:15 UTC
2023-04,122,242000,2000,330735,pages/2023-04/page_0122.json.gz,e0fcae3ac5fde11ee1ce393a7f7768747cc950cec0b0f63f57af05643dcf8ef7,project_time_interval_start >= TIMESTAMP '2023-04-01 00:00:00' AND project_time_interval_start < TIMESTAMP '2023-05-01 00:00:00',2026-09-28 16:00:16 UTC
2023-04,123,244000,2000,330735,pages/2023-04/page_0123.json.gz,85f841722a1da1513eb55c7666a9f4cad14e999a81ede593ddcbce1df2947468,project_time_interval_start >= TIMESTAMP '2023-04-01 00:00:00' AND project_time_interval_start < TIMESTAMP '2023-05-01 00:00:00',2026-09-28 16:00:17 UTC
2023-04,124,246000,2000,330735,pages/2023-04/page_0124.json.gz,0f0c66f233c03bd8c95c9680a43a0987b02fa96afb7154b2347487c59bb9ed83,project_time_interval_start >= TIMESTAMP '2023-04-01 00:00:00' AND project_time_interval_start < TIMESTAMP '2023-05-01 00:00:00',2026-09-28 16:00:18 UTC
2023-04,125,248000,2000,330735,pages/2023-04/page_0125.json.gz,4a23736ba05a167a74b45d2fdc134357580ec4ce84fce3af5d71f8b45590abf3,project_time_interval_start >= TIMESTAMP '2023-04-01 00:00:00' AND project_time_interval_start < TIMESTAMP '2023-05-01 00:00:00',2026-09-28 16:00:18 UTC
2023-04,126,250000,2000,330735,pages/2023-04/page_0126.json.gz,893228c71cf41ef1ce29b903b980e85e5c44c864b51f62fe2aeb376c5621f1a8,project_time_interval_start >= TIMESTAMP '2023-04-01 00:00:00' AND project_time_interval_start < TIMESTAMP '2023-05-01 00:00:00',2026-09-28 16:00:19 UTC
2023-04,127,252000,2000,330735,pages/2023-04/page_0127.json.gz,47ca9d1b80ef97aafbacb9a9c06ead9d271a00bb88282e36bbca244e17a3ddac,project_time_interval_start >= TIMESTAMP '2023-04-01 00:00:00' AND project_time_interval_start < TIMESTAMP '2023-05-01 00:00:00',2026-09-28 16:00:20 UTC
2023-04,128,254000,2000,330735,pages/2023-04/page_0128.json.gz,ddfd6bbd13f370aa94fe9eed92b75d611af7c916842b54a38c04ecbad56c7321,project_time_interval_start >= TIMESTAMP '2023-04-01 00:00:00' AND project_time_interval_start < TIMESTAMP '2023-05-01 00:00:00',2026-09-28 16:00:21 UTC
2023-04,129,256000,2000,330735,pages/2023-04/page_0129.json.gz,7703e89753ae8d81e068ff96b6ca6ad07c7b06e1c767fa7072c631974edaa781,project_time_interval_start >= TIMESTAMP '2023-04-01 00:00:00' AND project_time_interval_start < TIMESTAMP '2023-05-01 00:00:00',2026-09-28 16:00:22 UTC
2023-04,130,258000,2000,330735,pages/2023-04/page_0130.json.gz,a030e8a3a048b683ab0d6033980a1c07436a8cbeb6f6934908857ae1d0bd97ca,project_time_interval_start >= TIMESTAMP '2023-04-01 00:00:00' AND project_time_interval_start < TIMESTAMP '2023-05-01 00:00:00',2026-09-28 16:00:22 UTC
2023-04,131,260000,2000,330735,pages/2023-04/page_0131.json.gz,bab3e9650ef5b0e90832bef7415444f89b71dd9761ed6c639601e816ca127a91,project_time_interval_start >= TIMESTAMP '2023-04-01 00:00:00' AND project_time_interval_start < TIMESTAMP '2023-05-01 00:00:00',2026-09-28 16:00:23 UTC
2023-04,132,262000,2000,330735,pages/2023-04/page_0132.json.gz,35580bd2e24317d83a90bdd9faffa4ffabdd312ff25ad424c665bc8db5016fcb,project_time_interval_start >= TIMESTAMP '2023-04-01 00:00:00' AND project_time_interval_start < TIMESTAMP '2023-05-01 00:00:00',2026-09-28 16:00:24 UTC
2023-04,133,264000,2000,330735,pages/2023-04/page_0133.json.gz,71e976bf3ac45ffef743ccac74565ef426f2d014a1ccc6f37a8778f7d51c413a,project_time_interval_start >= TIMESTAMP '2023-04-01 00:00:00' AND project_time_interval_start < TIMESTAMP '2023-05-01 00:00:00',2026-09-28 16:00:25 UTC
2023-04,134,266000,2000,330735,pages/2023-04/page_0134.json.gz,40a015294de923ff851924541f3a4cbaefb4c06bd6ec807ff40210de15571100,project_time_interval_start >= TIMESTAMP '2023-04-01 00:00:00' AND project_time_interval_start < TIMESTAMP '2023-05-01 00:00:00',2026-09-28 16:00:26 UTC
2023-04,135,268000,2000,330735,pages/2023-04/page_0135.json.gz,914462d3199e809aba29f2842e8f4cc2b8fa36898193bdb7d44786a8f4e15876,project_time_interval_start >= TIMESTAMP '2023-04-01 00:00:00' AND project_time_interval_start < TIMESTAMP '2023-05-01 00:00:00',2026-09-28 16:00:27 UTC
2023-04,136,270000,2000,330735,pages/2023-04/page_0136.json.gz,847106ea436912011d10e02d0dad4ab391e04ef3ebefd789cfa2a1ef2a1f3f8f,project_time_interval_start >= TIMESTAMP '2023-04-01 00:00:00' AND project_time_interval_start < TIMESTAMP '2023-05-01 00:00:00',2026-09-28 16:00:27 UTC
2023-04,137,272000,2000,330735,pages/2023-04/page_0137.json.gz,0d72b85e6a6f1fafff79a92b5f1e1cdcfa09d4b23235fefafe71610a486725c9,project_time_interval_start >= TIMESTAMP '2023-04-01 00:00:00' AND project_time_interval_start < TIMESTAMP '2023-05-01 00:00:00',2026-09-28 16:00:28 UTC
2023-04,138,274000,2000,330735,pages/2023-04/page_0138.json.gz,9fb169707918d66c9c66073cb02a9e17767381eb0f1e892a78a197ab0f35e8c0,project_time_interval_start >= TIMESTAMP '2023-04-01 00:00:00' AND project_time_interval_start < TIMESTAMP '2023-05-01 00:00:00',2026-09-28 16:00:29 UTC
2023-04,139,276000,2000,330735,pages/2023-04/page_0139.json.gz,886f50725041311423ee323f0d38acb8ed95520e039715bedf3b9c09bd49665e,project_time_interval_start >= TIMESTAMP '2023-04-01 00:00:00' AND project_time_interval_start < TIMESTAMP '2023-05-01 00:00:00',2026-09-28 16:00:30 UTC
2023-04,140,278000,2000,330735,pages/2023-04/page_0140.json.gz,11a3540122fb467832f20af17f70252be877289d3769bcb8833397220031529a,project_time_interval_start >= TIMESTAMP '2023-04-01 00:00:00' AND project_time_interval_start < TIMESTAMP '2023-05-01 00:00:00',2026-09-28 16:00:31 UTC
2023-04,141,280000,2000,330735,pages/2023-04/page_0141.json.gz,e42e05746dc0c0e2b456d9ccd1818b811e376c0662391eb3732c469ca6512c13,project_time_interval_start >= TIMESTAMP '2023-04-01 00:00:00' AND project_time_interval_start < TIMESTAMP '2023-05-01 00:00:00',2026-09-28 16:00:32 UTC
2023-04,142,282000,2000,330735,pages/2023-04/page_0142.json.gz,a85a70b240191e2d2995a79438b641206f185b0a2fdfe19e32cc933ee3e940dc,project_time_interval_start >= TIMESTAMP '2023-04-01 00:00:00' AND project_time_interval_start < TIMESTAMP '2023-05-01 00:00:00',2026-09-28 16:00:33 UTC
2023-04,143,284000,2000,330735,pages/2023-04/page_0143.json.gz,9db36a064a0aea7c4ed333415b8ba3dd72a58498a2f9c9a04b9dda64fd876b67,project_time_interval_start >= TIMESTAMP '2023-04-01 00:00:00' AND project_time_interval_start < TIMESTAMP '2023-05-01 00:00:00',2026-09-28 16:00:33 UTC
2023-04,144,286000,2000,330735,pages/2023-04/page_0144.json.gz,094d47e1cb525203a2600d41183a5d4e7724cae54d3d62f0753ecca66fbcf078,project_time_interval_start >= TIMESTAMP '2023-04-01 00:00:00' AND project_time_interval_start < TIMESTAMP '2023-05-01 00:00:00',2026-09-28 16:00:34 UTC
2023-04,145,288000,2000,330735,pages/2023-04/page_0145.json.gz,c635c78a2fdf3973b0828d90e8e129cf1cb0424bf51776dd5e1df4a4cfcf8c8e,project_time_interval_start >= TIMESTAMP '2023-04-01 00:00:00' AND project_time_interval_start < TIMESTAMP '2023-05-01 00:00:00',2026-09-28 16:00:35 UTC
2023-04,146,290000,2000,330735,pages/2023-04/page_0146.json.gz,9b03a09b25eaef820be942ad4c7332f5175f32afd0032b49682e3678719e8103,project_time_interval_start >= TIMESTAMP '2023-04-01 00:00:00' AND project_time_interval_start < TIMESTAMP '2023-05-01 00:00:00',2026-09-28 16:00:36 UTC
2023-04,147,292000,2000,330735,pages/2023-04/page_0147.json.gz,a821d56d016c74e67d7c7253a267cb46afd54717b904aaae0419529f77b050cf,project_time_interval_start >= TIMESTAMP '2023-04-01 00:00:00' AND project_time_interval_start < TIMESTAMP '2023-05-01 00:00:00',2026-09-28 16:00:37 UTC
2023-04,148,294000,2000,330735,pages/2023-04/page_0148.json.gz,044a98ea37ded20aef503d0de919512e08c3cb0d7bef9c67c1eed4ce496a138f,project_time_interval_start >= TIMESTAMP '2023-04-01 00:00:00' AND project_time_interval_start < TIMESTAMP '2023-05-01 00:00:00',2026-09-28 16:00:38 UTC
2023-04,149,296000,2000,330735,pages/2023-04/page_0149.json.gz,fca2b13dab470de40f58adb346b3df4e34b02cdf8c0710bdbe80ba91207009ef,project_time_interval_start >= TIMESTAMP '2023-04-01 00:00:00' AND project_time_interval_start < TIMESTAMP '2023-05-01 00:00:00',2026-09-28 16:00:39 UTC
2023-04,150,298000,2000,330735,pages/2023-04/page_0150.json.gz,418f600db0a0a34fbbae128e0596e54bb0e0d10e1cd966c96a928f5f2f94d602,project_time_interval_start >= TIMESTAMP '2023-04-01 00:00:00' AND project_time_interval_start < TIMESTAMP '2023-05-01 00:00:00',2026-09-28 16:00:39 UTC
2023-04,151,300000,2000,330735,pages/2023-04/page_0151.json.gz,f0f053d195b693f1f089f2cd8b687fdaa356104f754b56a861caa36fb90c191a,project_time_interval_start >= TIMESTAMP '2023-04-01 00:00:00' AND project_time_interval_start < TIMESTAMP '2023-05-01 00:00:00',2026-09-28 16:00:40 UTC
2023-04,152,302000,2000,330735,pages/2023-04/page_0152.json.gz,937398999d3d33d65bb6a718beafb56873860936a034d5750f02998bfa95b8f9,project_time_interval_start >= TIMESTAMP '2023-04-01 00:00:00' AND project_time_interval_start < TIMESTAMP '2023-05-01 00:00:00',2026-09-28 16:00:41 UTC
2023-04,153,304000,2000,330735,pages/2023-04/page_0153.json.gz,3008fdd1fbf7e1484d41c0b571637aa9dc27a5e6078fe0a79dc6884681b640c6,project_time_interval_start >= TIMESTAMP '2023-04-01 00:00:00' AND project_time_interval_start < TIMESTAMP '2023-05-01 00:00:00',2026-09-28 16:00:42 UTC
2023-04,154,306000,2000,330735,pages/2023-04/page_0154.json.gz,97d77cdffeb23c30049ab0e97d712b141fb102d466ae83e320efbb8535f5acbb,project_time_interval_start >= TIMESTAMP '2023-04-01 00:00:00' AND project_time_interval_start < TIMESTAMP '2023-05-01 00:00:00',2026-09-28 16:00:43 UTC
2023-04,155,308000,2000,330735,pages/2023-04/page_0155.json.gz,a4180e4e68e1aa9b4df32724fdf7bb283f7e917078dd521775e49dd4f683b845,project_time_interval_start >= TIMESTAMP '2023-04-01 00:00:00' AND project_time_interval_start < TIMESTAMP '2023-05-01 00:00:00',2026-09-28 16:00:45 UTC
2023-04,156,310000,2000,330735,pages/2023-04/page_0156.json.gz,51b0f6877ba6e53d6d4b9b404ee4ef5c9e246cc9330197ebee02faa2472676db,project_time_interval_start >= TIMESTAMP '2023-04-01 00:00:00' AND project_time_interval_start < TIMESTAMP '2023-05-01 00:00:00',2026-09-28 16:00:46 UTC
2023-04,157,312000,2000,330735,pages/2023-04/page_0157.json.gz,22b9ce33ca7a2255ccabe910ca6660fb6891ca069f479025912e55ba9be570a1,project_time_interval_start >= TIMESTAMP '2023-04-01 00:00:00' AND project_time_interval_start < TIMESTAMP '2023-05-01 00:00:00',2026-09-28 16:00:47 UTC
2023-04,158,314000,2000,330735,pages/2023-04/page_0158.json.gz,4774d6889f13d3a1114807d368a346d02e040b887fed23b5ff0ee3d53e8761f9,project_time_interval_start >= TIMESTAMP '2023-04-01 00:00:00' AND project_time_interval_start < TIMESTAMP '2023-05-01 00:00:00',2026-09-28 16:00:47 UTC
2023-04,159,316000,2000,330735,pages/2023-04/page_0159.json.gz,8092ac163124b3b0345db498c2bb000dfa831b8336dd8b300a97e9fc4963741a,project_time_interval_start >= TIMESTAMP '2023-04-01 00:00:00' AND project_time_interval_start < TIMESTAMP '2023-05-01 00:00:00',2026-09-28 16:00:48 UTC
2023-04,160,318000,2000,330735,pages/2023-04/page_0160.json.gz,c184ea16fd89aeb68564c6d1543b78f2de56b4770f79dbffafdd4d0c1b43f5b6,project_time_interval_start >= TIMESTAMP '2023-04-01 00:00:00' AND project_time_interval_start < TIMESTAMP '2023-05-01 00:00:00',2026-09-28 16:00:49 UTC
2023-04,161,320000,2000,330735,pages/2023-04/page_0161.json.gz,c643068ecc2ab10339a3b1c4707acd91b98ebf943d710e256c3126c91f80a56a,project_time_interval_start >= TIMESTAMP '2023-04-01 00:00:00' AND project_time_interval_start < TIMESTAMP '2023-05-01 00:00:00',2026-09-28 16:00:50 UTC
2023-04,162,322000,2000,330735,pages/2023-04/page_0162.json.gz,f7cb760a0596c85c8ae6dcc7470b9cb259e9da77c9ebd54b46b62dd1497970d8,project_time_interval_start >= TIMESTAMP '2023-04-01 00:00:00' AND project_time_interval_start < TIMESTAMP '2023-05-01 00:00:00',2026-09-28 16:00:51 UTC
2023-04,163,324000,2000,330735,pages/2023-04/page_0163.json.gz,933919b23a37848979a52088d9de2085bb4472f522b37fee396732750c18311c,project_time_interval_start >= TIMESTAMP '2023-04-01 00:00:00' AND project_time_interval_start < TIMESTAMP '2023-05-01 00:00:00',2026-09-28 16:00:52 UTC
2023-04,164,326000,2000,330735,pages/2023-04/page_0164.json.gz,fe69d5f1aaffc43398a1ad18a7c87cc7229bb0c0266510e55255267ec5418513,project_time_interval_start >= TIMESTAMP '2023-04-01 00:00:00' AND project_time_interval_start < TIMESTAMP '2023-05-01 00:00:00',2026-09-28 16:00:53 UTC
2023-04,165,328000,2000,330735,pages/2023-04/page_0165.json.gz,e391104c13dd286c85e47cbaf0e20586805c57bfea8e91892643112885580786,project_time_interval_start >= TIMESTAMP '2023-04-01 00:00:00' AND project_time_interval_start < TIMESTAMP '2023-05-01 00:00:00',2026-09-28 16:00:54 UTC
2023-04,166,330000,735,330735,pages/2023-04/page_0166.json.gz,9cb3fa8eaea2f893274160ae1f2660f6ff6f5583712f62c7a5960c9b0cc27228,project_time_interval_start >= TIMESTAMP '2023-04-01 00:00:00' AND project_time_interval_start < TIMESTAMP '2023-05-01 00:00:00',2026-09-28 16:00:56 UTC
2023-05,1,0,2000,17315,pages/2023-05/page_0001.json.gz,fee6046ae3545ddbae4715a351dd71f2cde7e66d202de64d71e22308b5f35c5f,project_time_interval_start >= TIMESTAMP '2023-05-01 00:00:00' AND project_time_interval_start < TIMESTAMP '2023-06-01 00:00:00',2026-09-28 16:00:57 UTC
2023-05,2,2000,2000,17315,pages/2023-05/page_0002.json.gz,419c7b31fab2706522d6045acf0a5ae652999e5c0d81c02b7c160e5a7ff53bb6,project_time_interval_start >= TIMESTAMP '2023-05-01 00:00:00' AND project_time_interval_start < TIMESTAMP '2023-06-01 00:00:00',2026-09-28 16:00:58 UTC
2023-05,3,4000,2000,17315,pages/2023-05/page_0003.json.gz,6dc7a1c7638588398b485f3d706990b2842583fe55fad4a21aa4b6954a366ddd,project_time_interval_start >= TIMESTAMP '2023-05-01 00:00:00' AND project_time_interval_start < TIMESTAMP '2023-06-01 00:00:00',2026-09-28 16:00:58 UTC
2023-05,4,6000,2000,17315,pages/2023-05/page_0004.json.gz,9f4239482f328f4c9715010ece31c259647630ab41f50933d0207f4abcc734fe,project_time_interval_start >= TIMESTAMP '2023-05-01 00:00:00' AND project_time_interval_start < TIMESTAMP '2023-06-01 00:00:00',2026-09-28 16:00:59 UTC
2023-05,5,8000,2000,17315,pages/2023-05/page_0005.json.gz,76922556693a34f8818e195c27eca5e82ad5cf6d426939c3a74a8d1d25d15652,project_time_interval_start >= TIMESTAMP '2023-05-01 00:00:00' AND project_time_interval_start < TIMESTAMP '2023-06-01 00:00:00',2026-09-28 16:00:59 UTC
2023-05,6,10000,2000,17315,pages/2023-05/page_0006.json.gz,06c12b46c9fdff225afd88df1943b9d5d4e44f595329a592d4e0a19939946806,project_time_interval_start >= TIMESTAMP '2023-05-01 00:00:00' AND project_time_interval_start < TIMESTAMP '2023-06-01 00:00:00',2026-09-28 16:01:00 UTC
2023-05,7,12000,2000,17315,pages/2023-05/page_0007.json.gz,00a5c0f8c02f5ee460420f62bd7cde03ef55bb864e4887a5c926bb9e5cff93e1,project_time_interval_start >= TIMESTAMP '2023-05-01 00:00:00' AND project_time_interval_start < TIMESTAMP '2023-06-01 00:00:00',2026-09-28 16:01:00 UTC
2023-05,8,14000,2000,17315,pages/2023-05/page_0008.json.gz,07b57cce8b8110008f436c2491f61df2e92cac8eed4cf54913cbec6a58ef88f5,project_time_interval_start >= TIMESTAMP '2023-05-01 00:00:00' AND project_time_interval_start < TIMESTAMP '2023-06-01 00:00:00',2026-09-28 16:01:01 UTC
2023-05,9,16000,1315,17315,pages/2023-05/page_0009.json.gz,abf262dec6a9032af40e0b684949961ebdf04cc7c2a99b6e7af1a104da661492,project_time_interval_start >= TIMESTAMP '2023-05-01 00:00:00' AND project_time_interval_start < TIMESTAMP '2023-06-01 00:00:00',2026-09-28 16:01:02 UTC
2023-06,1,0,2000,6073,pages/2023-06/page_0001.json.gz,fa39d76002592e383cc6011ffaa9ad7dd52ee7960d589a343fae0e6e9bbd8ba1,project_time_interval_start >= TIMESTAMP '2023-06-01 00:00:00' AND project_time_interval_start < TIMESTAMP '2023-07-01 00:00:00',2026-09-28 16:01:03 UTC
2023-06,2,2000,2000,6073,pages/2023-06/page_0002.json.gz,1f95bf1bc2901d7f29f5183d43e4b9ba9574fdb135393f17d1c5e6e4a47cf775,project_time_interval_start >= TIMESTAMP '2023-06-01 00:00:00' AND project_time_interval_start < TIMESTAMP '2023-07-01 00:00:00',2026-09-28 16:01:03 UTC
2023-06,3,4000,2000,6073,pages/2023-06/page_0003.json.gz,695a28d3b6b5bc801fb9a79cc99bc586df1626354ac9fe3425db039e2bb123eb,project_time_interval_start >= TIMESTAMP '2023-06-01 00:00:00' AND project_time_interval_start < TIMESTAMP '2023-07-01 00:00:00',2026-09-28 16:01:04 UTC
2023-06,4,6000,73,6073,pages/2023-06/page_0004.json.gz,999899fce5ff80c0f79730c4fad7ad8c82b5a693fc7f2cd7eaf7b74581cc7683,project_time_interval_start >= TIMESTAMP '2023-06-01 00:00:00' AND project_time_interval_start < TIMESTAMP '2023-07-01 00:00:00',2026-09-28 16:01:04 UTC
2023-07,1,0,2000,3461,pages/2023-07/page_0001.json.gz,e633f95c841326095018f41427498307d28d28f02f59288411270f713254cd66,project_time_interval_start >= TIMESTAMP '2023-07-01 00:00:00' AND project_time_interval_start < TIMESTAMP '2023-08-01 00:00:00',2026-09-28 16:01:05 UTC
2023-07,2,2000,1461,3461,pages/2023-07/page_0002.json.gz,73999d19a8ed372041783a0842e97df018735a4157a0fb1c4717065bb5997c8c,project_time_interval_start >= TIMESTAMP '2023-07-01 00:00:00' AND project_time_interval_start < TIMESTAMP '2023-08-01 00:00:00',2026-09-28 16:01:05 UTC
2023-08,1,0,2000,3418,pages/2023-08/page_0001.json.gz,f86ce2e1931c075589b67bf52c6f8577fca38dcbb38542b482b62a5aaea38d8b,project_time_interval_start >= TIMESTAMP '2023-08-01 00:00:00' AND project_time_interval_start < TIMESTAMP '2023-09-01 00:00:00',2026-09-28 16:01:06 UTC
2023-08,2,2000,1418,3418,pages/2023-08/page_0002.json.gz,804f6a3fa06cdcd9aa66a15a5728bdd795730c32400c6266ecc19404d72d9ed0,project_time_interval_start >= TIMESTAMP '2023-08-01 00:00:00' AND project_time_interval_start < TIMESTAMP '2023-09-01 00:00:00',2026-09-28 16:01:06 UTC
2023-09,1,0,2000,7469,pages/2023-09/page_0001.json.gz,2ca1bbc16732dbee93da3ddb1d649e65c00d599e205cac9b582a0a75c4ac9242,project_time_interval_start >= TIMESTAMP '2023-09-01 00:00:00' AND project_time_interval_start < TIMESTAMP '2023-10-01 00:00:00',2026-09-28 16:01:07 UTC
2023-09,2,2000,2000,7469,pages/2023-09/page_0002.json.gz,5a25acd85277a5790a0a075339335bb73f760113a58bbc24491b0d2e0f3171b1,project_time_interval_start >= TIMESTAMP '2023-09-01 00:00:00' AND project_time_interval_start < TIMESTAMP '2023-10-01 00:00:00',2026-09-28 16:01:08 UTC
2023-09,3,4000,2000,7469,pages/2023-09/page_0003.json.gz,132678badf38cf7679aa315c4d16bc2a22ae3b415238aa4d74d6c536e1657937,project_time_interval_start >= TIMESTAMP '2023-09-01 00:00:00' AND project_time_interval_start < TIMESTAMP '2023-10-01 00:00:00',2026-09-28 16:01:08 UTC
2023-09,4,6000,1469,7469,pages/2023-09/page_0004.json.gz,4b2f6dc375a246118a41e3d5ca6ade4e7c89fff9639ebfbfdc445c707357157f,project_time_interval_start >= TIMESTAMP '2023-09-01 00:00:00' AND project_time_interval_start < TIMESTAMP '2023-10-01 00:00:00',2026-09-28 16:01:09 UTC
2023-10,1,0,2000,9002,pages/2023-10/page_0001.json.gz,985423403657331761a3fcdbda82aae1103748ce7333f5a4edbbb7ca6be4495e,project_time_interval_start >= TIMESTAMP '2023-10-01 00:00:00' AND project_time_interval_start < TIMESTAMP '2023-11-01 00:00:00',2026-09-28 16:01:09 UTC
2023-10,2,2000,2000,9002,pages/2023-10/page_0002.json.gz,ace50cea7a39ceb7f5e7630e4cec83c283fb3068e4ef98014b4c8a23bd2c7dd7,project_time_interval_start >= TIMESTAMP '2023-10-01 00:00:00' AND project_time_interval_start < TIMESTAMP '2023-11-01 00:00:00',2026-09-28 16:01:10 UTC
2023-10,3,4000,2000,9002,pages/2023-10/page_0003.json.gz,1ff9d2f11df6ec506d63670454d6a98ecc17291f10683d4c913d7c75358763a3,project_time_interval_start >= TIMESTAMP '2023-10-01 00:00:00' AND project_time_interval_start < TIMESTAMP '2023-11-01 00:00:00',2026-09-28 16:01:10 UTC
2023-10,4,6000,2000,9002,pages/2023-10/page_0004.json.gz,4d2166a83b9f129313249883d3b28e8c8191a1d367ea8e4115756d565a4cfc32,project_time_interval_start >= TIMESTAMP '2023-10-01 00:00:00' AND project_time_interval_start < TIMESTAMP '2023-11-01 00:00:00',2026-09-28 16:01:11 UTC
2023-10,5,8000,1002,9002,pages/2023-10/page_0005.json.gz,d26113fb742b12cec9cd2a5e392fdae20554da570b388d9ded7ba3f2369b66ce,project_time_interval_start >= TIMESTAMP '2023-10-01 00:00:00' AND project_time_interval_start < TIMESTAMP '2023-11-01 00:00:00',2026-09-28 16:01:11 UTC
2023-11,1,0,2000,12814,pages/2023-11/page_0001.json.gz,917f0382db81073302a1fd128458701044f8a18d1edecd1c6c6f23a225f38f00,project_time_interval_start >= TIMESTAMP '2023-11-01 00:00:00' AND project_time_interval_start < TIMESTAMP '2023-12-01 00:00:00',2026-09-28 16:01:12 UTC
2023-11,2,2000,2000,12814,pages/2023-11/page_0002.json.gz,f2c551763fabbe79639acfe8bc9fb8b3b7d645850ff38041ea6f768250db25e7,project_time_interval_start >= TIMESTAMP '2023-11-01 00:00:00' AND project_time_interval_start < TIMESTAMP '2023-12-01 00:00:00',2026-09-28 16:01:13 UTC
2023-11,3,4000,2000,12814,pages/2023-11/page_0003.json.gz,d683fdbd6c0c2e2105e2fd3e3bd20451c3bc589b981adba1d42432bf181a10b4,project_time_interval_start >= TIMESTAMP '2023-11-01 00:00:00' AND project_time_interval_start < TIMESTAMP '2023-12-01 00:00:00',2026-09-28 16:01:13 UTC
2023-11,4,6000,2000,12814,pages/2023-11/page_0004.json.gz,68fcefa597361c9aed0cda57b9e4ff474c5a707c3805e73e57e6bb38f66ea879,project_time_interval_start >= TIMESTAMP '2023-11-01 00:00:00' AND project_time_interval_start < TIMESTAMP '2023-12-01 00:00:00',2026-09-28 16:01:14 UTC
2023-11,5,8000,2000,12814,pages/2023-11/page_0005.json.gz,128e5611edd018f62ba72fe4854040de13afa93f1f995cef1c25bb774a1cc13b,project_time_interval_start >= TIMESTAMP '2023-11-01 00:00:00' AND project_time_interval_start < TIMESTAMP '2023-12-01 00:00:00',2026-09-28 16:01:14 UTC
2023-11,6,10000,2000,12814,pages/2023-11/page_0006.json.gz,ee5fb8491643ede9e970ffbcfdebf9ae71d1dbc6d22526037431b00a087fff36,project_time_interval_start >= TIMESTAMP '2023-11-01 00:00:00' AND project_time_interval_start < TIMESTAMP '2023-12-01 00:00:00',2026-09-28 16:01:15 UTC
2023-11,7,12000,814,12814,pages/2023-11/page_0007.json.gz,97b67e948428f2b9c247b70c68081b5be4cbdd4926519bdf880120a52568101f,project_time_interval_start >= TIMESTAMP '2023-11-01 00:00:00' AND project_time_interval_start < TIMESTAMP '2023-12-01 00:00:00',2026-09-28 16:01:16 UTC
2023-12,1,0,2000,11843,pages/2023-12/page_0001.json.gz,9d4b5ab982b04d6a438cc8722a5bb5b3bd3336aa51efceea39694e032bbfdba0,project_time_interval_start >= TIMESTAMP '2023-12-01 00:00:00' AND project_time_interval_start < TIMESTAMP '2024-01-01 00:00:00',2026-09-28 16:01:16 UTC
2023-12,2,2000,2000,11843,pages/2023-12/page_0002.json.gz,efff3136d11a63313385aa471c8dc922ee87f88e02a35296d291ae5f838a5cc9,project_time_interval_start >= TIMESTAMP '2023-12-01 00:00:00' AND project_time_interval_start < TIMESTAMP '2024-01-01 00:00:00',2026-09-28 16:01:17 UTC
2023-12,3,4000,2000,11843,pages/2023-12/page_0003.json.gz,48c34370a5475f5f9f80dc81bd9024f94353eef99d724fe06b2d3e1bcf069cd1,project_time_interval_start >= TIMESTAMP '2023-12-01 00:00:00' AND project_time_interval_start < TIMESTAMP '2024-01-01 00:00:00',2026-09-28 16:01:18 UTC
2023-12,4,6000,2000,11843,pages/2023-12/page_0004.json.gz,269a20241082d1715ab7835c64b8f4d27a324322093adb4468659e14b56a2abf,project_time_interval_start >= TIMESTAMP '2023-12-01 00:00:00' AND project_time_interval_start < TIMESTAMP '2024-01-01 00:00:00',2026-09-28 16:01:18 UTC
2023-12,5,8000,2000,11843,pages/2023-12/page_0005.json.gz,28112b08517e26bc435e5e7367132b53f1cb6b3577931adf5a46d295e8ede678,project_time_interval_start >= TIMESTAMP '2023-12-01 00:00:00' AND project_time_interval_start < TIMESTAMP '2024-01-01 00:00:00',2026-09-28 16:01:19 UTC
2023-12,6,10000,1843,11843,pages/2023-12/page_0006.json.gz,1e0354c0ef8ed7fe3c13c592a0396ab3fda7568028cb069f0a710997e59e61f3,project_time_interval_start >= TIMESTAMP '2023-12-01 00:00:00' AND project_time_interval_start < TIMESTAMP '2024-01-01 00:00:00',2026-09-28 16:01:20 UTC
2024-01,1,0,2000,12091,pages/2024-01/page_0001.json.gz,996600d5336383c2f5be953a962c1baaa8cf22a7fce10c8e1927806b87a63002,project_time_interval_start >= TIMESTAMP '2024-01-01 00:00:00' AND project_time_interval_start < TIMESTAMP '2024-02-01 00:00:00',2026-09-28 16:01:21 UTC
2024-01,2,2000,2000,12091,pages/2024-01/page_0002.json.gz,6ca236ab6a1e5c7a6d718e3f7f60c99989eb9a5611789960ca007e57f6565aeb,project_time_interval_start >= TIMESTAMP '2024-01-01 00:00:00' AND project_time_interval_start < TIMESTAMP '2024-02-01 00:00:00',2026-09-28 16:01:21 UTC
2024-01,3,4000,2000,12091,pages/2024-01/page_0003.json.gz,07938b107866d4ce62b7e416cea0a73c7536119d61756a5a47643e60f6ed800e,project_time_interval_start >= TIMESTAMP '2024-01-01 00:00:00' AND project_time_interval_start < TIMESTAMP '2024-02-01 00:00:00',2026-09-28 16:01:22 UTC
2024-01,4,6000,2000,12091,pages/2024-01/page_0004.json.gz,4d7c62e19a7b0c0e81a118a21bcc17354d22c87c7010e2cb7a4325aba88eeadd,project_time_interval_start >= TIMESTAMP '2024-01-01 00:00:00' AND project_time_interval_start < TIMESTAMP '2024-02-01 00:00:00',2026-09-28 16:01:22 UTC
2024-01,5,8000,2000,12091,pages/2024-01/page_0005.json.gz,761a4141dc92e8f221458a1567ca463eef8ad7ec558b6885e8699816c1385969,project_time_interval_start >= TIMESTAMP '2024-01-01 00:00:00' AND project_time_interval_start < TIMESTAMP '2024-02-01 00:00:00',2026-09-28 16:01:23 UTC
2024-01,6,10000,2000,12091,pages/2024-01/page_0006.json.gz,664394fea31945f3411e367ab55ae643fa60e6695aca951c4c31cd9cf60e63af,project_time_interval_start >= TIMESTAMP '2024-01-01 00:00:00' AND project_time_interval_start < TIMESTAMP '2024-02-01 00:00:00',2026-09-28 16:01:23 UTC
2024-01,7,12000,91,12091,pages/2024-01/page_0007.json.gz,83678e4a3600f418ae07be6e39836c056ad102c5af7668ce3fab3bc3c8cdf3db,project_time_interval_start >= TIMESTAMP '2024-01-01 00:00:00' AND project_time_interval_start < TIMESTAMP '2024-02-01 00:00:00',2026-09-28 16:01:24 UTC
2024-02,1,0,2000,11540,pages/2024-02/page_0001.json.gz,ff7f3e66cd801f63b672ed5b026f456462d89c2d8851d7b4b6390b7160fc88a1,project_time_interval_start >= TIMESTAMP '2024-02-01 00:00:00' AND project_time_interval_start < TIMESTAMP '2024-03-01 00:00:00',2026-09-28 16:01:24 UTC
2024-02,2,2000,2000,11540,pages/2024-02/page_0002.json.gz,a8b39d06b3923c471f327f329d28a5cd47947618671be3dfa9ec5f650f96c2e1,project_time_interval_start >= TIMESTAMP '2024-02-01 00:00:00' AND project_time_interval_start < TIMESTAMP '2024-03-01 00:00:00',2026-09-28 16:01:25 UTC
2024-02,3,4000,2000,11540,pages/2024-02/page_0003.json.gz,0d6a7978f5eed598f39c0d8e63f69d0ff27f3fb18627f73deebcadd4a430e078,project_time_interval_start >= TIMESTAMP '2024-02-01 00:00:00' AND project_time_interval_start < TIMESTAMP '2024-03-01 00:00:00',2026-09-28 16:01:26 UTC
2024-02,4,6000,2000,11540,pages/2024-02/page_0004.json.gz,832e9ab979b8f82f49580f60b3f01303ecd2ed000d7d99be430fd87da02855fd,project_time_interval_start >= TIMESTAMP '2024-02-01 00:00:00' AND project_time_interval_start < TIMESTAMP '2024-03-01 00:00:00',2026-09-28 16:01:26 UTC
2024-02,5,8000,2000,11540,pages/2024-02/page_0005.json.gz,f253d6b93991ef55fe858d862df6e2f5f4b37e949df2f1ace37d77a5b69c4d28,project_time_interval_start >= TIMESTAMP '2024-02-01 00:00:00' AND project_time_interval_start < TIMESTAMP '2024-03-01 00:00:00',2026-09-28 16:01:27 UTC
2024-02,6,10000,1540,11540,pages/2024-02/page_0006.json.gz,6b83b581c8f036c37c64d8c9e903bac6b55a3f48c51684685b2914e1392dd238,project_time_interval_start >= TIMESTAMP '2024-02-01 00:00:00' AND project_time_interval_start < TIMESTAMP '2024-03-01 00:00:00',2026-09-28 16:01:27 UTC
2024-03,1,0,2000,15606,pages/2024-03/page_0001.json.gz,84aec376a7ca711631e5fc3d15df483ea8982241ef459206d2ddb5c999f530a6,project_time_interval_start >= TIMESTAMP '2024-03-01 00:00:00' AND project_time_interval_start < TIMESTAMP '2024-04-01 00:00:00',2026-09-28 16:01:28 UTC
2024-03,2,2000,2000,15606,pages/2024-03/page_0002.json.gz,50e7530a0713cf19c603c8c2e3a472dc55af78aa7baab7c3bdb2e6d6322b39ba,project_time_interval_start >= TIMESTAMP '2024-03-01 00:00:00' AND project_time_interval_start < TIMESTAMP '2024-04-01 00:00:00',2026-09-28 16:01:29 UTC
2024-03,3,4000,2000,15606,pages/2024-03/page_0003.json.gz,2c6443ed407956cc2d9d8ce9c94c17610fe5f4362a9e182831d3590020c09c92,project_time_interval_start >= TIMESTAMP '2024-03-01 00:00:00' AND project_time_interval_start < TIMESTAMP '2024-04-01 00:00:00',2026-09-28 16:01:29 UTC
2024-03,4,6000,2000,15606,pages/2024-03/page_0004.json.gz,f7e73a1cce2b6ff0b8c50b3a060b649d206432ef115c6b8be0be53e7bf7ee9f6,project_time_interval_start >= TIMESTAMP '2024-03-01 00:00:00' AND project_time_interval_start < TIMESTAMP '2024-04-01 00:00:00',2026-09-28 16:01:30 UTC
2024-03,5,8000,2000,15606,pages/2024-03/page_0005.json.gz,1ae67e62e019da030d0af5c7613f056652905200ac08edb8eec00022e8ea822a,project_time_interval_start >= TIMESTAMP '2024-03-01 00:00:00' AND project_time_interval_start < TIMESTAMP '2024-04-01 00:00:00',2026-09-28 16:01:30 UTC
2024-03,6,10000,2000,15606,pages/2024-03/page_0006.json.gz,b52a47d16b1f48f03c7f457c64809bd2e02b6ee180d3aeac3a12c9e00aaddfdf,project_time_interval_start >= TIMESTAMP '2024-03-01 00:00:00' AND project_time_interval_start < TIMESTAMP '2024-04-01 00:00:00',2026-09-28 16:01:31 UTC
2024-03,7,12000,2000,15606,pages/2024-03/page_0007.json.gz,47af97ef3fc6d0750349e633f5a7224f16f071ab1557b2bceef4fbeae63c738e,project_time_interval_start >= TIMESTAMP '2024-03-01 00:00:00' AND project_time_interval_start < TIMESTAMP '2024-04-01 00:00:00',2026-09-28 16:01:32 UTC
2024-03,8,14000,1606,15606,pages/2024-03/page_0008.json.gz,abd941298e8a42d31ef809c420002f4fd31334503f6fc0f5beee8814afa5875b,project_time_interval_start >= TIMESTAMP '2024-03-01 00:00:00' AND project_time_interval_start < TIMESTAMP '2024-04-01 00:00:00',2026-09-28 16:01:33 UTC
2024-04,1,0,2000,14546,pages/2024-04/page_0001.json.gz,5ba08e8e88a134f099be385064055d66e409a6a11257625122bf397c80e014f3,project_time_interval_start >= TIMESTAMP '2024-04-01 00:00:00' AND project_time_interval_start < TIMESTAMP '2024-05-01 00:00:00',2026-09-28 16:01:33 UTC
2024-04,2,2000,2000,14546,pages/2024-04/page_0002.json.gz,68a451646ec5f25441d32eb92d5fa9cf3944085875520b214816b19237dfbe7b,project_time_interval_start >= TIMESTAMP '2024-04-01 00:00:00' AND project_time_interval_start < TIMESTAMP '2024-05-01 00:00:00',2026-09-28 16:01:34 UTC
2024-04,3,4000,2000,14546,pages/2024-04/page_0003.json.gz,e75ef01fd5cdc1c4bbfa42f41675e3e466047c99b80c2640dd202c9222aa17bc,project_time_interval_start >= TIMESTAMP '2024-04-01 00:00:00' AND project_time_interval_start < TIMESTAMP '2024-05-01 00:00:00',2026-09-28 16:01:34 UTC
2024-04,4,6000,2000,14546,pages/2024-04/page_0004.json.gz,42a975feb6a204a4b1d42f0225506ba807834506eda9059037833a13c367bad3,project_time_interval_start >= TIMESTAMP '2024-04-01 00:00:00' AND project_time_interval_start < TIMESTAMP '2024-05-01 00:00:00',2026-09-28 16:01:35 UTC
2024-04,5,8000,2000,14546,pages/2024-04/page_0005.json.gz,2dba299a8b0a9cfbfed387c06ba7c9a1baf897f2f9a44cacac058df8dbc2e8eb,project_time_interval_start >= TIMESTAMP '2024-04-01 00:00:00' AND project_time_interval_start < TIMESTAMP '2024-05-01 00:00:00',2026-09-28 16:01:36 UTC
2024-04,6,10000,2000,14546,pages/2024-04/page_0006.json.gz,4acc2b49ab252c4ee80c1183d55f195e43adefd399101c24bdedd55f7ccba730,project_time_interval_start >= TIMESTAMP '2024-04-01 00:00:00' AND project_time_interval_start < TIMESTAMP '2024-05-01 00:00:00',2026-09-28 16:01:36 UTC
2024-04,7,12000,2000,14546,pages/2024-04/page_0007.json.gz,26539e79b08485a9d1f15e33651df2dd47b35034f6e6185595534d76e2449824,project_time_interval_start >= TIMESTAMP '2024-04-01 00:00:00' AND project_time_interval_start < TIMESTAMP '2024-05-01 00:00:00',2026-09-28 16:01:37 UTC
2024-04,8,14000,546,14546,pages/2024-04/page_0008.json.gz,620bb886d61ce5f8706b93b3a4fc5bf50cf60885dff34dfa987ed22de2fc33a1,project_time_interval_start >= TIMESTAMP '2024-04-01 00:00:00' AND project_time_interval_start < TIMESTAMP '2024-05-01 00:00:00',2026-09-28 16:01:37 UTC
2024-05,1,0,2000,16096,pages/2024-05/page_0001.json.gz,ecaebac31d70b6e18731d90f701a00c8f7c1806cf820746399c4d2c962e9ae5a,project_time_interval_start >= TIMESTAMP '2024-05-01 00:00:00' AND project_time_interval_start < TIMESTAMP '2024-06-01 00:00:00',2026-09-28 16:01:38 UTC
2024-05,2,2000,2000,16096,pages/2024-05/page_0002.json.gz,d62cc16b14f294fcef512d20176920667f0e55ef6d61ccc3dff05b1d2ff33cbb,project_time_interval_start >= TIMESTAMP '2024-05-01 00:00:00' AND project_time_interval_start < TIMESTAMP '2024-06-01 00:00:00',2026-09-28 16:01:39 UTC
2024-05,3,4000,2000,16096,pages/2024-05/page_0003.json.gz,86f11ce430d926b42fb8d9dd6d0681bf39bfff1da20968608b1a17ea225a3233,project_time_interval_start >= TIMESTAMP '2024-05-01 00:00:00' AND project_time_interval_start < TIMESTAMP '2024-06-01 00:00:00',2026-09-28 16:01:39 UTC
2024-05,4,6000,2000,16096,pages/2024-05/page_0004.json.gz,e4805cfef467c1723d35981a6d25f3a94366c9de082c696a6f43a5865ad8dd37,project_time_interval_start >= TIMESTAMP '2024-05-01 00:00:00' AND project_time_interval_start < TIMESTAMP '2024-06-01 00:00:00',2026-09-28 16:01:40 UTC
2024-05,5,8000,2000,16096,pages/2024-05/page_0005.json.gz,62785eca50c63dc7ad58c845e405630141fd9ea39babaec07148b4228cd2be7c,project_time_interval_start >= TIMESTAMP '2024-05-01 00:00:00' AND project_time_interval_start < TIMESTAMP '2024-06-01 00:00:00',2026-09-28 16:01:40 UTC
2024-05,6,10000,2000,16096,pages/2024-05/page_0006.json.gz,3ded06504bf149acdba504286272e0d3ee62945aa0493869e60f6bd9be746870,project_time_interval_start >= TIMESTAMP '2024-05-01 00:00:00' AND project_time_interval_start < TIMESTAMP '2024-06-01 00:00:00',2026-09-28 16:01:41 UTC
2024-05,7,12000,2000,16096,pages/2024-05/page_0007.json.gz,8f2e17fb4edaaa167b0c39d247d4356b089811fbf90add54c9663f392432caae,project_time_interval_start >= TIMESTAMP '2024-05-01 00:00:00' AND project_time_interval_start < TIMESTAMP '2024-06-01 00:00:00',2026-09-28 16:01:42 UTC
2024-05,8,14000,2000,16096,pages/2024-05/page_0008.json.gz,cbe461ee7851ff4ccbf84bf5a323e204650761c11df94fdcd705b7f9c403da00,project_time_interval_start >= TIMESTAMP '2024-05-01 00:00:00' AND project_time_interval_start < TIMESTAMP '2024-06-01 00:00:00',2026-09-28 16:01:42 UTC
2024-05,9,16000,96,16096,pages/2024-05/page_0009.json.gz,a504d1640e4eb1f459fe7a491b602d9b879f40335964187d8f5e354f35e58669,project_time_interval_start >= TIMESTAMP '2024-05-01 00:00:00' AND project_time_interval_start < TIMESTAMP '2024-06-01 00:00:00',2026-09-28 16:01:43 UTC
2024-06,1,0,2000,14606,pages/2024-06/page_0001.json.gz,662128364aecafffc975a8228dd390dfed97b97b9f664b6058146ed9690279cb,project_time_interval_start >= TIMESTAMP '2024-06-01 00:00:00' AND project_time_interval_start < TIMESTAMP '2024-07-01 00:00:00',2026-09-28 16:01:43 UTC
2024-06,2,2000,2000,14606,pages/2024-06/page_0002.json.gz,4cbf6a193b6a51ef5fe4baf7d4dc71c368188d5ae98e32b00e73b2e80ad1382b,project_time_interval_start >= TIMESTAMP '2024-06-01 00:00:00' AND project_time_interval_start < TIMESTAMP '2024-07-01 00:00:00',2026-09-28 16:01:44 UTC
2024-06,3,4000,2000,14606,pages/2024-06/page_0003.json.gz,c2cabf1884fd058a70d23cace4db6a6e2e8282d771caed83252edcb00ab14604,project_time_interval_start >= TIMESTAMP '2024-06-01 00:00:00' AND project_time_interval_start < TIMESTAMP '2024-07-01 00:00:00',2026-09-28 16:01:45 UTC
2024-06,4,6000,2000,14606,pages/2024-06/page_0004.json.gz,37ae736da21372cd8ee0b64ccb6f26afcee77cc395a2f427fe9398e99731986d,project_time_interval_start >= TIMESTAMP '2024-06-01 00:00:00' AND project_time_interval_start < TIMESTAMP '2024-07-01 00:00:00',2026-09-28 16:01:45 UTC
2024-06,5,8000,2000,14606,pages/2024-06/page_0005.json.gz,b545cb167eea7afe3b68688272ca7ec0c3c50101487c4617b2eca7880a9a79ce,project_time_interval_start >= TIMESTAMP '2024-06-01 00:00:00' AND project_time_interval_start < TIMESTAMP '2024-07-01 00:00:00',2026-09-28 16:01:46 UTC
2024-06,6,10000,2000,14606,pages/2024-06/page_0006.json.gz,6373d0db00218045a2cf232e46bd81eb63c8604a9aa6e55874980ae020c9bd94,project_time_interval_start >= TIMESTAMP '2024-06-01 00:00:00' AND project_time_interval_start < TIMESTAMP '2024-07-01 00:00:00',2026-09-28 16:01:46 UTC
2024-06,7,12000,2000,14606,pages/2024-06/page_0007.json.gz,f48bb43531c5c5348a2390cbb5fb519d288027cbe7967ab6b6a9c0fb6992d3c6,project_time_interval_start >= TIMESTAMP '2024-06-01 00:00:00' AND project_time_interval_start < TIMESTAMP '2024-07-01 00:00:00',2026-09-28 16:01:47 UTC
2024-06,8,14000,606,14606,pages/2024-06/page_0008.json.gz,3cecbabb450b6d0ade922bf09d7d67bae2b9e25ba93ece1bf7615e965f795b41,project_time_interval_start >= TIMESTAMP '2024-06-01 00:00:00' AND project_time_interval_start < TIMESTAMP '2024-07-01 00:00:00',2026-09-28 16:01:48 UTC
2024-07,1,0,2000,45373,pages/2024-07/page_0001.json.gz,c56f7fb4a9e51b77d2f426482b6056420b0ab22badd2d23c5d41902da6887bc1,project_time_interval_start >= TIMESTAMP '2024-07-01 00:00:00' AND project_time_interval_start < TIMESTAMP '2024-08-01 00:00:00',2026-09-28 16:01:48 UTC
2024-07,2,2000,2000,45373,pages/2024-07/page_0002.json.gz,b208d4459caea02e0c5e1303fe91c49e7701931eed9d8a6acfd288152a0d5f60,project_time_interval_start >= TIMESTAMP '2024-07-01 00:00:00' AND project_time_interval_start < TIMESTAMP '2024-08-01 00:00:00',2026-09-28 16:01:49 UTC
2024-07,3,4000,2000,45373,pages/2024-07/page_0003.json.gz,bb1e6116c119d86ca73ec5af611cbcbd8a372c2d15b41ab82258468a2298a517,project_time_interval_start >= TIMESTAMP '2024-07-01 00:00:00' AND project_time_interval_start < TIMESTAMP '2024-08-01 00:00:00',2026-09-28 16:01:50 UTC
2024-07,4,6000,2000,45373,pages/2024-07/page_0004.json.gz,33e7003f1203449b13fb530d0ff41a595ca1157d20b2417f3797bd8076347658,project_time_interval_start >= TIMESTAMP '2024-07-01 00:00:00' AND project_time_interval_start < TIMESTAMP '2024-08-01 00:00:00',2026-09-28 16:01:50 UTC
2024-07,5,8000,2000,45373,pages/2024-07/page_0005.json.gz,7d71f5bce64e6cc9dd9a2c07e19cae9ac388ef454a60be6b3c8f02a83b6b6858,project_time_interval_start >= TIMESTAMP '2024-07-01 00:00:00' AND project_time_interval_start < TIMESTAMP '2024-08-01 00:00:00',2026-09-28 16:01:51 UTC
2024-07,6,10000,2000,45373,pages/2024-07/page_0006.json.gz,ec421d477d579bad3ad6878d8ada4597d627490bff48b621aeda2f09fb96cadc,project_time_interval_start >= TIMESTAMP '2024-07-01 00:00:00' AND project_time_interval_start < TIMESTAMP '2024-08-01 00:00:00',2026-09-28 16:01:51 UTC
2024-07,7,12000,2000,45373,pages/2024-07/page_0007.json.gz,a659c8cd84f89269b9789df56d23c05e0b3c8159a46aeba089e13424cae365a9,project_time_interval_start >= TIMESTAMP '2024-07-01 00:00:00' AND project_time_interval_start < TIMESTAMP '2024-08-01 00:00:00',2026-09-28 16:01:52 UTC
2024-07,8,14000,2000,45373,pages/2024-07/page_0008.json.gz,ee93dbc2d8e430997189e53f6c00366862953fd49324dd7f2325eca2c5066567,project_time_interval_start >= TIMESTAMP '2024-07-01 00:00:00' AND project_time_interval_start < TIMESTAMP '2024-08-01 00:00:00',2026-09-28 16:01:53 UTC
2024-07,9,16000,2000,45373,pages/2024-07/page_0009.json.gz,886e07749ed32b31a918868cc796cc4e19b09281258cbdebc4eedc75d18bd640,project_time_interval_start >= TIMESTAMP '2024-07-01 00:00:00' AND project_time_interval_start < TIMESTAMP '2024-08-01 00:00:00',2026-09-28 16:01:53 UTC
2024-07,10,18000,2000,45373,pages/2024-07/page_0010.json.gz,e9e0dcfb78d7afca052342e267b96e593dcd86a5f1aebdc5e0336953e6388a19,project_time_interval_start >= TIMESTAMP '2024-07-01 00:00:00' AND project_time_interval_start < TIMESTAMP '2024-08-01 00:00:00',2026-09-28 16:01:54 UTC
2024-07,11,20000,2000,45373,pages/2024-07/page_0011.json.gz,4a7c9de1216240795bc800fb5200e5940e8e38933408d3f750ff352f1474211f,project_time_interval_start >= TIMESTAMP '2024-07-01 00:00:00' AND project_time_interval_start < TIMESTAMP '2024-08-01 00:00:00',2026-09-28 16:01:54 UTC
2024-07,12,22000,2000,45373,pages/2024-07/page_0012.json.gz,402d5ad76f62ccf472074a7cd88fff9670686c00005b4f0b466fa3767a5e29da,project_time_interval_start >= TIMESTAMP '2024-07-01 00:00:00' AND project_time_interval_start < TIMESTAMP '2024-08-01 00:00:00',2026-09-28 16:01:55 UTC
2024-07,13,24000,2000,45373,pages/2024-07/page_0013.json.gz,52d8ab7f475d5fee7276ee3f4d1a9ab883f8553da7981f25ec0e27c37736b711,project_time_interval_start >= TIMESTAMP '2024-07-01 00:00:00' AND project_time_interval_start < TIMESTAMP '2024-08-01 00:00:00',2026-09-28 16:01:55 UTC
2024-07,14,26000,2000,45373,pages/2024-07/page_0014.json.gz,906423da444de8b547a214c2e4589dcf2277ac20d39e21a28fc7df2707a27062,project_time_interval_start >= TIMESTAMP '2024-07-01 00:00:00' AND project_time_interval_start < TIMESTAMP '2024-08-01 00:00:00',2026-09-28 16:01:56 UTC
2024-07,15,28000,2000,45373,pages/2024-07/page_0015.json.gz,09102ecb92b4927642ee9e9ff7cbd625f90196e99b37f56bc19b4ce1aae3dda6,project_time_interval_start >= TIMESTAMP '2024-07-01 00:00:00' AND project_time_interval_start < TIMESTAMP '2024-08-01 00:00:00',2026-09-28 16:01:56 UTC
2024-07,16,30000,2000,45373,pages/2024-07/page_0016.json.gz,3616d47a4f5a2b23ddf66eaac451499f7407451505b9e33a70c301abe4f087fd,project_time_interval_start >= TIMESTAMP '2024-07-01 00:00:00' AND project_time_interval_start < TIMESTAMP '2024-08-01 00:00:00',2026-09-28 16:01:57 UTC
2024-07,17,32000,2000,45373,pages/2024-07/page_0017.json.gz,51aaa67935a348f43e97ea74c9efee8e55514f64a2ba553d9cd81eabac50f3fd,project_time_interval_start >= TIMESTAMP '2024-07-01 00:00:00' AND project_time_interval_start < TIMESTAMP '2024-08-01 00:00:00',2026-09-28 16:01:57 UTC
2024-07,18,34000,2000,45373,pages/2024-07/page_0018.json.gz,30ae30c1c5006a8e5058b2ce4da6782de22dafe41a671e0d28af42deae58d911,project_time_interval_start >= TIMESTAMP '2024-07-01 00:00:00' AND project_time_interval_start < TIMESTAMP '2024-08-01 00:00:00',2026-09-28 16:01:58 UTC
2024-07,19,36000,2000,45373,pages/2024-07/page_0019.json.gz,55f235c03fa4b520ab9fda9c1cb65579855e267e44f1b30ab248af3e9dbcfe95,project_time_interval_start >= TIMESTAMP '2024-07-01 00:00:00' AND project_time_interval_start < TIMESTAMP '2024-08-01 00:00:00',2026-09-28 16:01:59 UTC
2024-07,20,38000,2000,45373,pages/2024-07/page_0020.json.gz,c9462a0f17ba88263d26830d72a757bbb864244c4e712be8b933b25b232b03b4,project_time_interval_start >= TIMESTAMP '2024-07-01 00:00:00' AND project_time_interval_start < TIMESTAMP '2024-08-01 00:00:00',2026-09-28 16:01:59 UTC
2024-07,21,40000,2000,45373,pages/2024-07/page_0021.json.gz,affec64d152749d05abf867ad6891f99c07386bd8a69ea742a61dbbd3cb60681,project_time_interval_start >= TIMESTAMP '2024-07-01 00:00:00' AND project_time_interval_start < TIMESTAMP '2024-08-01 00:00:00',2026-09-28 16:02:00 UTC
2024-07,22,42000,2000,45373,pages/2024-07/page_0022.json.gz,688071dff27ef92ca0a96f5c41b87893fcccfc2651edcdb1613f368345f0f8fe,project_time_interval_start >= TIMESTAMP '2024-07-01 00:00:00' AND project_time_interval_start < TIMESTAMP '2024-08-01 00:00:00',2026-09-28 16:02:00 UTC
2024-07,23,44000,1373,45373,pages/2024-07/page_0023.json.gz,7ee2b0e3cd33541c9acb489d3c0d113569ac05f8f3f05111cac844e04285d5c0,project_time_interval_start >= TIMESTAMP '2024-07-01 00:00:00' AND project_time_interval_start < TIMESTAMP '2024-08-01 00:00:00',2026-09-28 16:02:01 UTC
2024-08,1,0,2000,15409,pages/2024-08/page_0001.json.gz,a96f90abe95b7077441ce24a17c7e2dde7a2ce439ea85bc712b7a6f465e0346b,project_time_interval_start >= TIMESTAMP '2024-08-01 00:00:00' AND project_time_interval_start < TIMESTAMP '2024-09-01 00:00:00',2026-09-28 16:02:02 UTC
2024-08,2,2000,2000,15409,pages/2024-08/page_0002.json.gz,03b82f3563be95c6e281f082a6027ff0cdf0fc1b1a1f9abe6c623be367c36ce3,project_time_interval_start >= TIMESTAMP '2024-08-01 00:00:00' AND project_time_interval_start < TIMESTAMP '2024-09-01 00:00:00',2026-09-28 16:02:02 UTC
2024-08,3,4000,2000,15409,pages/2024-08/page_0003.json.gz,4de88f707be37ecfa1370eb865a4f4c67dd0a820820ec78c7812580285eb5c18,project_time_interval_start >= TIMESTAMP '2024-08-01 00:00:00' AND project_time_interval_start < TIMESTAMP '2024-09-01 00:00:00',2026-09-28 16:02:03 UTC
2024-08,4,6000,2000,15409,pages/2024-08/page_0004.json.gz,1e94480fd5711118223fe40d94412a1a47f7848a877192f82f96078e0abae682,project_time_interval_start >= TIMESTAMP '2024-08-01 00:00:00' AND project_time_interval_start < TIMESTAMP '2024-09-01 00:00:00',2026-09-28 16:02:03 UTC
2024-08,5,8000,2000,15409,pages/2024-08/page_0005.json.gz,0a5ee97d67264fa15097f36dcf08c3a819513bbd92b6d6ecaafa0711e1522d51,project_time_interval_start >= TIMESTAMP '2024-08-01 00:00:00' AND project_time_interval_start < TIMESTAMP '2024-09-01 00:00:00',2026-09-28 16:02:04 UTC
2024-08,6,10000,2000,15409,pages/2024-08/page_0006.json.gz,1981a2f4067fe62eb2537761efe63d461342c22b73f9b80916046c93809c918f,project_time_interval_start >= TIMESTAMP '2024-08-01 00:00:00' AND project_time_interval_start < TIMESTAMP '2024-09-01 00:00:00',2026-09-28 16:02:05 UTC
2024-08,7,12000,2000,15409,pages/2024-08/page_0007.json.gz,b6ca72f9c71a1e335353998f4880634f95050e6c981af2a460aa456d73a5d51e,project_time_interval_start >= TIMESTAMP '2024-08-01 00:00:00' AND project_time_interval_start < TIMESTAMP '2024-09-01 00:00:00',2026-09-28 16:02:05 UTC
2024-08,8,14000,1409,15409,pages/2024-08/page_0008.json.gz,dca2bd71904a52877ca9bbe27955ad62201efbf54340ba194e5bde94d42e5d4f,project_time_interval_start >= TIMESTAMP '2024-08-01 00:00:00' AND project_time_interval_start < TIMESTAMP '2024-09-01 00:00:00',2026-09-28 16:02:06 UTC
2024-09,1,0,2000,15064,pages/2024-09/page_0001.json.gz,25878e79937e98a0e7cd12be7142ad0df6c51d6cacbc45e854a9cf3838ab36bb,project_time_interval_start >= TIMESTAMP '2024-09-01 00:00:00' AND project_time_interval_start < TIMESTAMP '2024-10-01 00:00:00',2026-09-28 16:02:07 UTC
2024-09,2,2000,2000,15064,pages/2024-09/page_0002.json.gz,63f801ff66ec960510aec880ae4085329f434e282f8b87fd3da4165d6cd6123f,project_time_interval_start >= TIMESTAMP '2024-09-01 00:00:00' AND project_time_interval_start < TIMESTAMP '2024-10-01 00:00:00',2026-09-28 16:02:07 UTC
2024-09,3,4000,2000,15064,pages/2024-09/page_0003.json.gz,254bfcf8b24e2a8898a958f2a8a0bb62468bde94ffb009f67eae631bd1f9fd8b,project_time_interval_start >= TIMESTAMP '2024-09-01 00:00:00' AND project_time_interval_start < TIMESTAMP '2024-10-01 00:00:00',2026-09-28 16:02:08 UTC
2024-09,4,6000,2000,15064,pages/2024-09/page_0004.json.gz,a974d4c1d0573a2976e39b364ef70e12e769a41f8428901896f5b10bb65555fc,project_time_interval_start >= TIMESTAMP '2024-09-01 00:00:00' AND project_time_interval_start < TIMESTAMP '2024-10-01 00:00:00',2026-09-28 16:02:09 UTC
2024-09,5,8000,2000,15064,pages/2024-09/page_0005.json.gz,5b46b38076ca1bd40977f1c54463cf200e4d1dd43c38e8e13e472674b447e59c,project_time_interval_start >= TIMESTAMP '2024-09-01 00:00:00' AND project_time_interval_start < TIMESTAMP '2024-10-01 00:00:00',2026-09-28 16:02:09 UTC
2024-09,6,10000,2000,15064,pages/2024-09/page_0006.json.gz,f679a581c23ef77f4ef4fd437950c07308c5b44f3ba2ea55273e1337b0946f90,project_time_interval_start >= TIMESTAMP '2024-09-01 00:00:00' AND project_time_interval_start < TIMESTAMP '2024-10-01 00:00:00',2026-09-28 16:02:10 UTC
2024-09,7,12000,2000,15064,pages/2024-09/page_0007.json.gz,f3b8aadf6d3fbd4ac4a19a4df13338a26e1c40898d48806da80292c26d1ed8d4,project_time_interval_start >= TIMESTAMP '2024-09-01 00:00:00' AND project_time_interval_start < TIMESTAMP '2024-10-01 00:00:00',2026-09-28 16:02:10 UTC
2024-09,8,14000,1064,15064,pages/2024-09/page_0008.json.gz,f4d41de5d0e91c93728eb448fc20dd7ea91111a331e395889444cb3c7c9d0874,project_time_interval_start >= TIMESTAMP '2024-09-01 00:00:00' AND project_time_interval_start < TIMESTAMP '2024-10-01 00:00:00',2026-09-28 16:02:11 UTC
2024-10,1,0,2000,17506,pages/2024-10/page_0001.json.gz,ca844dfc38cce756bb54769fc508f60985c4dab45732b8908f183cf15c2f7c5e,project_time_interval_start >= TIMESTAMP '2024-10-01 00:00:00' AND project_time_interval_start < TIMESTAMP '2024-11-01 00:00:00',2026-09-28 16:02:11 UTC
2024-10,2,2000,2000,17506,pages/2024-10/page_0002.json.gz,f65619b5d78a27f601adfe9b19b3a8fe0ec83fced3ab7d640c303478e079cb24,project_time_interval_start >= TIMESTAMP '2024-10-01 00:00:00' AND project_time_interval_start < TIMESTAMP '2024-11-01 00:00:00',2026-09-28 16:02:12 UTC
2024-10,3,4000,2000,17506,pages/2024-10/page_0003.json.gz,4b1b0aa45bac80287163d9dabf97b8de0e8952a0e0079db3976ecfc624720d7b,project_time_interval_start >= TIMESTAMP '2024-10-01 00:00:00' AND project_time_interval_start < TIMESTAMP '2024-11-01 00:00:00',2026-09-28 16:02:12 UTC
2024-10,4,6000,2000,17506,pages/2024-10/page_0004.json.gz,1b0d6d99e2429c8764e095d55313850e4dd64a1b58d79106e010497bd5989955,project_time_interval_start >= TIMESTAMP '2024-10-01 00:00:00' AND project_time_interval_start < TIMESTAMP '2024-11-01 00:00:00',2026-09-28 16:02:13 UTC
2024-10,5,8000,2000,17506,pages/2024-10/page_0005.json.gz,b6eaad60df803e95a4095aa1dd6ce11b5416ee017839578b63cfe0a75bd1befc,project_time_interval_start >= TIMESTAMP '2024-10-01 00:00:00' AND project_time_interval_start < TIMESTAMP '2024-11-01 00:00:00',2026-09-28 16:02:14 UTC
2024-10,6,10000,2000,17506,pages/2024-10/page_0006.json.gz,2258b84436e73dd4cd427aa1ee4e6a6e3bce2fff1e3aa58f6913599e42dffabf,project_time_interval_start >= TIMESTAMP '2024-10-01 00:00:00' AND project_time_interval_start < TIMESTAMP '2024-11-01 00:00:00',2026-09-28 16:02:14 UTC
2024-10,7,12000,2000,17506,pages/2024-10/page_0007.json.gz,2906c1dacf7a9ea5e2a3f1289dda20db9a0c5faf7b45995bb38374d72caf9a82,project_time_interval_start >= TIMESTAMP '2024-10-01 00:00:00' AND project_time_interval_start < TIMESTAMP '2024-11-01 00:00:00',2026-09-28 16:02:15 UTC
2024-10,8,14000,2000,17506,pages/2024-10/page_0008.json.gz,9485a2ded991a24c6aa42efa60e945a90e9c329f0dcdb10eed1e1634814d6628,project_time_interval_start >= TIMESTAMP '2024-10-01 00:00:00' AND project_time_interval_start < TIMESTAMP '2024-11-01 00:00:00',2026-09-28 16:02:15 UTC
2024-10,9,16000,1506,17506,pages/2024-10/page_0009.json.gz,d17534d210e18238f68e5a6d0437937d05bab54da2abf43853d7fe654d3fb06f,project_time_interval_start >= TIMESTAMP '2024-10-01 00:00:00' AND project_time_interval_start < TIMESTAMP '2024-11-01 00:00:00',2026-09-28 16:02:16 UTC
2024-11,1,0,2000,20474,pages/2024-11/page_0001.json.gz,024f4ca75b8c8e9ffa03cb83780b3634756c4ae8ccbef8602f01548b0888bad6,project_time_interval_start >= TIMESTAMP '2024-11-01 00:00:00' AND project_time_interval_start < TIMESTAMP '2024-12-01 00:00:00',2026-09-28 16:02:17 UTC
2024-11,2,2000,2000,20474,pages/2024-11/page_0002.json.gz,8f308f7e237ca6194ba0c98d35a767344bd45373a955c86ef6c34191a4bd54c0,project_time_interval_start >= TIMESTAMP '2024-11-01 00:00:00' AND project_time_interval_start < TIMESTAMP '2024-12-01 00:00:00',2026-09-28 16:02:17 UTC
2024-11,3,4000,2000,20474,pages/2024-11/page_0003.json.gz,b078849556debce75580ef22f53929a020360c7eb3d5162244195be12a9f3da0,project_time_interval_start >= TIMESTAMP '2024-11-01 00:00:00' AND project_time_interval_start < TIMESTAMP '2024-12-01 00:00:00',2026-09-28 16:02:18 UTC
2024-11,4,6000,2000,20474,pages/2024-11/page_0004.json.gz,1876ab87b20efdc5f693fb171f38140d886bb35b354f891135b5c34b9bfc37d0,project_time_interval_start >= TIMESTAMP '2024-11-01 00:00:00' AND project_time_interval_start < TIMESTAMP '2024-12-01 00:00:00',2026-09-28 16:02:19 UTC
2024-11,5,8000,2000,20474,pages/2024-11/page_0005.json.gz,6f750d6ef4ac3600989cea4708c5f21eab4e5c1786f4159ced53a8a8943f0ee6,project_time_interval_start >= TIMESTAMP '2024-11-01 00:00:00' AND project_time_interval_start < TIMESTAMP '2024-12-01 00:00:00',2026-09-28 16:02:19 UTC
2024-11,6,10000,2000,20474,pages/2024-11/page_0006.json.gz,562de67cd00b0c51e80fda4808f64ece69121606b08d851a3580f1faecc43c1e,project_time_interval_start >= TIMESTAMP '2024-11-01 00:00:00' AND project_time_interval_start < TIMESTAMP '2024-12-01 00:00:00',2026-09-28 16:02:20 UTC
2024-11,7,12000,2000,20474,pages/2024-11/page_0007.json.gz,6100a25c7dde8e25dc3d336653e45636a312f92651fd0432c004f10e1f418963,project_time_interval_start >= TIMESTAMP '2024-11-01 00:00:00' AND project_time_interval_start < TIMESTAMP '2024-12-01 00:00:00',2026-09-28 16:02:20 UTC
2024-11,8,14000,2000,20474,pages/2024-11/page_0008.json.gz,5a19a6521d52fea9a8d4ab56a3e3f95a255c5bde55479685fef71a5928c6bd08,project_time_interval_start >= TIMESTAMP '2024-11-01 00:00:00' AND project_time_interval_start < TIMESTAMP '2024-12-01 00:00:00',2026-09-28 16:02:21 UTC
2024-11,9,16000,2000,20474,pages/2024-11/page_0009.json.gz,104f620b8652d0584ca1287ec4e2b803c95b1d41b10f9c8156438fa85ed87a42,project_time_interval_start >= TIMESTAMP '2024-11-01 00:00:00' AND project_time_interval_start < TIMESTAMP '2024-12-01 00:00:00',2026-09-28 16:02:22 UTC
2024-11,10,18000,2000,20474,pages/2024-11/page_0010.json.gz,0fb679c9c207ec7269911ac860f20459e3f330f199bd590ee81076afd5a16c76,project_time_interval_start >= TIMESTAMP '2024-11-01 00:00:00' AND project_time_interval_start < TIMESTAMP '2024-12-01 00:00:00',2026-09-28 16:02:23 UTC
2024-11,11,20000,474,20474,pages/2024-11/page_0011.json.gz,0c2dffc469fd8076fa266f1289b4f8a5004e9b74056c4294439609458d646c51,project_time_interval_start >= TIMESTAMP '2024-11-01 00:00:00' AND project_time_interval_start < TIMESTAMP '2024-12-01 00:00:00',2026-09-28 16:02:23 UTC
2024-12,1,0,2000,14789,pages/2024-12/page_0001.json.gz,35e8924592330741d217ece649fd8d7d801b693f26856f0f82fcb3b9031642c1,project_time_interval_start >= TIMESTAMP '2024-12-01 00:00:00' AND project_time_interval_start < TIMESTAMP '2025-01-01 00:00:00',2026-09-28 16:02:24 UTC
2024-12,2,2000,2000,14789,pages/2024-12/page_0002.json.gz,881c1ebcc8411494e58ae580e4e2133ea87c48696a08a62bccb70c64b5ab8d54,project_time_interval_start >= TIMESTAMP '2024-12-01 00:00:00' AND project_time_interval_start < TIMESTAMP '2025-01-01 00:00:00',2026-09-28 16:02:25 UTC
2024-12,3,4000,2000,14789,pages/2024-12/page_0003.json.gz,fb7ec7887822c0cb12832133d2d55c802ac9b1ad49fb3e33d2211b0ed916cfec,project_time_interval_start >= TIMESTAMP '2024-12-01 00:00:00' AND project_time_interval_start < TIMESTAMP '2025-01-01 00:00:00',2026-09-28 16:02:25 UTC
2024-12,4,6000,2000,14789,pages/2024-12/page_0004.json.gz,424368290836393c200c38cae101e3f27813b4e035d2923f8615667cf2326aac,project_time_interval_start >= TIMESTAMP '2024-12-01 00:00:00' AND project_time_interval_start < TIMESTAMP '2025-01-01 00:00:00',2026-09-28 16:02:26 UTC
2024-12,5,8000,2000,14789,pages/2024-12/page_0005.json.gz,7063d4b407fb65a1ebad2ec9660e68edf7b83f6c884756704f05cac650374bb4,project_time_interval_start >= TIMESTAMP '2024-12-01 00:00:00' AND project_time_interval_start < TIMESTAMP '2025-01-01 00:00:00',2026-09-28 16:02:26 UTC
2024-12,6,10000,2000,14789,pages/2024-12/page_0006.json.gz,de6bd8152af36169b4481a4c648d6754968f50bc3dbd494b00f7daba67a454d5,project_time_interval_start >= TIMESTAMP '2024-12-01 00:00:00' AND project_time_interval_start < TIMESTAMP '2025-01-01 00:00:00',2026-09-28 16:02:27 UTC
2024-12,7,12000,2000,14789,pages/2024-12/page_0007.json.gz,01013cd2cfec379664a36068898c47220fc17ef393c85fca2b8237f0405cb642,project_time_interval_start >= TIMESTAMP '2024-12-01 00:00:00' AND project_time_interval_start < TIMESTAMP '2025-01-01 00:00:00',2026-09-28 16:02:28 UTC
2024-12,8,14000,789,14789,pages/2024-12/page_0008.json.gz,28a564966fa3c1965f923a3d4b4a96407237362915d5df20c0f8c61a8a336431,project_time_interval_start >= TIMESTAMP '2024-12-01 00:00:00' AND project_time_interval_start < TIMESTAMP '2025-01-01 00:00:00',2026-09-28 16:02:28 UTC
2025-01,1,0,2000,14535,pages/2025-01/page_0001.json.gz,b05a3a0ebf04be26f72102764e71942f384a00297686311bd6b5d8006f31ccc2,project_time_interval_start >= TIMESTAMP '2025-01-01 00:00:00' AND project_time_interval_start < TIMESTAMP '2025-02-01 00:00:00',2026-09-28 16:02:29 UTC
2025-01,2,2000,2000,14535,pages/2025-01/page_0002.json.gz,db4a50aac1a461b38a429367a7bed7135dcdfed73e2ff2a1f48d161ef0678669,project_time_interval_start >= TIMESTAMP '2025-01-01 00:00:00' AND project_time_interval_start < TIMESTAMP '2025-02-01 00:00:00',2026-09-28 16:02:29 UTC
2025-01,3,4000,2000,14535,pages/2025-01/page_0003.json.gz,dfca2ec5ec831972caf065220b9699f804da6d04c85ab19a93cc1c20a24e6df7,project_time_interval_start >= TIMESTAMP '2025-01-01 00:00:00' AND project_time_interval_start < TIMESTAMP '2025-02-01 00:00:00',2026-09-28 16:02:30 UTC
2025-01,4,6000,2000,14535,pages/2025-01/page_0004.json.gz,ed0a46d0ee85ee939081f427080134f609c397a36a5d7157a31e96f39a1b0fd7,project_time_interval_start >= TIMESTAMP '2025-01-01 00:00:00' AND project_time_interval_start < TIMESTAMP '2025-02-01 00:00:00',2026-09-28 16:02:31 UTC
2025-01,5,8000,2000,14535,pages/2025-01/page_0005.json.gz,5768d91b8a9510a20969e0700072d193150cb68f9a3676af884cd96511cdd7d9,project_time_interval_start >= TIMESTAMP '2025-01-01 00:00:00' AND project_time_interval_start < TIMESTAMP '2025-02-01 00:00:00',2026-09-28 16:02:31 UTC
2025-01,6,10000,2000,14535,pages/2025-01/page_0006.json.gz,5f03a3348fdbd39d0373cc4b48ba82b8afcb7bd9830eaeea0492d48e28e0247b,project_time_interval_start >= TIMESTAMP '2025-01-01 00:00:00' AND project_time_interval_start < TIMESTAMP '2025-02-01 00:00:00',2026-09-28 16:02:32 UTC
2025-01,7,12000,2000,14535,pages/2025-01/page_0007.json.gz,666fd61eaf185e47bd0be1d23eea23a4331f6b71e092ced0bff7848826c891e7,project_time_interval_start >= TIMESTAMP '2025-01-01 00:00:00' AND project_time_interval_start < TIMESTAMP '2025-02-01 00:00:00',2026-09-28 16:02:33 UTC
2025-01,8,14000,535,14535,pages/2025-01/page_0008.json.gz,af452835a9759485995af78757e7297b184eb38aad331a91bfee353f9404ed55,project_time_interval_start >= TIMESTAMP '2025-01-01 00:00:00' AND project_time_interval_start < TIMESTAMP '2025-02-01 00:00:00',2026-09-28 16:02:33 UTC
2025-02,1,0,2000,13652,pages/2025-02/page_0001.json.gz,360db93fc33b265cc9b460cc5c260a237fe132716bba6a04beb6761c21e5e6ab,project_time_interval_start >= TIMESTAMP '2025-02-01 00:00:00' AND project_time_interval_start < TIMESTAMP '2025-03-01 00:00:00',2026-09-28 16:02:34 UTC
2025-02,2,2000,2000,13652,pages/2025-02/page_0002.json.gz,917abab2fffc89015cceebe46b57bbb668180eb410c9af560d2c74b9308fecb1,project_time_interval_start >= TIMESTAMP '2025-02-01 00:00:00' AND project_time_interval_start < TIMESTAMP '2025-03-01 00:00:00',2026-09-28 16:02:34 UTC
2025-02,3,4000,2000,13652,pages/2025-02/page_0003.json.gz,63c31f3e2237d65d0fd023ace9eb676ddfd1527c46b1857891b56de30035aa45,project_time_interval_start >= TIMESTAMP '2025-02-01 00:00:00' AND project_time_interval_start < TIMESTAMP '2025-03-01 00:00:00',2026-09-28 16:02:35 UTC
2025-02,4,6000,2000,13652,pages/2025-02/page_0004.json.gz,421392e7a4a12a81b3f8dd85e2e4848c0f5cf9389b075d832150083333a44252,project_time_interval_start >= TIMESTAMP '2025-02-01 00:00:00' AND project_time_interval_start < TIMESTAMP '2025-03-01 00:00:00',2026-09-28 16:02:36 UTC
2025-02,5,8000,2000,13652,pages/2025-02/page_0005.json.gz,bf1fc24788a90d4518d007ec443d8e2b46ca8d1ac1e9035f63771ec7604c8c4a,project_time_interval_start >= TIMESTAMP '2025-02-01 00:00:00' AND project_time_interval_start < TIMESTAMP '2025-03-01 00:00:00',2026-09-28 16:02:36 UTC
2025-02,6,10000,2000,13652,pages/2025-02/page_0006.json.gz,1032e87203abb95e5c67bc5e1f048e596c28fa64f55301dd77c8144fc26f818d,project_time_interval_start >= TIMESTAMP '2025-02-01 00:00:00' AND project_time_interval_start < TIMESTAMP '2025-03-01 00:00:00',2026-09-28 16:02:37 UTC
2025-02,7,12000,1652,13652,pages/2025-02/page_0007.json.gz,0bec495bec402f0b0a5d9d61a7e867c12c31a3ab57d924e04a88752a6baa09cb,project_time_interval_start >= TIMESTAMP '2025-02-01 00:00:00' AND project_time_interval_start < TIMESTAMP '2025-03-01 00:00:00',2026-09-28 16:02:38 UTC
2025-03,1,0,2000,18644,pages/2025-03/page_0001.json.gz,daec1de3930f23a163f16e1e76fc36f99d3b316579aa97c407234ed708532a32,project_time_interval_start >= TIMESTAMP '2025-03-01 00:00:00' AND project_time_interval_start < TIMESTAMP '2025-04-01 00:00:00',2026-09-28 16:02:38 UTC
2025-03,2,2000,2000,18644,pages/2025-03/page_0002.json.gz,31febca71dc15ec88aea45541553441adfed6349d603751b8378c2460f7c33a2,project_time_interval_start >= TIMESTAMP '2025-03-01 00:00:00' AND project_time_interval_start < TIMESTAMP '2025-04-01 00:00:00',2026-09-28 16:02:39 UTC
2025-03,3,4000,2000,18644,pages/2025-03/page_0003.json.gz,538d3fd8b0d5e5d948c24d12df9476ee5ed5d1715a5ac6ba689c9d4986121790,project_time_interval_start >= TIMESTAMP '2025-03-01 00:00:00' AND project_time_interval_start < TIMESTAMP '2025-04-01 00:00:00',2026-09-28 16:02:40 UTC
2025-03,4,6000,2000,18644,pages/2025-03/page_0004.json.gz,6efa36f79e3c845c209127c804d46a4a3ff16ebd98554085d074335050f25737,project_time_interval_start >= TIMESTAMP '2025-03-01 00:00:00' AND project_time_interval_start < TIMESTAMP '2025-04-01 00:00:00',2026-09-28 16:02:40 UTC
2025-03,5,8000,2000,18644,pages/2025-03/page_0005.json.gz,8002dfa79415cd58a022dbe9ff5bbc966b504ffa8c5caaab791a8eed1afd341b,project_time_interval_start >= TIMESTAMP '2025-03-01 00:00:00' AND project_time_interval_start < TIMESTAMP '2025-04-01 00:00:00',2026-09-28 16:02:41 UTC
2025-03,6,10000,2000,18644,pages/2025-03/page_0006.json.gz,fcd3e9ac7a34109c6af464de432bd4e675500b19798cc4aa3a47f44568b2e8ae,project_time_interval_start >= TIMESTAMP '2025-03-01 00:00:00' AND project_time_interval_start < TIMESTAMP '2025-04-01 00:00:00',2026-09-28 16:02:41 UTC
2025-03,7,12000,2000,18644,pages/2025-03/page_0007.json.gz,0a6f041c9360487a62598e0531583a6bd2d057d681cd528621e162b9f4cfc9ce,project_time_interval_start >= TIMESTAMP '2025-03-01 00:00:00' AND project_time_interval_start < TIMESTAMP '2025-04-01 00:00:00',2026-09-28 16:02:42 UTC
2025-03,8,14000,2000,18644,pages/2025-03/page_0008.json.gz,ee7bf0d1ae11a89a185329bd789dc183f59cdd03af8c06df646e864e7f8b374e,project_time_interval_start >= TIMESTAMP '2025-03-01 00:00:00' AND project_time_interval_start < TIMESTAMP '2025-04-01 00:00:00',2026-09-28 16:02:43 UTC
2025-03,9,16000,2000,18644,pages/2025-03/page_0009.json.gz,b1e017ff0e718a8ade1d13574af42b010ba5f6ac77bf6c66acd08ea34b655136,project_time_interval_start >= TIMESTAMP '2025-03-01 00:00:00' AND project_time_interval_start < TIMESTAMP '2025-04-01 00:00:00',2026-09-28 16:02:44 UTC
2025-03,10,18000,644,18644,pages/2025-03/page_0010.json.gz,0a21a0fcba5e597e00a9ec779fa86bc707863046c1ffe3d1ce854b1f6bf5a047,project_time_interval_start >= TIMESTAMP '2025-03-01 00:00:00' AND project_time_interval_start < TIMESTAMP '2025-04-01 00:00:00',2026-09-28 16:02:45 UTC
2025-04,1,0,2000,14443,pages/2025-04/page_0001.json.gz,e26ae490c02a35b0202fbdbebcb01a045d3a72df2bab024aa8ebd7776a9d1171,project_time_interval_start >= TIMESTAMP '2025-04-01 00:00:00' AND project_time_interval_start < TIMESTAMP '2025-05-01 00:00:00',2026-09-28 16:02:45 UTC
2025-04,2,2000,2000,14443,pages/2025-04/page_0002.json.gz,981ae0a52a970f5d47f219cfb82459ca5eea44f1526fe6e0cb06ab50f09f0a03,project_time_interval_start >= TIMESTAMP '2025-04-01 00:00:00' AND project_time_interval_start < TIMESTAMP '2025-05-01 00:00:00',2026-09-28 16:02:46 UTC
2025-04,3,4000,2000,14443,pages/2025-04/page_0003.json.gz,7108150fd41f970df89834b6f7305cc047987d04fb7b77413e1cd3beb7d7c1e6,project_time_interval_start >= TIMESTAMP '2025-04-01 00:00:00' AND project_time_interval_start < TIMESTAMP '2025-05-01 00:00:00',2026-09-28 16:02:47 UTC
2025-04,4,6000,2000,14443,pages/2025-04/page_0004.json.gz,c0e8d8d30f48bb36c204a53b0f739ea4309b19bd5cbee1fd34cbded433c5caa9,project_time_interval_start >= TIMESTAMP '2025-04-01 00:00:00' AND project_time_interval_start < TIMESTAMP '2025-05-01 00:00:00',2026-09-28 16:02:47 UTC
2025-04,5,8000,2000,14443,pages/2025-04/page_0005.json.gz,047d76a0edb201584ca07ca503b68fef0d45bc6e851225bfe22c76e1c42bf460,project_time_interval_start >= TIMESTAMP '2025-04-01 00:00:00' AND project_time_interval_start < TIMESTAMP '2025-05-01 00:00:00',2026-09-28 16:02:48 UTC
2025-04,6,10000,2000,14443,pages/2025-04/page_0006.json.gz,5320237e78affe7c87d97621cf952637ddd4d60edfddebe3cec75b2f61fe0713,project_time_interval_start >= TIMESTAMP '2025-04-01 00:00:00' AND project_time_interval_start < TIMESTAMP '2025-05-01 00:00:00',2026-09-28 16:02:49 UTC
2025-04,7,12000,2000,14443,pages/2025-04/page_0007.json.gz,e5dbed1094ffe5408aeb0fd760e96b8eb76d4aaae8d24fee7116bf7046fae3f2,project_time_interval_start >= TIMESTAMP '2025-04-01 00:00:00' AND project_time_interval_start < TIMESTAMP '2025-05-01 00:00:00',2026-09-28 16:02:50 UTC
2025-04,8,14000,443,14443,pages/2025-04/page_0008.json.gz,fed2eac90ea8be4a0027b4fbf5c011c92b2cd17449b42ff69c5fdd710b5887a8,project_time_interval_start >= TIMESTAMP '2025-04-01 00:00:00' AND project_time_interval_start < TIMESTAMP '2025-05-01 00:00:00',2026-09-28 16:02:50 UTC
2025-05,1,0,2000,13805,pages/2025-05/page_0001.json.gz,711d078da9b38484bde6da12de1eb52a9e35f0e188fab44e4d5a4d89f73b7afc,project_time_interval_start >= TIMESTAMP '2025-05-01 00:00:00' AND project_time_interval_start < TIMESTAMP '2025-06-01 00:00:00',2026-09-28 16:02:51 UTC
2025-05,2,2000,2000,13805,pages/2025-05/page_0002.json.gz,6d649d8ebe523f27bb9e0e3dd8b6e379c1ed9412ed61964c31df6a9d07446d7f,project_time_interval_start >= TIMESTAMP '2025-05-01 00:00:00' AND project_time_interval_start < TIMESTAMP '2025-06-01 00:00:00',2026-09-28 16:02:52 UTC
2025-05,3,4000,2000,13805,pages/2025-05/page_0003.json.gz,769d38c36717a8c48a5edbe3cca4bd5295887225a4c9ca83ceeee2b7e607168a,project_time_interval_start >= TIMESTAMP '2025-05-01 00:00:00' AND project_time_interval_start < TIMESTAMP '2025-06-01 00:00:00',2026-09-28 16:02:52 UTC
2025-05,4,6000,2000,13805,pages/2025-05/page_0004.json.gz,53244ecc31f47980bfbce49e00ad8bf4617f4049bf066ded3c1db46f239d0d9b,project_time_interval_start >= TIMESTAMP '2025-05-01 00:00:00' AND project_time_interval_start < TIMESTAMP '2025-06-01 00:00:00',2026-09-28 16:02:53 UTC
2025-05,5,8000,2000,13805,pages/2025-05/page_0005.json.gz,8ac7365925a503a4b53a1b9695c2216a6a2918cf3f19ad28eb0e0fa2ec2b29e7,project_time_interval_start >= TIMESTAMP '2025-05-01 00:00:00' AND project_time_interval_start < TIMESTAMP '2025-06-01 00:00:00',2026-09-28 16:02:54 UTC
2025-05,6,10000,2000,13805,pages/2025-05/page_0006.json.gz,d4c27e293aea128e61e0414a9ae06361a756ded6ffc965967ac6eab0864f7c39,project_time_interval_start >= TIMESTAMP '2025-05-01 00:00:00' AND project_time_interval_start < TIMESTAMP '2025-06-01 00:00:00',2026-09-28 16:02:54 UTC
2025-05,7,12000,1805,13805,pages/2025-05/page_0007.json.gz,684f7a4f027d6d799953ba580503c84f341828f4258dbdd5791a91eb829eb7ad,project_time_interval_start >= TIMESTAMP '2025-05-01 00:00:00' AND project_time_interval_start < TIMESTAMP '2025-06-01 00:00:00',2026-09-28 16:02:55 UTC
2025-06,1,0,2000,13877,pages/2025-06/page_0001.json.gz,4ea40ffc9bb53d263f52a643a4ee9125a0999aa6c31a72189728342e9a405558,project_time_interval_start >= TIMESTAMP '2025-06-01 00:00:00' AND project_time_interval_start < TIMESTAMP '2025-07-01 00:00:00',2026-09-28 16:02:56 UTC
2025-06,2,2000,2000,13877,pages/2025-06/page_0002.json.gz,95b7f0a2d263f118c4387caab3cc1dacc18520820a8abeaee1bce5f9a40a8432,project_time_interval_start >= TIMESTAMP '2025-06-01 00:00:00' AND project_time_interval_start < TIMESTAMP '2025-07-01 00:00:00',2026-09-28 16:02:56 UTC
2025-06,3,4000,2000,13877,pages/2025-06/page_0003.json.gz,1fbec4b5a545513ee644280566db38b04a45f9e4606722e0b5f998c8980b0568,project_time_interval_start >= TIMESTAMP '2025-06-01 00:00:00' AND project_time_interval_start < TIMESTAMP '2025-07-01 00:00:00',2026-09-28 16:02:57 UTC
2025-06,4,6000,2000,13877,pages/2025-06/page_0004.json.gz,4bf5b7f3bc5e8eccef9848db15e5a79a542d6efc7f5d00a08216d05c2e02b2f3,project_time_interval_start >= TIMESTAMP '2025-06-01 00:00:00' AND project_time_interval_start < TIMESTAMP '2025-07-01 00:00:00',2026-09-28 16:02:58 UTC
2025-06,5,8000,2000,13877,pages/2025-06/page_0005.json.gz,87e08fb99111307a1c107ec79a9eb88c0b41fd69a519bcb1d3eee5384135f32b,project_time_interval_start >= TIMESTAMP '2025-06-01 00:00:00' AND project_time_interval_start < TIMESTAMP '2025-07-01 00:00:00',2026-09-28 16:02:58 UTC
2025-06,6,10000,2000,13877,pages/2025-06/page_0006.json.gz,9ebd09fe5489ac929514732d51b787e2a845e1041f120cc2f521b8deb8baa415,project_time_interval_start >= TIMESTAMP '2025-06-01 00:00:00' AND project_time_interval_start < TIMESTAMP '2025-07-01 00:00:00',2026-09-28 16:02:59 UTC
2025-06,7,12000,1877,13877,pages/2025-06/page_0007.json.gz,aa893c69a0ca600a4a802a99201fd9b6432fb1fe0be96bc7638c368ce4378977,project_time_interval_start >= TIMESTAMP '2025-06-01 00:00:00' AND project_time_interval_start < TIMESTAMP '2025-07-01 00:00:00',2026-09-28 16:03:00 UTC
2025-07,1,0,2000,15164,pages/2025-07/page_0001.json.gz,03080f5d15cf2d7b815297a14fe89abb811cef4397505acb7d6709489664556e,project_time_interval_start >= TIMESTAMP '2025-07-01 00:00:00' AND project_time_interval_start < TIMESTAMP '2025-08-01 00:00:00',2026-09-28 16:03:01 UTC
2025-07,2,2000,2000,15164,pages/2025-07/page_0002.json.gz,a120324bcacb05a93a51c3684d998b62d7d2343b9e169f5f2305d3dae9fbb7a7,project_time_interval_start >= TIMESTAMP '2025-07-01 00:00:00' AND project_time_interval_start < TIMESTAMP '2025-08-01 00:00:00',2026-09-28 16:03:01 UTC
2025-07,3,4000,2000,15164,pages/2025-07/page_0003.json.gz,8e71e0dd4004b84b77db91568d0a132028ddcb91489f69b55b89fa9b5b2f3e17,project_time_interval_start >= TIMESTAMP '2025-07-01 00:00:00' AND project_time_interval_start < TIMESTAMP '2025-08-01 00:00:00',2026-09-28 16:03:02 UTC
2025-07,4,6000,2000,15164,pages/2025-07/page_0004.json.gz,e2cfa9db8f557e25694720df123665a5a4c3c698a6ef4be115f1e9fb826c3912,project_time_interval_start >= TIMESTAMP '2025-07-01 00:00:00' AND project_time_interval_start < TIMESTAMP '2025-08-01 00:00:00',2026-09-28 16:03:02 UTC
2025-07,5,8000,2000,15164,pages/2025-07/page_0005.json.gz,56de0538ff21bbeb1728890586f4c08428c3809d583d1efb7bf165451d4967a5,project_time_interval_start >= TIMESTAMP '2025-07-01 00:00:00' AND project_time_interval_start < TIMESTAMP '2025-08-01 00:00:00',2026-09-28 16:03:03 UTC
2025-07,6,10000,2000,15164,pages/2025-07/page_0006.json.gz,8f865c1d039696c8707a0bdc8467f95f2765594b57197e17a606bd4a5a02c97c,project_time_interval_start >= TIMESTAMP '2025-07-01 00:00:00' AND project_time_interval_start < TIMESTAMP '2025-08-01 00:00:00',2026-09-28 16:03:04 UTC
2025-07,7,12000,2000,15164,pages/2025-07/page_0007.json.gz,4be2ae12d92898b8e0d2c0cd90e74d6f4aa9abeae3187e7ec5029505b78c197d,project_time_interval_start >= TIMESTAMP '2025-07-01 00:00:00' AND project_time_interval_start < TIMESTAMP '2025-08-01 00:00:00',2026-09-28 16:03:07 UTC
2025-07,8,14000,1164,15164,pages/2025-07/page_0008.json.gz,46c77f9ad3cc851ec4926423455a2a389e6dd02cc9c942797ae1ce9ae7ae30ca,project_time_interval_start >= TIMESTAMP '2025-07-01 00:00:00' AND project_time_interval_start < TIMESTAMP '2025-08-01 00:00:00',2026-09-28 16:03:07 UTC
2025-08,1,0,2000,15221,pages/2025-08/page_0001.json.gz,e0ce6a2eabb29dfa72af2486ac98c901191ab3fdab0efcfb58e2e2f62dc76f03,project_time_interval_start >= TIMESTAMP '2025-08-01 00:00:00' AND project_time_interval_start < TIMESTAMP '2025-09-01 00:00:00',2026-09-28 16:03:08 UTC
2025-08,2,2000,2000,15221,pages/2025-08/page_0002.json.gz,eeb7af0dd3339392074692b4c39002a0ddfd84aacde0e6e1d0de8e7a088410b9,project_time_interval_start >= TIMESTAMP '2025-08-01 00:00:00' AND project_time_interval_start < TIMESTAMP '2025-09-01 00:00:00',2026-09-28 16:03:09 UTC
2025-08,3,4000,2000,15221,pages/2025-08/page_0003.json.gz,a9b4fa802f690c89a03c1f674800961fd0862d548dd6e8257755822955296ccc,project_time_interval_start >= TIMESTAMP '2025-08-01 00:00:00' AND project_time_interval_start < TIMESTAMP '2025-09-01 00:00:00',2026-09-28 16:03:09 UTC
2025-08,4,6000,2000,15221,pages/2025-08/page_0004.json.gz,16906435199f715e30743dad512bc0edc2ebb148599f297666501d61ab88ff16,project_time_interval_start >= TIMESTAMP '2025-08-01 00:00:00' AND project_time_interval_start < TIMESTAMP '2025-09-01 00:00:00',2026-09-28 16:03:10 UTC
2025-08,5,8000,2000,15221,pages/2025-08/page_0005.json.gz,91723ea2d5cf28e4a73b519e9f93bb32035fce313017e27e2d5d3836b88c87c4,project_time_interval_start >= TIMESTAMP '2025-08-01 00:00:00' AND project_time_interval_start < TIMESTAMP '2025-09-01 00:00:00',2026-09-28 16:03:10 UTC
2025-08,6,10000,2000,15221,pages/2025-08/page_0006.json.gz,292430d2885a2e2130e56770d914fc26b94d8ccd9456e6a0ecae981ff7b7357a,project_time_interval_start >= TIMESTAMP '2025-08-01 00:00:00' AND project_time_interval_start < TIMESTAMP '2025-09-01 00:00:00',2026-09-28 16:03:11 UTC
2025-08,7,12000,2000,15221,pages/2025-08/page_0007.json.gz,09f0ae3b9352c0fa5562fd73a32f6bc486d725365ff57d58865e340a3d8af564,project_time_interval_start >= TIMESTAMP '2025-08-01 00:00:00' AND project_time_interval_start < TIMESTAMP '2025-09-01 00:00:00',2026-09-28 16:03:11 UTC
2025-08,8,14000,1221,15221,pages/2025-08/page_0008.json.gz,5785a8fd8cc1b77fbb1dc55702efa5cc68c3fa25b6f1c5b7dd4a793fc26ef96f,project_time_interval_start >= TIMESTAMP '2025-08-01 00:00:00' AND project_time_interval_start < TIMESTAMP '2025-09-01 00:00:00',2026-09-28 16:03:13 UTC
2025-09,1,0,2000,14769,pages/2025-09/page_0001.json.gz,d29d8f9dd1828a90d6557f0cd08e77d11b3ceed8fe4359713a7a49e4a7a689db,project_time_interval_start >= TIMESTAMP '2025-09-01 00:00:00' AND project_time_interval_start < TIMESTAMP '2025-10-01 00:00:00',2026-09-28 16:03:13 UTC
2025-09,2,2000,2000,14769,pages/2025-09/page_0002.json.gz,818a3d56fdef335161e8aa11be7e9f08273e6808b4c3bd8cc2253abe2f28a90b,project_time_interval_start >= TIMESTAMP '2025-09-01 00:00:00' AND project_time_interval_start < TIMESTAMP '2025-10-01 00:00:00',2026-09-28 16:03:14 UTC
2025-09,3,4000,2000,14769,pages/2025-09/page_0003.json.gz,4278a0085750e0dfb6106b8f8219575ba9945af22422aab693cbf7b3174cf65e,project_time_interval_start >= TIMESTAMP '2025-09-01 00:00:00' AND project_time_interval_start < TIMESTAMP '2025-10-01 00:00:00',2026-09-28 16:03:14 UTC
2025-09,4,6000,2000,14769,pages/2025-09/page_0004.json.gz,671da516e0227870cd831b13188be332ec4336f0c42e5bc869ddf763207c27ee,project_time_interval_start >= TIMESTAMP '2025-09-01 00:00:00' AND project_time_interval_start < TIMESTAMP '2025-10-01 00:00:00',2026-09-28 16:03:15 UTC
2025-09,5,8000,2000,14769,pages/2025-09/page_0005.json.gz,4c1bc98fb77799dc041048183ceb8f7a4ae803839fb8651c34377c99f15b5444,project_time_interval_start >= TIMESTAMP '2025-09-01 00:00:00' AND project_time_interval_start < TIMESTAMP '2025-10-01 00:00:00',2026-09-28 16:03:16 UTC
2025-09,6,10000,2000,14769,pages/2025-09/page_0006.json.gz,97f72b5ef167086b19518d94e844561c3edf79cd9e84b3478f70118feb49e107,project_time_interval_start >= TIMESTAMP '2025-09-01 00:00:00' AND project_time_interval_start < TIMESTAMP '2025-10-01 00:00:00',2026-09-28 16:03:16 UTC
2025-09,7,12000,2000,14769,pages/2025-09/page_0007.json.gz,a5b79783db8056dc97986d5b47e8ad553ad38c5558bc01e4eacb79f1b73ca98b,project_time_interval_start >= TIMESTAMP '2025-09-01 00:00:00' AND project_time_interval_start < TIMESTAMP '2025-10-01 00:00:00',2026-09-28 16:03:17 UTC
2025-09,8,14000,769,14769,pages/2025-09/page_0008.json.gz,be124912e9ba7ecf1d6a63a141c3059a5a5fd8125d8cd306ecd231e1b25f094d,project_time_interval_start >= TIMESTAMP '2025-09-01 00:00:00' AND project_time_interval_start < TIMESTAMP '2025-10-01 00:00:00',2026-09-28 16:03:17 UTC
2025-10,1,0,2000,15090,pages/2025-10/page_0001.json.gz,7ef02e6cdb1aa7ad7c8b8d24e48926837b5a9b5427a8b9578299a1ca73889aea,project_time_interval_start >= TIMESTAMP '2025-10-01 00:00:00' AND project_time_interval_start < TIMESTAMP '2025-11-01 00:00:00',2026-09-28 16:03:18 UTC
2025-10,2,2000,2000,15090,pages/2025-10/page_0002.json.gz,424b49894a2e11476df65222f1ea543992ca05b7396a03c2b6f26b52e4ae93d0,project_time_interval_start >= TIMESTAMP '2025-10-01 00:00:00' AND project_time_interval_start < TIMESTAMP '2025-11-01 00:00:00',2026-09-28 16:03:18 UTC
2025-10,3,4000,2000,15090,pages/2025-10/page_0003.json.gz,af4652593ad1b7530bdbcaabd4a2723a35633b7205a1c1d1453eb5e854bebff0,project_time_interval_start >= TIMESTAMP '2025-10-01 00:00:00' AND project_time_interval_start < TIMESTAMP '2025-11-01 00:00:00',2026-09-28 16:03:19 UTC
2025-10,4,6000,2000,15090,pages/2025-10/page_0004.json.gz,7ec574a91247f379f7d2c80967b73af47c789ac235432eff167b8788f0a8bb58,project_time_interval_start >= TIMESTAMP '2025-10-01 00:00:00' AND project_time_interval_start < TIMESTAMP '2025-11-01 00:00:00',2026-09-28 16:03:20 UTC
2025-10,5,8000,2000,15090,pages/2025-10/page_0005.json.gz,4a94a424ee17a1f0f156590bad3c7ec8bd4981170f1d5b9ffe15b02ff91e4cb2,project_time_interval_start >= TIMESTAMP '2025-10-01 00:00:00' AND project_time_interval_start < TIMESTAMP '2025-11-01 00:00:00',2026-09-28 16:03:21 UTC
2025-10,6,10000,2000,15090,pages/2025-10/page_0006.json.gz,858da7e1f7d810488e7491a12b4e2d1148657e3c4ad6e2bdc32f21ed570847d6,project_time_interval_start >= TIMESTAMP '2025-10-01 00:00:00' AND project_time_interval_start < TIMESTAMP '2025-11-01 00:00:00',2026-09-28 16:03:21 UTC
2025-10,7,12000,2000,15090,pages/2025-10/page_0007.json.gz,766c2edb45901a49ba34357f941878c8151be5a92f6d394ad9ee7b77981d6a48,project_time_interval_start >= TIMESTAMP '2025-10-01 00:00:00' AND project_time_interval_start < TIMESTAMP '2025-11-01 00:00:00',2026-09-28 16:03:22 UTC
2025-10,8,14000,1090,15090,pages/2025-10/page_0008.json.gz,c728f13c25b42282024c46e9bfd4b28f6b9d54c55cc2686d78028bfd0a98196a,project_time_interval_start >= TIMESTAMP '2025-10-01 00:00:00' AND project_time_interval_start < TIMESTAMP '2025-11-01 00:00:00',2026-09-28 16:03:22 UTC
2025-11,1,0,2000,18610,pages/2025-11/page_0001.json.gz,15aa6424ebfed1b54381de020bfe47001ad3fa7e191e53ecbabf1edc4ec71d5a,project_time_interval_start >= TIMESTAMP '2025-11-01 00:00:00' AND project_time_interval_start < TIMESTAMP '2025-12-01 00:00:00',2026-09-28 16:03:23 UTC
2025-11,2,2000,2000,18610,pages/2025-11/page_0002.json.gz,99819ed670a0cdb7f525fdae6f5cff88b957180348f6d479ffc6a9578bf233a9,project_time_interval_start >= TIMESTAMP '2025-11-01 00:00:00' AND project_time_interval_start < TIMESTAMP '2025-12-01 00:00:00',2026-09-28 16:03:24 UTC
2025-11,3,4000,2000,18610,pages/2025-11/page_0003.json.gz,f81bed6657cdea29c0b1d19b0b05cddecf6ca1a339b8af256d59baeff8577967,project_time_interval_start >= TIMESTAMP '2025-11-01 00:00:00' AND project_time_interval_start < TIMESTAMP '2025-12-01 00:00:00',2026-09-28 16:03:24 UTC
2025-11,4,6000,2000,18610,pages/2025-11/page_0004.json.gz,c21eb363f700b019d1ee497d57d8105ad04f7e82f63da332f30fdd0824ef11f4,project_time_interval_start >= TIMESTAMP '2025-11-01 00:00:00' AND project_time_interval_start < TIMESTAMP '2025-12-01 00:00:00',2026-09-28 16:03:25 UTC
2025-11,5,8000,2000,18610,pages/2025-11/page_0005.json.gz,78fe892f9e50b45fd1b80ef742e8d930f8797c99cd37875c80fe5bd9a4021dd5,project_time_interval_start >= TIMESTAMP '2025-11-01 00:00:00' AND project_time_interval_start < TIMESTAMP '2025-12-01 00:00:00',2026-09-28 16:03:26 UTC
2025-11,6,10000,2000,18610,pages/2025-11/page_0006.json.gz,9b9e0df384ec5e5fb60322134aa7503a37c649d639bbb96f8c0d93e7ca4929c8,project_time_interval_start >= TIMESTAMP '2025-11-01 00:00:00' AND project_time_interval_start < TIMESTAMP '2025-12-01 00:00:00',2026-09-28 16:03:26 UTC
2025-11,7,12000,2000,18610,pages/2025-11/page_0007.json.gz,015e9437f93f9ec85cf98afdcd27b6bd5a50786bda3c970ede2187f673c36f6d,project_time_interval_start >= TIMESTAMP '2025-11-01 00:00:00' AND project_time_interval_start < TIMESTAMP '2025-12-01 00:00:00',2026-09-28 16:03:27 UTC
2025-11,8,14000,2000,18610,pages/2025-11/page_0008.json.gz,ef87f32e07b41bbad4e49f5041a26c64079e0cc9b2e6edcd59d62d035c6d81b0,project_time_interval_start >= TIMESTAMP '2025-11-01 00:00:00' AND project_time_interval_start < TIMESTAMP '2025-12-01 00:00:00',2026-09-28 16:03:28 UTC
2025-11,9,16000,2000,18610,pages/2025-11/page_0009.json.gz,81ac83f6c68db60c736e80ae13e132370c6dcc8fe6a4591287038e22a7d07f28,project_time_interval_start >= TIMESTAMP '2025-11-01 00:00:00' AND project_time_interval_start < TIMESTAMP '2025-12-01 00:00:00',2026-09-28 16:03:28 UTC
2025-11,10,18000,610,18610,pages/2025-11/page_0010.json.gz,dee415c67d86661f63a2ff972e0a08d3986536aacf81e16784d050ffce0d4a92,project_time_interval_start >= TIMESTAMP '2025-11-01 00:00:00' AND project_time_interval_start < TIMESTAMP '2025-12-01 00:00:00',2026-09-28 16:03:29 UTC
2025-12,1,0,2000,13118,pages/2025-12/page_0001.json.gz,20171e704f7f96758cb79832f4a4786e9b454db3798df36a22acb930ed45f422,project_time_interval_start >= TIMESTAMP '2025-12-01 00:00:00' AND project_time_interval_start < TIMESTAMP '2026-01-01 00:00:00',2026-09-28 16:03:30 UTC
2025-12,2,2000,2000,13118,pages/2025-12/page_0002.json.gz,46c4dda7998decc35c010e8124fd9b645428ed59dd31a80011a35b17c685fe86,project_time_interval_start >= TIMESTAMP '2025-12-01 00:00:00' AND project_time_interval_start < TIMESTAMP '2026-01-01 00:00:00',2026-09-28 16:03:31 UTC
2025-12,3,4000,2000,13118,pages/2025-12/page_0003.json.gz,3084ccab920954e73068fb8048af864e7d184de4e040d610a0b96606fe3d45b7,project_time_interval_start >= TIMESTAMP '2025-12-01 00:00:00' AND project_time_interval_start < TIMESTAMP '2026-01-01 00:00:00',2026-09-28 16:03:32 UTC
2025-12,4,6000,2000,13118,pages/2025-12/page_0004.json.gz,91239bf2a69b7dfdb9d32989615c909fb3be0bf1642ec2007ecf2258a7f11389,project_time_interval_start >= TIMESTAMP '2025-12-01 00:00:00' AND project_time_interval_start < TIMESTAMP '2026-01-01 00:00:00',2026-09-28 16:03:33 UTC
2025-12,5,8000,2000,13118,pages/2025-12/page_0005.json.gz,b179b8a1b44842c2a370f5b11bd74aac41398a59ac8d70d8cddf95ea0901406a,project_time_interval_start >= TIMESTAMP '2025-12-01 00:00:00' AND project_time_interval_start < TIMESTAMP '2026-01-01 00:00:00',2026-09-28 16:03:34 UTC
2025-12,6,10000,2000,13118,pages/2025-12/page_0006.json.gz,5267d54ec5d537bb9c5b31d2c9c514203298cc565347078e29a5ac0080720c08,project_time_interval_start >= TIMESTAMP '2025-12-01 00:00:00' AND project_time_interval_start < TIMESTAMP '2026-01-01 00:00:00',2026-09-28 16:03:35 UTC
2025-12,7,12000,1118,13118,pages/2025-12/page_0007.json.gz,15aa9e982498033ce2598b106afffb1d063260a0bc4fe75d0bbfb9571e9b133f,project_time_interval_start >= TIMESTAMP '2025-12-01 00:00:00' AND project_time_interval_start < TIMESTAMP '2026-01-01 00:00:00',2026-09-28 16:03:35 UTC
2026-01,1,0,2000,12871,pages/2026-01/page_0001.json.gz,7b0c415db77e7c8daae9cae6f3327fa91661247012cad447fafdbd9463380aa2,project_time_interval_start >= TIMESTAMP '2026-01-01 00:00:00' AND project_time_interval_start < TIMESTAMP '2026-02-01 00:00:00',2026-09-28 16:03:37 UTC
2026-01,2,2000,2000,12871,pages/2026-01/page_0002.json.gz,7ceb1d202776d9dc74633d79665824b1da3dafb322b49dc5d7c8c13a3674f491,project_time_interval_start >= TIMESTAMP '2026-01-01 00:00:00' AND project_time_interval_start < TIMESTAMP '2026-02-01 00:00:00',2026-09-28 16:03:37 UTC
2026-01,3,4000,2000,12871,pages/2026-01/page_0003.json.gz,ff9979071bc9aecddf9fda9ee50bb304a16164d11bf4ff44802dedb8e1a0a3eb,project_time_interval_start >= TIMESTAMP '2026-01-01 00:00:00' AND project_time_interval_start < TIMESTAMP '2026-02-01 00:00:00',2026-09-28 16:03:38 UTC
2026-01,4,6000,2000,12871,pages/2026-01/page_0004.json.gz,6dcd008d601077cf0dea4c8482c36a8e7109800560a1929a381f220eaccb9d9f,project_time_interval_start >= TIMESTAMP '2026-01-01 00:00:00' AND project_time_interval_start < TIMESTAMP '2026-02-01 00:00:00',2026-09-28 16:03:39 UTC
2026-01,5,8000,2000,12871,pages/2026-01/page_0005.json.gz,b8fba152ca3613676c08710c34816fff93a7b9d405e03cb79ffd0ec0e20f636a,project_time_interval_start >= TIMESTAMP '2026-01-01 00:00:00' AND project_time_interval_start < TIMESTAMP '2026-02-01 00:00:00',2026-09-28 16:03:39 UTC
2026-01,6,10000,2000,12871,pages/2026-01/page_0006.json.gz,0308369d0fafe9428a33aa8875608de3c6bb5a02741317d87432b737b279b5d2,project_time_interval_start >= TIMESTAMP '2026-01-01 00:00:00' AND project_time_interval_start < TIMESTAMP '2026-02-01 00:00:00',2026-09-28 16:03:40 UTC
2026-01,7,12000,871,12871,pages/2026-01/page_0007.json.gz,66c02d2a3a70ac2c195b6fe710650b088839ad184108f5d8506a6df1795e919d,project_time_interval_start >= TIMESTAMP '2026-01-01 00:00:00' AND project_time_interval_start < TIMESTAMP '2026-02-01 00:00:00',2026-09-28 16:03:40 UTC
2026-02,1,0,2000,11202,pages/2026-02/page_0001.json.gz,26b89e32ac45e1d197296217adf399647d051ae6c289c6dd23b7df0e891dab71,project_time_interval_start >= TIMESTAMP '2026-02-01 00:00:00' AND project_time_interval_start < TIMESTAMP '2026-03-01 00:00:00',2026-09-28 16:03:41 UTC
2026-02,2,2000,2000,11202,pages/2026-02/page_0002.json.gz,d6e1e4dd8337f9d31df04fe5d65f80d70db497325e9003ae810adc8ef1d3ed7e,project_time_interval_start >= TIMESTAMP '2026-02-01 00:00:00' AND project_time_interval_start < TIMESTAMP '2026-03-01 00:00:00',2026-09-28 16:03:42 UTC
2026-02,3,4000,2000,11202,pages/2026-02/page_0003.json.gz,99c56e9591995ec6c76bc907b0a7af89e7a7e9e7438d742e61f04e357b5b0d03,project_time_interval_start >= TIMESTAMP '2026-02-01 00:00:00' AND project_time_interval_start < TIMESTAMP '2026-03-01 00:00:00',2026-09-28 16:03:42 UTC
2026-02,4,6000,2000,11202,pages/2026-02/page_0004.json.gz,dbcfc4c2f6855be10793b3c6fdf4a436d47883be046d49a7275eafbe31bd6a34,project_time_interval_start >= TIMESTAMP '2026-02-01 00:00:00' AND project_time_interval_start < TIMESTAMP '2026-03-01 00:00:00',2026-09-28 16:03:43 UTC
2026-02,5,8000,2000,11202,pages/2026-02/page_0005.json.gz,249637d9bf7167c6deee11c4d4de4d5ce1003c7ec3f4ca76dc932b3510a58892,project_time_interval_start >= TIMESTAMP '2026-02-01 00:00:00' AND project_time_interval_start < TIMESTAMP '2026-03-01 00:00:00',2026-09-28 16:03:44 UTC
2026-02,6,10000,1202,11202,pages/2026-02/page_0006.json.gz,57982056997a17d366d2ff81fe4828ca6b2481cf5205d9a66f10f73b2b68df90,project_time_interval_start >= TIMESTAMP '2026-02-01 00:00:00' AND project_time_interval_start < TIMESTAMP '2026-03-01 00:00:00',2026-09-28 16:03:44 UTC
2026-03,1,0,2000,13057,pages/2026-03/page_0001.json.gz,5378e7c666e415ebb55d0d2b1a1c83033248344a2862584dd4f2c2d7e1a3b12e,project_time_interval_start >= TIMESTAMP '2026-03-01 00:00:00' AND project_time_interval_start < TIMESTAMP '2026-04-01 00:00:00',2026-09-28 16:03:45 UTC
2026-03,2,2000,2000,13057,pages/2026-03/page_0002.json.gz,3227df68b49e379bd154baa181c6ce8624f4235b2d382ab1485ae5ae833e8513,project_time_interval_start >= TIMESTAMP '2026-03-01 00:00:00' AND project_time_interval_start < TIMESTAMP '2026-04-01 00:00:00',2026-09-28 16:03:45 UTC
2026-03,3,4000,2000,13057,pages/2026-03/page_0003.json.gz,cb3c216cb58090d867cee9d7b5de6b441f715ac22e7a76f896e8628d4a1c60ac,project_time_interval_start >= TIMESTAMP '2026-03-01 00:00:00' AND project_time_interval_start < TIMESTAMP '2026-04-01 00:00:00',2026-09-28 16:03:46 UTC
2026-03,4,6000,2000,13057,pages/2026-03/page_0004.json.gz,a8a36dca0cc97ac63b234088dcd8673176f36b8137f77371677537cebf76a2fa,project_time_interval_start >= TIMESTAMP '2026-03-01 00:00:00' AND project_time_interval_start < TIMESTAMP '2026-04-01 00:00:00',2026-09-28 16:03:46 UTC
2026-03,5,8000,2000,13057,pages/2026-03/page_0005.json.gz,8f914a52cc5d1f63267fdb0325c8af19da01703cd5648fc42133a867639ac364,project_time_interval_start >= TIMESTAMP '2026-03-01 00:00:00' AND project_time_interval_start < TIMESTAMP '2026-04-01 00:00:00',2026-09-28 16:03:47 UTC
2026-03,6,10000,2000,13057,pages/2026-03/page_0006.json.gz,4744cd9eaee514399931649a42d864454e25362f5e33e78f18753478fa786858,project_time_interval_start >= TIMESTAMP '2026-03-01 00:00:00' AND project_time_interval_start < TIMESTAMP '2026-04-01 00:00:00',2026-09-28 16:03:48 UTC
2026-03,7,12000,1057,13057,pages/2026-03/page_0007.json.gz,bcc1c0906cea09698d57a8ca6b7b396375cf70df2abbad6573da1110438518d8,project_time_interval_start >= TIMESTAMP '2026-03-01 00:00:00' AND project_time_interval_start < TIMESTAMP '2026-04-01 00:00:00',2026-09-28 16:03:48 UTC
2026-04,1,0,2000,11784,pages/2026-04/page_0001.json.gz,db95b882668aef9cb376e3b020f8c13d2fed6a0660a90d49505f2ef050b7cb73,project_time_interval_start >= TIMESTAMP '2026-04-01 00:00:00' AND project_time_interval_start < TIMESTAMP '2026-05-01 00:00:00',2026-09-28 16:03:49 UTC
2026-04,2,2000,2000,11784,pages/2026-04/page_0002.json.gz,1faf5f7d56f8bac054b099c3b1491e8b909889a43f7cbdfdffee750ed55f946f,project_time_interval_start >= TIMESTAMP '2026-04-01 00:00:00' AND project_time_interval_start < TIMESTAMP '2026-05-01 00:00:00',2026-09-28 16:03:49 UTC
2026-04,3,4000,2000,11784,pages/2026-04/page_0003.json.gz,dc63c03c7d4cb72b6722a21242cd11ea6967bd8979d35f8d3463bbd710f6d4da,project_time_interval_start >= TIMESTAMP '2026-04-01 00:00:00' AND project_time_interval_start < TIMESTAMP '2026-05-01 00:00:00',2026-09-28 16:03:50 UTC
2026-04,4,6000,2000,11784,pages/2026-04/page_0004.json.gz,39121871ba5179c6dc5fe3c2b91f552a8caf2a49fd348985af2adc6e3a666b70,project_time_interval_start >= TIMESTAMP '2026-04-01 00:00:00' AND project_time_interval_start < TIMESTAMP '2026-05-01 00:00:00',2026-09-28 16:03:51 UTC
2026-04,5,8000,2000,11784,pages/2026-04/page_0005.json.gz,9b6e3c443da3fc6525475074b000ec005f0e660e63680729cfe36e273d0203d2,project_time_interval_start >= TIMESTAMP '2026-04-01 00:00:00' AND project_time_interval_start < TIMESTAMP '2026-05-01 00:00:00',2026-09-28 16:03:51 UTC
2026-04,6,10000,1784,11784,pages/2026-04/page_0006.json.gz,81784ef68e8bd169f09e46bcfa6a4441f1cd209c97d396f3c0432a4309d4472b,project_time_interval_start >= TIMESTAMP '2026-04-01 00:00:00' AND project_time_interval_start < TIMESTAMP '2026-05-01 00:00:00',2026-09-28 16:03:52 UTC
2026-05,1,0,2000,12952,pages/2026-05/page_0001.json.gz,05f4c77ba13dc0eb78dcbb04f327e5147b45e6d1704dfcc74b74eaac9347f1ae,project_time_interval_start >= TIMESTAMP '2026-05-01 00:00:00' AND project_time_interval_start < TIMESTAMP '2026-06-01 00:00:00',2026-09-28 16:03:53 UTC
2026-05,2,2000,2000,12952,pages/2026-05/page_0002.json.gz,edded8a3ad34ab056e07e1553306c12ecd714a3c94daa9e58800f7ca185def52,project_time_interval_start >= TIMESTAMP '2026-05-01 00:00:00' AND project_time_interval_start < TIMESTAMP '2026-06-01 00:00:00',2026-09-28 16:03:53 UTC
2026-05,3,4000,2000,12952,pages/2026-05/page_0003.json.gz,24a704282659425d6a1968bdb656f69b1d02ae0b6957852f1121baa08176f526,project_time_interval_start >= TIMESTAMP '2026-05-01 00:00:00' AND project_time_interval_start < TIMESTAMP '2026-06-01 00:00:00',2026-09-28 16:03:54 UTC
2026-05,4,6000,2000,12952,pages/2026-05/page_0004.json.gz,c227032b3f1021ff1a45fd19d6793ff3096c150d4e3007ea58b40e02542a94db,project_time_interval_start >= TIMESTAMP '2026-05-01 00:00:00' AND project_time_interval_start < TIMESTAMP '2026-06-01 00:00:00',2026-09-28 16:03:55 UTC
2026-05,5,8000,2000,12952,pages/2026-05/page_0005.json.gz,8d8b7e2bf56905aabae4403b7ed93a9d2f1301674e86c86dd12e7b6b83df7673,project_time_interval_start >= TIMESTAMP '2026-05-01 00:00:00' AND project_time_interval_start < TIMESTAMP '2026-06-01 00:00:00',2026-09-28 16:03:55 UTC
2026-05,6,10000,2000,12952,pages/2026-05/page_0006.json.gz,393973c56e2f6c28db9e28d8d362d36248c57a8fd259e32d6890e7dace42feb0,project_time_interval_start >= TIMESTAMP '2026-05-01 00:00:00' AND project_time_interval_start < TIMESTAMP '2026-06-01 00:00:00',2026-09-28 16:03:56 UTC
2026-05,7,12000,952,12952,pages/2026-05/page_0007.json.gz,aa7b5c3313aeb4302206855d2f48bee6994d4d8ce8be203c6b9339dfc00dfb2b,project_time_interval_start >= TIMESTAMP '2026-05-01 00:00:00' AND project_time_interval_start < TIMESTAMP '2026-06-01 00:00:00',2026-09-28 16:03:56 UTC
2026-06,1,0,2000,12007,pages/2026-06/page_0001.json.gz,b06781d8f97d445a0738002164ad9f03cf300a338e1d29543f88af5b0beee1b8,project_time_interval_start >= TIMESTAMP '2026-06-01 00:00:00' AND project_time_interval_start < TIMESTAMP '2026-07-01 00:00:00',2026-09-28 16:03:57 UTC
2026-06,2,2000,2000,12007,pages/2026-06/page_0002.json.gz,0f8e3f9b5f91d351ba2ae1b13fe7027397225d7e143852eb975b43022c77ccbc,project_time_interval_start >= TIMESTAMP '2026-06-01 00:00:00' AND project_time_interval_start < TIMESTAMP '2026-07-01 00:00:00',2026-09-28 16:03:58 UTC
2026-06,3,4000,2000,12007,pages/2026-06/page_0003.json.gz,6098f778cc0b5cb78005599cf746db98cbee81c54875f6304723c9d0b3797f1c,project_time_interval_start >= TIMESTAMP '2026-06-01 00:00:00' AND project_time_interval_start < TIMESTAMP '2026-07-01 00:00:00',2026-09-28 16:03:58 UTC
2026-06,4,6000,2000,12007,pages/2026-06/page_0004.json.gz,938689679873013b6799413e756a9c6278430f1e051b9035e1667a3af8ac73e0,project_time_interval_start >= TIMESTAMP '2026-06-01 00:00:00' AND project_time_interval_start < TIMESTAMP '2026-07-01 00:00:00',2026-09-28 16:03:59 UTC
2026-06,5,8000,2000,12007,pages/2026-06/page_0005.json.gz,fc96289414685e1af5a4a18485c00da73c82314c296a97372c3dc9cfbe42e0d4,project_time_interval_start >= TIMESTAMP '2026-06-01 00:00:00' AND project_time_interval_start < TIMESTAMP '2026-07-01 00:00:00',2026-09-28 16:04:00 UTC
2026-06,6,10000,2000,12007,pages/2026-06/page_0006.json.gz,1d7a098e1d267eadbbfb5566a6c64ba8a2809fb29c2305457c7045c878b9fb0f,project_time_interval_start >= TIMESTAMP '2026-06-01 00:00:00' AND project_time_interval_start < TIMESTAMP '2026-07-01 00:00:00',2026-09-28 16:04:00 UTC
2026-06,7,12000,7,12007,pages/2026-06/page_0007.json.gz,2a917e2773bf032cc970e5b461d3c825a2a4eba60c7f7692630a022b8a23de68,project_time_interval_start >= TIMESTAMP '2026-06-01 00:00:00' AND project_time_interval_start < TIMESTAMP '2026-07-01 00:00:00',2026-09-28 16:04:00 UTC
2026-07,1,0,2000,11691,pages/2026-07/page_0001.json.gz,d127cfeed64a8cffdb50fb9a4493dac88fe51e0ea52152162c51447c24991839,project_time_interval_start >= TIMESTAMP '2026-07-01 00:00:00' AND project_time_interval_start < TIMESTAMP '2026-08-01 00:00:00',2026-09-28 16:04:01 UTC
2026-07,2,2000,2000,11691,pages/2026-07/page_0002.json.gz,0cbf1077bf992de9cef82f216ae6e6917034ef0b24cfe6eeb91f53c21c3be5bd,project_time_interval_start >= TIMESTAMP '2026-07-01 00:00:00' AND project_time_interval_start < TIMESTAMP '2026-08-01 00:00:00',2026-09-28 16:04:02 UTC
2026-07,3,4000,2000,11691,pages/2026-07/page_0003.json.gz,a2784103f678fb6d41aec048bb2c510a5211335fc087c09f5c357e1e416ab085,project_time_interval_start >= TIMESTAMP '2026-07-01 00:00:00' AND project_time_interval_start < TIMESTAMP '2026-08-01 00:00:00',2026-09-28 16:04:02 UTC
2026-07,4,6000,2000,11691,pages/2026-07/page_0004.json.gz,ed95c8bf93f6d28173fdef432ef9230b50cfbb2371acb10c9f5c26b4b685815d,project_time_interval_start >= TIMESTAMP '2026-07-01 00:00:00' AND project_time_interval_start < TIMESTAMP '2026-08-01 00:00:00',2026-09-28 16:04:03 UTC
2026-07,5,8000,2000,11691,pages/2026-07/page_0005.json.gz,59188fe2c5726ef0a0a67eb930d759e90aa3c65fcbd8515d5397de7278521724,project_time_interval_start >= TIMESTAMP '2026-07-01 00:00:00' AND project_time_interval_start < TIMESTAMP '2026-08-01 00:00:00',2026-09-28 16:04:04 UTC
2026-07,6,10000,1691,11691,pages/2026-07/page_0006.json.gz,e3e7d2e322df80f312589e3d70232981441e8bfb276719786368659acf3706c4,project_time_interval_start >= TIMESTAMP '2026-07-01 00:00:00' AND project_time_interval_start < TIMESTAMP '2026-08-01 00:00:00',2026-09-28 16:04:04 UTC
2026-08,1,0,2000,12096,pages/2026-08/page_0001.json.gz,d5cb2ac9a9a4a6af0ba43964c18151fd75dabccb527623f24321aa9db6ac47c1,project_time_interval_start >= TIMESTAMP '2026-08-01 00:00:00' AND project_time_interval_start < TIMESTAMP '2026-09-01 00:00:00',2026-09-28 16:04:05 UTC
2026-08,2,2000,2000,12096,pages/2026-08/page_0002.json.gz,e6eb1941d5be9e1b2801833952e1155f114b3cd4809d05aff2621500372f3754,project_time_interval_start >= TIMESTAMP '2026-08-01 00:00:00' AND project_time_interval_start < TIMESTAMP '2026-09-01 00:00:00',2026-09-28 16:04:07 UTC
2026-08,3,4000,2000,12096,pages/2026-08/page_0003.json.gz,013d1cf142a7b378fb09d2934b65656c7128265c864eb17bb737e07148878864,project_time_interval_start >= TIMESTAMP '2026-08-01 00:00:00' AND project_time_interval_start < TIMESTAMP '2026-09-01 00:00:00',2026-09-28 16:04:08 UTC
2026-08,4,6000,2000,12096,pages/2026-08/page_0004.json.gz,5553e4f626d9152cd7e80be27f77e7140d4e4404ab2b6494b924263a19a136a5,project_time_interval_start >= TIMESTAMP '2026-08-01 00:00:00' AND project_time_interval_start < TIMESTAMP '2026-09-01 00:00:00',2026-09-28 16:04:08 UTC
2026-08,5,8000,2000,12096,pages/2026-08/page_0005.json.gz,3104a0d61e52c4df4694c3f8451be0b3f1638baf272d07023110a8d575284ff1,project_time_interval_start >= TIMESTAMP '2026-08-01 00:00:00' AND project_time_interval_start < TIMESTAMP '2026-09-01 00:00:00',2026-09-28 16:04:09 UTC
2026-08,6,10000,2000,12096,pages/2026-08/page_0006.json.gz,927272a7f103e2bf8324965214a4c29484ea889f45ec5e63e714136ad19f15f0,project_time_interval_start >= TIMESTAMP '2026-08-01 00:00:00' AND project_time_interval_start < TIMESTAMP '2026-09-01 00:00:00',2026-09-28 16:04:09 UTC
2026-08,7,12000,96,12096,pages/2026-08/page_0007.json.gz,6a332eae6784a7aaa93c6950cd90c464b5977d7b14a792f547acc7263473e406,project_time_interval_start >= TIMESTAMP '2026-08-01 00:00:00' AND project_time_interval_start < TIMESTAMP '2026-09-01 00:00:00',2026-09-28 16:04:09 UTC
2026-09,1,0,2000,10712,pages/2026-09/page_0001.json.gz,f52205b10169fad88c2f328e1c730a1e8bf615179c32103883b1dae72d743477,project_time_interval_start >= TIMESTAMP '2026-09-01 00:00:00' AND project_time_interval_start < TIMESTAMP '2026-10-01 00:00:00',2026-09-28 16:04:10 UTC
2026-09,2,2000,2000,10712,pages/2026-09/page_0002.json.gz,61a6fafce655394e1e309eeb295fef4c19f22ad906569f1facc864800bfda1f1,project_time_interval_start >= TIMESTAMP '2026-09-01 00:00:00' AND project_time_interval_start < TIMESTAMP '2026-10-01 00:00:00',2026-09-28 16:04:11 UTC
2026-09,3,4000,2000,10712,pages/2026-09/page_0003.json.gz,b012fa123461e12002089f92ff43ff01af0bc3831bb5bf8fdd961c78238d8eba,project_time_interval_start >= TIMESTAMP '2026-09-01 00:00:00' AND project_time_interval_start < TIMESTAMP '2026-10-01 00:00:00',2026-09-28 16:04:11 UTC
2026-09,4,6000,2000,10712,pages/2026-09/page_0004.json.gz,01dce667a146ccce171d0e6580501c2ea6c934410725d8656f0a3c550d8de0ba,project_time_interval_start >= TIMESTAMP '2026-09-01 00:00:00' AND project_time_interval_start < TIMESTAMP '2026-10-01 00:00:00',2026-09-28 16:04:12 UTC
2026-09,5,8000,2000,10712,pages/2026-09/page_0005.json.gz,8c8d3ae1e1ddb56f8ed8fdc2b40d860e54f88ce2b44d52bbdce9bcd4f146257e,project_time_interval_start >= TIMESTAMP '2026-09-01 00:00:00' AND project_time_interval_start < TIMESTAMP '2026-10-01 00:00:00',2026-09-28 16:04:12 UTC
2026-09,6,10000,712,10712,pages/2026-09/page_0006.json.gz,1b60bfe421b5bec9ce976ac758a9f1eb6b06e323b8ca2cfedbd81321fd68d6b3,project_time_interval_start >= TIMESTAMP '2026-09-01 00:00:00' AND project_time_interval_start < TIMESTAMP '2026-10-01 00:00:00',2026-09-28 16:04:13 UTC
