cams_id,aqs_site_id,site_name,report_month,parameter_code,time_format,daily_statistics,relative_path,source_url,retrieved_at_utc,sha256,bytes,data_rows,status,error_message
312,48_113_0050,Convention Center C312,2022-04,88101,24hr,maximum|average|standard_deviation,cams_0312/cams_0312_2022-04_pm25.csv,https://www.tceq.texas.gov/cgi-bin/compliance/monops/monthly_summary.pl,2026-09-09 18:18:39 UTC,9c3d26c4ba3ac1c11f08c130773ab5d393f0984b1b3b6b12b03e8d94f949e0c1,3807,30,downloaded,
312,48_113_0050,Convention Center C312,2022-05,88101,24hr,maximum|average|standard_deviation,cams_0312/cams_0312_2022-05_pm25.csv,https://www.tceq.texas.gov/cgi-bin/compliance/monops/monthly_summary.pl,2026-09-09 18:18:40 UTC,a1f009d51fa60fcc3666a3ddfedb7feb9294bde699a2573f6224cf48a22dd805,4564,31,downloaded,
312,48_113_0050,Convention Center C312,2022-06,88101,24hr,maximum|average|standard_deviation,cams_0312/cams_0312_2022-06_pm25.csv,https://www.tceq.texas.gov/cgi-bin/compliance/monops/monthly_summary.pl,2026-09-09 18:18:40 UTC,eb3d4cf1dd63937fdf04551f0c51e9f392fcee75c11ff490a59b55ac77742e6e,4574,30,downloaded,
312,48_113_0050,Convention Center C312,2022-07,88101,24hr,maximum|average|standard_deviation,cams_0312/cams_0312_2022-07_pm25.csv,https://www.tceq.texas.gov/cgi-bin/compliance/monops/monthly_summary.pl,2026-09-09 18:18:41 UTC,d8e4700c39501d3e28547fa84cc417e7f06918e3d03882e83ec7704ce0fead2b,4556,31,downloaded,
312,48_113_0050,Convention Center C312,2022-08,88101,24hr,maximum|average|standard_deviation,cams_0312/cams_0312_2022-08_pm25.csv,https://www.tceq.texas.gov/cgi-bin/compliance/monops/monthly_summary.pl,2026-09-09 18:18:42 UTC,215b82b8b420d7ff82032d962424b351997288849b6617603eaead8d8c6a3b99,4446,31,downloaded,
312,48_113_0050,Convention Center C312,2022-09,88101,24hr,maximum|average|standard_deviation,cams_0312/cams_0312_2022-09_pm25.csv,https://www.tceq.texas.gov/cgi-bin/compliance/monops/monthly_summary.pl,2026-09-09 18:18:43 UTC,ce019e1645021167233f909de5fd3e49296e97d137b805db1b69e5eae4c03bda,4479,30,downloaded,
312,48_113_0050,Convention Center C312,2022-10,88101,24hr,maximum|average|standard_deviation,cams_0312/cams_0312_2022-10_pm25.csv,https://www.tceq.texas.gov/cgi-bin/compliance/monops/monthly_summary.pl,2026-09-09 18:18:44 UTC,87f216d3adf6466c4489db516003eac11ab1be2b40f005c1b057918a2045ed96,4574,31,downloaded,
312,48_113_0050,Convention Center C312,2022-11,88101,24hr,maximum|average|standard_deviation,cams_0312/cams_0312_2022-11_pm25.csv,https://www.tceq.texas.gov/cgi-bin/compliance/monops/monthly_summary.pl,2026-09-09 18:18:45 UTC,8512abb816df53984d89343f2ba57ae2d72e32cc4574494bcdf719b0865d91ff,4370,30,downloaded,
312,48_113_0050,Convention Center C312,2022-12,88101,24hr,maximum|average|standard_deviation,cams_0312/cams_0312_2022-12_pm25.csv,https://www.tceq.texas.gov/cgi-bin/compliance/monops/monthly_summary.pl,2026-09-09 18:18:46 UTC,96c8d25fdfa5b0c0baf11a33a2e7c8c237c2ffc60c91d28ab8bdaed6901609e8,4458,31,downloaded,
312,48_113_0050,Convention Center C312,2023-01,88101,24hr,maximum|average|standard_deviation,cams_0312/cams_0312_2023-01_pm25.csv,https://www.tceq.texas.gov/cgi-bin/compliance/monops/monthly_summary.pl,2026-09-09 18:18:47 UTC,e003eeee802cbc87f39605a365b1db7e191553f8e8b5e9c9619434861ad25119,4393,31,downloaded,
312,48_113_0050,Convention Center C312,2023-02,88101,24hr,maximum|average|standard_deviation,cams_0312/cams_0312_2023-02_pm25.csv,https://www.tceq.texas.gov/cgi-bin/compliance/monops/monthly_summary.pl,2026-09-09 18:18:48 UTC,e7779993787e89026861840f0afe08b1f2e818c8faf6399b38109605b2852222,4118,28,downloaded,
312,48_113_0050,Convention Center C312,2023-03,88101,24hr,maximum|average|standard_deviation,cams_0312/cams_0312_2023-03_pm25.csv,https://www.tceq.texas.gov/cgi-bin/compliance/monops/monthly_summary.pl,2026-09-09 18:18:49 UTC,dec912fd8b714d3180446be9819216650c292bc7be37dcff04bc9389f717c6cf,4593,31,downloaded,
312,48_113_0050,Convention Center C312,2023-04,88101,24hr,maximum|average|standard_deviation,cams_0312/cams_0312_2023-04_pm25.csv,https://www.tceq.texas.gov/cgi-bin/compliance/monops/monthly_summary.pl,2026-09-09 18:18:50 UTC,0ba4f8750c31082336959a53f8491b4329bde39b2aff357fb5e41bd0f3146a7b,4345,30,downloaded,
312,48_113_0050,Convention Center C312,2023-05,88101,24hr,maximum|average|standard_deviation,cams_0312/cams_0312_2023-05_pm25.csv,https://www.tceq.texas.gov/cgi-bin/compliance/monops/monthly_summary.pl,2026-09-09 18:18:51 UTC,c3b569a37869f14c4db8ca515e6f34cd8a61bb09ddef397946b4971f4db07908,4706,31,downloaded,
312,48_113_0050,Convention Center C312,2023-06,88101,24hr,maximum|average|standard_deviation,cams_0312/cams_0312_2023-06_pm25.csv,https://www.tceq.texas.gov/cgi-bin/compliance/monops/monthly_summary.pl,2026-09-09 18:18:52 UTC,dc04c2feabd7d46205835492347a833e71ef32ea0c3a42793d2ce90c3c3a93f4,4456,30,downloaded,
312,48_113_0050,Convention Center C312,2023-07,88101,24hr,maximum|average|standard_deviation,cams_0312/cams_0312_2023-07_pm25.csv,https://www.tceq.texas.gov/cgi-bin/compliance/monops/monthly_summary.pl,2026-09-09 18:18:52 UTC,8919e5fb526138f73acacdc659577fc65e456098b9209070c5da63a1fbb751b3,4678,31,downloaded,
312,48_113_0050,Convention Center C312,2023-08,88101,24hr,maximum|average|standard_deviation,cams_0312/cams_0312_2023-08_pm25.csv,https://www.tceq.texas.gov/cgi-bin/compliance/monops/monthly_summary.pl,2026-09-09 18:18:53 UTC,c7e37cfd9bf1411d00b35fe3500ad8888279eaa6fc23ed0427235bac4744853f,4712,31,downloaded,
312,48_113_0050,Convention Center C312,2023-09,88101,24hr,maximum|average|standard_deviation,cams_0312/cams_0312_2023-09_pm25.csv,https://www.tceq.texas.gov/cgi-bin/compliance/monops/monthly_summary.pl,2026-09-09 18:18:54 UTC,d0600b8e1dc753421f6591cfea030d640537b5d1bb6a884de4899ae101cb1c4e,4382,30,downloaded,
312,48_113_0050,Convention Center C312,2023-10,88101,24hr,maximum|average|standard_deviation,cams_0312/cams_0312_2023-10_pm25.csv,https://www.tceq.texas.gov/cgi-bin/compliance/monops/monthly_summary.pl,2026-09-09 18:18:55 UTC,9a2a393a71bc67f19b767724c52254665b2e825a05dbe9496b3641bd62a31d38,4393,31,downloaded,
312,48_113_0050,Convention Center C312,2023-11,88101,24hr,maximum|average|standard_deviation,cams_0312/cams_0312_2023-11_pm25.csv,https://www.tceq.texas.gov/cgi-bin/compliance/monops/monthly_summary.pl,2026-09-09 18:18:56 UTC,43d3ffcabc95691a6aba51eae8d4d4f03027ca6e6ab0ce8386b5909879fcc7de,4389,30,downloaded,
312,48_113_0050,Convention Center C312,2023-12,88101,24hr,maximum|average|standard_deviation,cams_0312/cams_0312_2023-12_pm25.csv,https://www.tceq.texas.gov/cgi-bin/compliance/monops/monthly_summary.pl,2026-09-09 18:18:57 UTC,432552a6feda318d192007e3668ec7e42f9f9a1975db2467e712dc10c357ee37,4430,31,downloaded,
312,48_113_0050,Convention Center C312,2024-01,88101,24hr,maximum|average|standard_deviation,cams_0312/cams_0312_2024-01_pm25.csv,https://www.tceq.texas.gov/cgi-bin/compliance/monops/monthly_summary.pl,2026-09-09 18:18:58 UTC,3566cddf974a3375d577c0dd90860afb9c763004d488fea41ace26d2f16c435e,4476,31,downloaded,
312,48_113_0050,Convention Center C312,2024-02,88101,24hr,maximum|average|standard_deviation,cams_0312/cams_0312_2024-02_pm25.csv,https://www.tceq.texas.gov/cgi-bin/compliance/monops/monthly_summary.pl,2026-09-09 18:18:59 UTC,b9b224405cacf3b7f02a5f56d8749a368ac69c9c8f4fd1a2d2f5984860840bb0,4102,29,downloaded,
312,48_113_0050,Convention Center C312,2024-03,88101,24hr,maximum|average|standard_deviation,cams_0312/cams_0312_2024-03_pm25.csv,https://www.tceq.texas.gov/cgi-bin/compliance/monops/monthly_summary.pl,2026-09-09 18:19:00 UTC,b57398ccf854c9d0eb84847c49388f7520cebfbd6fb2c8fe24197216456dafbc,4526,31,downloaded,
312,48_113_0050,Convention Center C312,2024-04,88101,24hr,maximum|average|standard_deviation,cams_0312/cams_0312_2024-04_pm25.csv,https://www.tceq.texas.gov/cgi-bin/compliance/monops/monthly_summary.pl,2026-09-09 18:19:01 UTC,70c3fcda3c1321978f27a226020a5bbf0f261d6a4c5fe1c5b3bb8bc8cb9975b9,4418,30,downloaded,
312,48_113_0050,Convention Center C312,2024-05,88101,24hr,maximum|average|standard_deviation,cams_0312/cams_0312_2024-05_pm25.csv,https://www.tceq.texas.gov/cgi-bin/compliance/monops/monthly_summary.pl,2026-09-09 18:19:02 UTC,da9149a80c547d9c769048a3d41c19aab2bfe259f81e3a73977a118d949c4fb8,4659,31,downloaded,
312,48_113_0050,Convention Center C312,2024-06,88101,24hr,maximum|average|standard_deviation,cams_0312/cams_0312_2024-06_pm25.csv,https://www.tceq.texas.gov/cgi-bin/compliance/monops/monthly_summary.pl,2026-09-09 18:19:03 UTC,7bb73979fe8c4e26d49ae8629ae2db968a59fd09c3e9eae3a30fead7343d1368,4537,30,downloaded,
312,48_113_0050,Convention Center C312,2024-07,88101,24hr,maximum|average|standard_deviation,cams_0312/cams_0312_2024-07_pm25.csv,https://www.tceq.texas.gov/cgi-bin/compliance/monops/monthly_summary.pl,2026-09-09 18:19:04 UTC,f4a9d78e590a823fb15e9c1b25a850d85a8d88307dc41920d8aba3685ec756bd,4726,31,downloaded,
312,48_113_0050,Convention Center C312,2024-08,88101,24hr,maximum|average|standard_deviation,cams_0312/cams_0312_2024-08_pm25.csv,https://www.tceq.texas.gov/cgi-bin/compliance/monops/monthly_summary.pl,2026-09-09 18:19:05 UTC,bb08f36957f1c5b9fdc5eff73429d2fb9b81d3858a75007e1ac51c78e8fe5457,4740,31,downloaded,
312,48_113_0050,Convention Center C312,2024-09,88101,24hr,maximum|average|standard_deviation,cams_0312/cams_0312_2024-09_pm25.csv,https://www.tceq.texas.gov/cgi-bin/compliance/monops/monthly_summary.pl,2026-09-09 18:19:06 UTC,2070d1e5bb639774d71aeebe4fbf00407676ba20d8622f1b41a81a985b90fd73,4249,30,downloaded,
312,48_113_0050,Convention Center C312,2024-10,88101,24hr,maximum|average|standard_deviation,cams_0312/cams_0312_2024-10_pm25.csv,https://www.tceq.texas.gov/cgi-bin/compliance/monops/monthly_summary.pl,2026-09-09 18:19:07 UTC,8fffd65f10c8f9247cb0a9bc986d2a875944da3b620d7360355a7593da0eed03,4470,31,downloaded,
312,48_113_0050,Convention Center C312,2024-11,88101,24hr,maximum|average|standard_deviation,cams_0312/cams_0312_2024-11_pm25.csv,https://www.tceq.texas.gov/cgi-bin/compliance/monops/monthly_summary.pl,2026-09-09 18:19:08 UTC,abcf62ef03f563e6acac954b821e5077ad0d894194aa714b5edaa9ba380a3782,4330,30,downloaded,
312,48_113_0050,Convention Center C312,2024-12,88101,24hr,maximum|average|standard_deviation,cams_0312/cams_0312_2024-12_pm25.csv,https://www.tceq.texas.gov/cgi-bin/compliance/monops/monthly_summary.pl,2026-09-09 18:19:09 UTC,aefa0637f617f38fcd7158de5f6c096111fb593d4597f5574c12b98bbf900083,4382,31,downloaded,
312,48_113_0050,Convention Center C312,2025-01,88101,24hr,maximum|average|standard_deviation,cams_0312/cams_0312_2025-01_pm25.csv,https://www.tceq.texas.gov/cgi-bin/compliance/monops/monthly_summary.pl,2026-09-09 18:19:10 UTC,05a7715a1a95e88bb99fe3c5245c78425b0d26e835cb21c88728509fe1054c95,4451,31,downloaded,
312,48_113_0050,Convention Center C312,2025-02,88101,24hr,maximum|average|standard_deviation,cams_0312/cams_0312_2025-02_pm25.csv,https://www.tceq.texas.gov/cgi-bin/compliance/monops/monthly_summary.pl,2026-09-09 18:19:11 UTC,7602a92b946a5ada3f524ed829b297bddcc0599a505dcfa0e989f351c8864a7e,4058,28,downloaded,
312,48_113_0050,Convention Center C312,2025-03,88101,24hr,maximum|average|standard_deviation,cams_0312/cams_0312_2025-03_pm25.csv,https://www.tceq.texas.gov/cgi-bin/compliance/monops/monthly_summary.pl,2026-09-09 18:19:12 UTC,89155b2da21f1b1b6dfc5c0bf29867fe0db50229446682ff0df21ec3d6421bc9,4451,31,downloaded,
312,48_113_0050,Convention Center C312,2025-04,88101,24hr,maximum|average|standard_deviation,cams_0312/cams_0312_2025-04_pm25.csv,https://www.tceq.texas.gov/cgi-bin/compliance/monops/monthly_summary.pl,2026-09-09 18:19:13 UTC,d0025a7074942ee681ae1ac593c9abe5a51ff239fca9904e7d1196385b9cb195,4421,30,downloaded,
312,48_113_0050,Convention Center C312,2025-05,88101,24hr,maximum|average|standard_deviation,cams_0312/cams_0312_2025-05_pm25.csv,https://www.tceq.texas.gov/cgi-bin/compliance/monops/monthly_summary.pl,2026-09-09 18:19:14 UTC,8b834ad7a376a617ff9ac140e7e67ffee83f79c4e38323f918e326a6aad48735,4507,31,downloaded,
312,48_113_0050,Convention Center C312,2025-06,88101,24hr,maximum|average|standard_deviation,cams_0312/cams_0312_2025-06_pm25.csv,https://www.tceq.texas.gov/cgi-bin/compliance/monops/monthly_summary.pl,2026-09-09 18:19:15 UTC,bf58dfd62ed24cbc06fe583c89af21a0faba02ab5a50b3a11ad8b1c02446c071,4366,30,downloaded,
312,48_113_0050,Convention Center C312,2025-07,88101,24hr,maximum|average|standard_deviation,cams_0312/cams_0312_2025-07_pm25.csv,https://www.tceq.texas.gov/cgi-bin/compliance/monops/monthly_summary.pl,2026-09-09 18:19:16 UTC,0b1bf1ef9b5d3487da9931f433dd0a5747fd5ed052eef1f4d74db64b861dc230,4618,31,downloaded,
312,48_113_0050,Convention Center C312,2025-08,88101,24hr,maximum|average|standard_deviation,cams_0312/cams_0312_2025-08_pm25.csv,https://www.tceq.texas.gov/cgi-bin/compliance/monops/monthly_summary.pl,2026-09-09 18:19:17 UTC,98caf3425527bd3e679ae16db2a50e48df1ff76c2cd2b403e7e9d06a1a6bee58,4660,31,downloaded,
312,48_113_0050,Convention Center C312,2025-09,88101,24hr,maximum|average|standard_deviation,cams_0312/cams_0312_2025-09_pm25.csv,https://www.tceq.texas.gov/cgi-bin/compliance/monops/monthly_summary.pl,2026-09-09 18:19:18 UTC,0baa679e55444caf9ed797576549f62ac70aaba7752d0c2973c29a09bf6f3026,4410,30,downloaded,
312,48_113_0050,Convention Center C312,2025-10,88101,24hr,maximum|average|standard_deviation,cams_0312/cams_0312_2025-10_pm25.csv,https://www.tceq.texas.gov/cgi-bin/compliance/monops/monthly_summary.pl,2026-09-09 18:19:19 UTC,e587a061d53e0bb0f09898b0171e3a9676a60fe9a552927fc0d1941be8201ee9,4576,31,downloaded,
312,48_113_0050,Convention Center C312,2025-11,88101,24hr,maximum|average|standard_deviation,cams_0312/cams_0312_2025-11_pm25.csv,https://www.tceq.texas.gov/cgi-bin/compliance/monops/monthly_summary.pl,2026-09-09 18:19:20 UTC,d7cf8dfb5c1248950ebbdca959456fe20708360eee0c302a443225b9f239d4da,4247,30,downloaded,
312,48_113_0050,Convention Center C312,2025-12,88101,24hr,maximum|average|standard_deviation,cams_0312/cams_0312_2025-12_pm25.csv,https://www.tceq.texas.gov/cgi-bin/compliance/monops/monthly_summary.pl,2026-09-09 18:19:20 UTC,aec6b89605edf7fda598489ba2dda9624fb40e62a628adadf0047bd467a2175f,4453,31,downloaded,
312,48_113_0050,Convention Center C312,2026-01,88101,24hr,maximum|average|standard_deviation,cams_0312/cams_0312_2026-01_pm25.csv,https://www.tceq.texas.gov/cgi-bin/compliance/monops/monthly_summary.pl,2026-09-09 18:19:21 UTC,190be0e7b21b8e321b54af65b9a00f2ca6eb1889957265bf2da62341b65c9571,4531,31,downloaded,
312,48_113_0050,Convention Center C312,2026-02,88101,24hr,maximum|average|standard_deviation,cams_0312/cams_0312_2026-02_pm25.csv,https://www.tceq.texas.gov/cgi-bin/compliance/monops/monthly_summary.pl,2026-09-09 18:19:22 UTC,3ecba20c9f0a4dc3de45727509d50ea21d76f3200c4407f6361fe73582e95cca,4089,28,downloaded,
312,48_113_0050,Convention Center C312,2026-03,88101,24hr,maximum|average|standard_deviation,cams_0312/cams_0312_2026-03_pm25.csv,https://www.tceq.texas.gov/cgi-bin/compliance/monops/monthly_summary.pl,2026-09-09 18:19:23 UTC,ab0680d0b871fbeb02965768a3bd8be95566b072a5255e2caccb21c47631362d,4412,31,downloaded,
312,48_113_0050,Convention Center C312,2026-04,88101,24hr,maximum|average|standard_deviation,cams_0312/cams_0312_2026-04_pm25.csv,https://www.tceq.texas.gov/cgi-bin/compliance/monops/monthly_summary.pl,2026-09-09 18:19:24 UTC,2d90ad00b01a013bb4bc879af5327284acc5e0b8683ade664265a7e2f8366f01,4393,30,downloaded,
312,48_113_0050,Convention Center C312,2026-05,88101,24hr,maximum|average|standard_deviation,cams_0312/cams_0312_2026-05_pm25.csv,https://www.tceq.texas.gov/cgi-bin/compliance/monops/monthly_summary.pl,2026-09-09 18:19:25 UTC,9305c9c6ee12814d476de09478f0dee6a13512f24823e677f0819c6ec79ce90f,4479,31,downloaded,
312,48_113_0050,Convention Center C312,2026-06,88101,24hr,maximum|average|standard_deviation,cams_0312/cams_0312_2026-06_pm25.csv,https://www.tceq.texas.gov/cgi-bin/compliance/monops/monthly_summary.pl,2026-09-09 18:19:26 UTC,55a18112367c7404903f51dbb8ce6a0517e991815c68a152b2ac450256d3ede9,4469,30,downloaded,
312,48_113_0050,Convention Center C312,2026-07,88101,24hr,maximum|average|standard_deviation,cams_0312/cams_0312_2026-07_pm25.csv,https://www.tceq.texas.gov/cgi-bin/compliance/monops/monthly_summary.pl,2026-09-09 18:19:27 UTC,c315f638ee01267598fc3ebd22898f7e431cc91be6a3c01b808221c3761c4ffd,4744,31,downloaded,
312,48_113_0050,Convention Center C312,2026-08,88101,24hr,maximum|average|standard_deviation,cams_0312/cams_0312_2026-08_pm25.csv,https://www.tceq.texas.gov/cgi-bin/compliance/monops/monthly_summary.pl,2026-09-09 18:19:28 UTC,4e1eb02296f6a7bf2cd8625b39a94b1fa67f8a459241cc83cad9495d41f56ab0,4738,31,downloaded,
60,48_113_0069,Dallas Hinton St. C401/C60/AH161,2000-07,88101,24hr,maximum|average|standard_deviation,cams_0060/cams_0060_2000-07_pm25.csv,https://www.tceq.texas.gov/cgi-bin/compliance/monops/monthly_summary.pl,2026-09-09 18:19:29 UTC,595c36da32417f00d9f4692c82800d0c5cfe7a7d2add5994b2f3854db78fa6a0,4019,31,downloaded,
60,48_113_0069,Dallas Hinton St. C401/C60/AH161,2000-08,88101,24hr,maximum|average|standard_deviation,cams_0060/cams_0060_2000-08_pm25.csv,https://www.tceq.texas.gov/cgi-bin/compliance/monops/monthly_summary.pl,2026-09-09 18:19:30 UTC,8a545c4254fc1dde2973e4f7e400ddba60ed2f5d6faac6c0d851a902dd031965,4685,31,downloaded,
60,48_113_0069,Dallas Hinton St. C401/C60/AH161,2000-09,88101,24hr,maximum|average|standard_deviation,cams_0060/cams_0060_2000-09_pm25.csv,https://www.tceq.texas.gov/cgi-bin/compliance/monops/monthly_summary.pl,2026-09-09 18:19:32 UTC,cbc3744e09ce353ebdf4d9f476ff3945e2bd43aa3ccb4fba5dede88597d14c16,4460,30,downloaded,
60,48_113_0069,Dallas Hinton St. C401/C60/AH161,2000-10,88101,24hr,maximum|average|standard_deviation,cams_0060/cams_0060_2000-10_pm25.csv,https://www.tceq.texas.gov/cgi-bin/compliance/monops/monthly_summary.pl,2026-09-09 18:19:33 UTC,2ff69b9121282e79c5b78c641e96f6181092d9489ce589984735b7d4904e890d,4602,31,downloaded,
60,48_113_0069,Dallas Hinton St. C401/C60/AH161,2000-11,88101,24hr,maximum|average|standard_deviation,cams_0060/cams_0060_2000-11_pm25.csv,https://www.tceq.texas.gov/cgi-bin/compliance/monops/monthly_summary.pl,2026-09-09 18:19:34 UTC,b433327507f52b5113803a8bffc5b2be947c63308e286039b5cf4c5a1e27958a,4270,30,downloaded,
60,48_113_0069,Dallas Hinton St. C401/C60/AH161,2000-12,88101,24hr,maximum|average|standard_deviation,cams_0060/cams_0060_2000-12_pm25.csv,https://www.tceq.texas.gov/cgi-bin/compliance/monops/monthly_summary.pl,2026-09-09 18:19:35 UTC,75c77f9d432055549f0c03b3ea3a130cff6467b88acbad89f70b62696a0ee58a,4392,31,downloaded,
60,48_113_0069,Dallas Hinton St. C401/C60/AH161,2001-01,88101,24hr,maximum|average|standard_deviation,cams_0060/cams_0060_2001-01_pm25.csv,https://www.tceq.texas.gov/cgi-bin/compliance/monops/monthly_summary.pl,2026-09-09 18:19:37 UTC,d7f8f94bdc0fb5d31d94c7913db743439307e6a19b57c99890f7a09de618c80b,4483,31,downloaded,
60,48_113_0069,Dallas Hinton St. C401/C60/AH161,2001-02,88101,24hr,maximum|average|standard_deviation,cams_0060/cams_0060_2001-02_pm25.csv,https://www.tceq.texas.gov/cgi-bin/compliance/monops/monthly_summary.pl,2026-09-09 18:19:38 UTC,a116f5f08e48da156bde3b2f06ffde768e4bf996e5ea8796490d4e902035ceb0,4058,28,downloaded,
60,48_113_0069,Dallas Hinton St. C401/C60/AH161,2001-03,88101,24hr,maximum|average|standard_deviation,cams_0060/cams_0060_2001-03_pm25.csv,https://www.tceq.texas.gov/cgi-bin/compliance/monops/monthly_summary.pl,2026-09-09 18:19:39 UTC,77665a0d48ff30c35c034f7b40fd911be5fe03547e1eee12ea1792598339a060,4461,31,downloaded,
60,48_113_0069,Dallas Hinton St. C401/C60/AH161,2001-04,88101,24hr,maximum|average|standard_deviation,cams_0060/cams_0060_2001-04_pm25.csv,https://www.tceq.texas.gov/cgi-bin/compliance/monops/monthly_summary.pl,2026-09-09 18:19:40 UTC,41caaffdbb808a8495ab64e6ce8c3c6a1052234c5ec09a25a0907e8dba7cedda,4527,30,downloaded,
60,48_113_0069,Dallas Hinton St. C401/C60/AH161,2001-05,88101,24hr,maximum|average|standard_deviation,cams_0060/cams_0060_2001-05_pm25.csv,https://www.tceq.texas.gov/cgi-bin/compliance/monops/monthly_summary.pl,2026-09-09 18:19:42 UTC,c5a32f2e16f5f964709215e0c82436b039842e747434e30da23ab01b49b69677,4558,31,downloaded,
60,48_113_0069,Dallas Hinton St. C401/C60/AH161,2001-06,88101,24hr,maximum|average|standard_deviation,cams_0060/cams_0060_2001-06_pm25.csv,https://www.tceq.texas.gov/cgi-bin/compliance/monops/monthly_summary.pl,2026-09-09 18:19:43 UTC,a7d5c56c8d507754668b1b3c52fd4603f7aa4bbffa22627d29d153559b896a77,4461,30,downloaded,
60,48_113_0069,Dallas Hinton St. C401/C60/AH161,2001-07,88101,24hr,maximum|average|standard_deviation,cams_0060/cams_0060_2001-07_pm25.csv,https://www.tceq.texas.gov/cgi-bin/compliance/monops/monthly_summary.pl,2026-09-09 18:19:44 UTC,52150b125eddc2fc0aeaf3097be7a18b0c672be9c47280ea54103a5507850848,4640,31,downloaded,
60,48_113_0069,Dallas Hinton St. C401/C60/AH161,2001-08,88101,24hr,maximum|average|standard_deviation,cams_0060/cams_0060_2001-08_pm25.csv,https://www.tceq.texas.gov/cgi-bin/compliance/monops/monthly_summary.pl,2026-09-09 18:19:45 UTC,aca550f8f6d550a1df1e27a76e28a68abab8e2273a49a5d3ab7f51da33d9113d,4553,31,downloaded,
60,48_113_0069,Dallas Hinton St. C401/C60/AH161,2001-09,88101,24hr,maximum|average|standard_deviation,cams_0060/cams_0060_2001-09_pm25.csv,https://www.tceq.texas.gov/cgi-bin/compliance/monops/monthly_summary.pl,2026-09-09 18:19:47 UTC,0b5f415c0248f7a4786168fb75d235fc8bad5282ff0524c24f6f79fba9076ad0,4405,30,downloaded,
60,48_113_0069,Dallas Hinton St. C401/C60/AH161,2001-10,88101,24hr,maximum|average|standard_deviation,cams_0060/cams_0060_2001-10_pm25.csv,https://www.tceq.texas.gov/cgi-bin/compliance/monops/monthly_summary.pl,2026-09-09 18:19:48 UTC,240ba24a982058d8acf223b89aa9808766d102e8d45457fa2c7ff85fea50cf0d,4459,31,downloaded,
60,48_113_0069,Dallas Hinton St. C401/C60/AH161,2001-11,88101,24hr,maximum|average|standard_deviation,cams_0060/cams_0060_2001-11_pm25.csv,https://www.tceq.texas.gov/cgi-bin/compliance/monops/monthly_summary.pl,2026-09-09 18:19:49 UTC,1794c28644be535039968d007a3bb029e29508f195a430590e1e15edccf6801b,4442,30,downloaded,
60,48_113_0069,Dallas Hinton St. C401/C60/AH161,2001-12,88101,24hr,maximum|average|standard_deviation,cams_0060/cams_0060_2001-12_pm25.csv,https://www.tceq.texas.gov/cgi-bin/compliance/monops/monthly_summary.pl,2026-09-09 18:19:50 UTC,fd44f9b612fa69f8adcf14bae92aa2afc6937e115b1ea3f94398b90c3d2a9f36,4323,31,downloaded,
60,48_113_0069,Dallas Hinton St. C401/C60/AH161,2002-01,88101,24hr,maximum|average|standard_deviation,cams_0060/cams_0060_2002-01_pm25.csv,https://www.tceq.texas.gov/cgi-bin/compliance/monops/monthly_summary.pl,2026-09-09 18:19:52 UTC,d55e129cad95d755469fbe671df6342dbc0aed7a85368895abda720fd9cf185c,4364,31,downloaded,
60,48_113_0069,Dallas Hinton St. C401/C60/AH161,2002-02,88101,24hr,maximum|average|standard_deviation,cams_0060/cams_0060_2002-02_pm25.csv,https://www.tceq.texas.gov/cgi-bin/compliance/monops/monthly_summary.pl,2026-09-09 18:19:53 UTC,0e02268db3113833d3adb9594f11e716aa37547d2bef3866d8b156b0d5831d6e,3965,28,downloaded,
60,48_113_0069,Dallas Hinton St. C401/C60/AH161,2002-03,88101,24hr,maximum|average|standard_deviation,cams_0060/cams_0060_2002-03_pm25.csv,https://www.tceq.texas.gov/cgi-bin/compliance/monops/monthly_summary.pl,2026-09-09 18:19:54 UTC,a2368cb3e6ef25a55416e50985ab612e220d9b0f9d358e0b2bc5b70751d4f7fa,4517,31,downloaded,
60,48_113_0069,Dallas Hinton St. C401/C60/AH161,2002-04,88101,24hr,maximum|average|standard_deviation,cams_0060/cams_0060_2002-04_pm25.csv,https://www.tceq.texas.gov/cgi-bin/compliance/monops/monthly_summary.pl,2026-09-09 18:19:56 UTC,2ca40330cd8c31da1100f0a78615cd7fdc29ba1da03c38f4a6e263478bc0b882,4452,30,downloaded,
60,48_113_0069,Dallas Hinton St. C401/C60/AH161,2002-05,88101,24hr,maximum|average|standard_deviation,cams_0060/cams_0060_2002-05_pm25.csv,https://www.tceq.texas.gov/cgi-bin/compliance/monops/monthly_summary.pl,2026-09-09 18:19:57 UTC,f2dee048084c6947f21ebbc62376b60bc7f6410c3acef313c4c8fd5d73a68771,4605,31,downloaded,
60,48_113_0069,Dallas Hinton St. C401/C60/AH161,2002-06,88101,24hr,maximum|average|standard_deviation,cams_0060/cams_0060_2002-06_pm25.csv,https://www.tceq.texas.gov/cgi-bin/compliance/monops/monthly_summary.pl,2026-09-09 18:19:58 UTC,fe4698c4519220e2fa76fca38c3951804d7c643d0a29319f90ce5aeed8ab8c2d,4486,30,downloaded,
60,48_113_0069,Dallas Hinton St. C401/C60/AH161,2002-07,88101,24hr,maximum|average|standard_deviation,cams_0060/cams_0060_2002-07_pm25.csv,https://www.tceq.texas.gov/cgi-bin/compliance/monops/monthly_summary.pl,2026-09-09 18:19:59 UTC,93c05ee46fccc4def9a567069325d4b3ca84eb46bf834b5802e436b589ff1d8f,4595,31,downloaded,
60,48_113_0069,Dallas Hinton St. C401/C60/AH161,2002-08,88101,24hr,maximum|average|standard_deviation,cams_0060/cams_0060_2002-08_pm25.csv,https://www.tceq.texas.gov/cgi-bin/compliance/monops/monthly_summary.pl,2026-09-09 18:20:00 UTC,c120d7bd7286051201fe7d03fa274b6addf4620d822285a353ae1c37c197ee3c,4664,31,downloaded,
60,48_113_0069,Dallas Hinton St. C401/C60/AH161,2002-09,88101,24hr,maximum|average|standard_deviation,cams_0060/cams_0060_2002-09_pm25.csv,https://www.tceq.texas.gov/cgi-bin/compliance/monops/monthly_summary.pl,2026-09-09 18:20:02 UTC,632f5c7c6be81c581b5defbda61b349dd0aa33af0e2543c583431071314f1090,4571,30,downloaded,
60,48_113_0069,Dallas Hinton St. C401/C60/AH161,2002-10,88101,24hr,maximum|average|standard_deviation,cams_0060/cams_0060_2002-10_pm25.csv,https://www.tceq.texas.gov/cgi-bin/compliance/monops/monthly_summary.pl,2026-09-09 18:20:03 UTC,4c0dfa5040bdf43de03e007953e901d22da6147f04697fbe3806b95b469a9bfe,4451,31,downloaded,
60,48_113_0069,Dallas Hinton St. C401/C60/AH161,2002-11,88101,24hr,maximum|average|standard_deviation,cams_0060/cams_0060_2002-11_pm25.csv,https://www.tceq.texas.gov/cgi-bin/compliance/monops/monthly_summary.pl,2026-09-09 18:20:05 UTC,ad600929694843311dfea0c8f8408550965d9308f1ddadf75d086f462f2a1e83,4209,30,downloaded,
60,48_113_0069,Dallas Hinton St. C401/C60/AH161,2002-12,88101,24hr,maximum|average|standard_deviation,cams_0060/cams_0060_2002-12_pm25.csv,https://www.tceq.texas.gov/cgi-bin/compliance/monops/monthly_summary.pl,2026-09-09 18:20:06 UTC,ceeb06e3d4575110c7994b0cc41422ecb24c0c44143280828d37e627631920a7,4391,31,downloaded,
60,48_113_0069,Dallas Hinton St. C401/C60/AH161,2003-01,88101,24hr,maximum|average|standard_deviation,cams_0060/cams_0060_2003-01_pm25.csv,https://www.tceq.texas.gov/cgi-bin/compliance/monops/monthly_summary.pl,2026-09-09 18:20:07 UTC,edb2547fa086131f104910d661497363e77579763b8bcdff7676782dd9cccfd4,4444,31,downloaded,
60,48_113_0069,Dallas Hinton St. C401/C60/AH161,2003-02,88101,24hr,maximum|average|standard_deviation,cams_0060/cams_0060_2003-02_pm25.csv,https://www.tceq.texas.gov/cgi-bin/compliance/monops/monthly_summary.pl,2026-09-09 18:20:09 UTC,96a42ac306c28fecd19e6cb98cf1a5f9553a889ef3f2bb793a1e5d4243b709fd,4008,28,downloaded,
60,48_113_0069,Dallas Hinton St. C401/C60/AH161,2003-03,88101,24hr,maximum|average|standard_deviation,cams_0060/cams_0060_2003-03_pm25.csv,https://www.tceq.texas.gov/cgi-bin/compliance/monops/monthly_summary.pl,2026-09-09 18:20:10 UTC,1c8a6a41aa7cb88d5c893322c813c43757d2a6abe44be7a17b0c9c5572b22a86,4534,31,downloaded,
60,48_113_0069,Dallas Hinton St. C401/C60/AH161,2003-04,88101,24hr,maximum|average|standard_deviation,cams_0060/cams_0060_2003-04_pm25.csv,https://www.tceq.texas.gov/cgi-bin/compliance/monops/monthly_summary.pl,2026-09-09 18:20:11 UTC,936c186bb4fa28958480347d59c1ef2c9dc2170123d42f1a6a7b397c64f869dd,4378,30,downloaded,
60,48_113_0069,Dallas Hinton St. C401/C60/AH161,2003-05,88101,24hr,maximum|average|standard_deviation,cams_0060/cams_0060_2003-05_pm25.csv,https://www.tceq.texas.gov/cgi-bin/compliance/monops/monthly_summary.pl,2026-09-09 18:20:13 UTC,daab48422c7b9a7052280905371b557f7735c305fdb451a000acdcd8133b08ec,4759,31,downloaded,
60,48_113_0069,Dallas Hinton St. C401/C60/AH161,2003-06,88101,24hr,maximum|average|standard_deviation,cams_0060/cams_0060_2003-06_pm25.csv,https://www.tceq.texas.gov/cgi-bin/compliance/monops/monthly_summary.pl,2026-09-09 18:20:14 UTC,901dde3a3f66fc8161043f1c02c449abedcc6c03763b678332a76ab45ab4aea2,4379,30,downloaded,
60,48_113_0069,Dallas Hinton St. C401/C60/AH161,2003-07,88101,24hr,maximum|average|standard_deviation,cams_0060/cams_0060_2003-07_pm25.csv,https://www.tceq.texas.gov/cgi-bin/compliance/monops/monthly_summary.pl,2026-09-09 18:20:16 UTC,164303a25ae9d5b153e0c31c4f9bfd352ff278c259ced751214ee22b38f8ad0a,4723,31,downloaded,
60,48_113_0069,Dallas Hinton St. C401/C60/AH161,2003-08,88101,24hr,maximum|average|standard_deviation,cams_0060/cams_0060_2003-08_pm25.csv,https://www.tceq.texas.gov/cgi-bin/compliance/monops/monthly_summary.pl,2026-09-09 18:20:18 UTC,d550936107b2b520115fb0d61ed4bf6ea8dd4d5824aa39371225a567ee5b4a63,4742,31,downloaded,
60,48_113_0069,Dallas Hinton St. C401/C60/AH161,2003-09,88101,24hr,maximum|average|standard_deviation,cams_0060/cams_0060_2003-09_pm25.csv,https://www.tceq.texas.gov/cgi-bin/compliance/monops/monthly_summary.pl,2026-09-09 18:20:19 UTC,9bcbd251ab4e7ee0eb155c007dbafbfa25f292da6b5e1a70c27c0e55cc3aaa72,4491,30,downloaded,
60,48_113_0069,Dallas Hinton St. C401/C60/AH161,2003-10,88101,24hr,maximum|average|standard_deviation,cams_0060/cams_0060_2003-10_pm25.csv,https://www.tceq.texas.gov/cgi-bin/compliance/monops/monthly_summary.pl,2026-09-09 18:20:21 UTC,6b532b575672cc340f38de6ea20f3450f2013a2bf746b2be918d21e4f80bf27c,4558,31,downloaded,
60,48_113_0069,Dallas Hinton St. C401/C60/AH161,2003-11,88101,24hr,maximum|average|standard_deviation,cams_0060/cams_0060_2003-11_pm25.csv,https://www.tceq.texas.gov/cgi-bin/compliance/monops/monthly_summary.pl,2026-09-09 18:20:22 UTC,adc50b0bf564937f427c9d8a7e8c23066bdd02d16f73258e0e9840153a191ea8,4280,30,downloaded,
60,48_113_0069,Dallas Hinton St. C401/C60/AH161,2003-12,88101,24hr,maximum|average|standard_deviation,cams_0060/cams_0060_2003-12_pm25.csv,https://www.tceq.texas.gov/cgi-bin/compliance/monops/monthly_summary.pl,2026-09-09 18:20:24 UTC,aa2aa937b6a3f5de2a98b4306b3e07353afcf143f8fe3da9fa0b7f2e0549d19d,4349,31,downloaded,
60,48_113_0069,Dallas Hinton St. C401/C60/AH161,2004-01,88101,24hr,maximum|average|standard_deviation,cams_0060/cams_0060_2004-01_pm25.csv,https://www.tceq.texas.gov/cgi-bin/compliance/monops/monthly_summary.pl,2026-09-09 18:20:25 UTC,1711be3a4f6c8c62d6581bb49e1956f37f73d5058aa3563c2a10d4e4d4089e26,4470,31,downloaded,
60,48_113_0069,Dallas Hinton St. C401/C60/AH161,2004-02,88101,24hr,maximum|average|standard_deviation,cams_0060/cams_0060_2004-02_pm25.csv,https://www.tceq.texas.gov/cgi-bin/compliance/monops/monthly_summary.pl,2026-09-09 18:20:26 UTC,e9a366886fa68667abf0dfee962bf1ac9237537836307c3e9b3967a248b5196e,4215,29,downloaded,
60,48_113_0069,Dallas Hinton St. C401/C60/AH161,2004-03,88101,24hr,maximum|average|standard_deviation,cams_0060/cams_0060_2004-03_pm25.csv,https://www.tceq.texas.gov/cgi-bin/compliance/monops/monthly_summary.pl,2026-09-09 18:20:28 UTC,eb303d56bfc076b75c208393070a53b6e09da85010a3d29737d520e00db70da1,4462,31,downloaded,
60,48_113_0069,Dallas Hinton St. C401/C60/AH161,2004-04,88101,24hr,maximum|average|standard_deviation,cams_0060/cams_0060_2004-04_pm25.csv,https://www.tceq.texas.gov/cgi-bin/compliance/monops/monthly_summary.pl,2026-09-09 18:20:29 UTC,bf8a781c0ea58b98a2c62cf949896aea2be67a090b3c5945626d330f83d99233,4442,30,downloaded,
60,48_113_0069,Dallas Hinton St. C401/C60/AH161,2004-05,88101,24hr,maximum|average|standard_deviation,cams_0060/cams_0060_2004-05_pm25.csv,https://www.tceq.texas.gov/cgi-bin/compliance/monops/monthly_summary.pl,2026-09-09 18:20:30 UTC,aea7534ed2ecb8af29fd976db78cffeca3dcf098943fdd3764ca54e761d4830c,4524,31,downloaded,
60,48_113_0069,Dallas Hinton St. C401/C60/AH161,2004-06,88101,24hr,maximum|average|standard_deviation,cams_0060/cams_0060_2004-06_pm25.csv,https://www.tceq.texas.gov/cgi-bin/compliance/monops/monthly_summary.pl,2026-09-09 18:20:32 UTC,6e08b512f61d60f27fca052748898bb184df89af2c01b0564b738be28eda269b,4374,30,downloaded,
60,48_113_0069,Dallas Hinton St. C401/C60/AH161,2004-07,88101,24hr,maximum|average|standard_deviation,cams_0060/cams_0060_2004-07_pm25.csv,https://www.tceq.texas.gov/cgi-bin/compliance/monops/monthly_summary.pl,2026-09-09 18:20:33 UTC,3eb7aceab7da5d35922d0d545e47771e038b0b96e272e0709c887dbcaaaa439e,4588,31,downloaded,
60,48_113_0069,Dallas Hinton St. C401/C60/AH161,2004-08,88101,24hr,maximum|average|standard_deviation,cams_0060/cams_0060_2004-08_pm25.csv,https://www.tceq.texas.gov/cgi-bin/compliance/monops/monthly_summary.pl,2026-09-09 18:20:34 UTC,9e47ccb8a5ff7464e32d744f454928dafc899fd6c2cc8fa0c960d3b1786aae09,4239,31,downloaded,
60,48_113_0069,Dallas Hinton St. C401/C60/AH161,2004-09,88101,24hr,maximum|average|standard_deviation,cams_0060/cams_0060_2004-09_pm25.csv,https://www.tceq.texas.gov/cgi-bin/compliance/monops/monthly_summary.pl,2026-09-09 18:20:36 UTC,dc0bb6814202ebe48e27ea85bc1aafd92dfa0c35f2cc5e085d627538cd56c001,4583,30,downloaded,
60,48_113_0069,Dallas Hinton St. C401/C60/AH161,2004-10,88101,24hr,maximum|average|standard_deviation,cams_0060/cams_0060_2004-10_pm25.csv,https://www.tceq.texas.gov/cgi-bin/compliance/monops/monthly_summary.pl,2026-09-09 18:20:37 UTC,5432594f14a9db009d510711faefe9ab5cf81c0f7d500c87c35e486ce8c95e46,4477,31,downloaded,
60,48_113_0069,Dallas Hinton St. C401/C60/AH161,2004-11,88101,24hr,maximum|average|standard_deviation,cams_0060/cams_0060_2004-11_pm25.csv,https://www.tceq.texas.gov/cgi-bin/compliance/monops/monthly_summary.pl,2026-09-09 18:20:38 UTC,b5b252d40e789b311c0336bcb0ac52400459fde924a529885003c022c24f4f4d,4233,30,downloaded,
60,48_113_0069,Dallas Hinton St. C401/C60/AH161,2004-12,88101,24hr,maximum|average|standard_deviation,cams_0060/cams_0060_2004-12_pm25.csv,https://www.tceq.texas.gov/cgi-bin/compliance/monops/monthly_summary.pl,2026-09-09 18:20:40 UTC,3ce2d05b0fab6eee92d70a144295928c985047722e27a9b5f4300e2cd4834aa1,4352,31,downloaded,
60,48_113_0069,Dallas Hinton St. C401/C60/AH161,2005-01,88101,24hr,maximum|average|standard_deviation,cams_0060/cams_0060_2005-01_pm25.csv,https://www.tceq.texas.gov/cgi-bin/compliance/monops/monthly_summary.pl,2026-09-09 18:20:41 UTC,386476a0a2461fd0ecf7fc44e70b8a71fa78efabfc2946ccb931ceb1275b55f7,4445,31,downloaded,
60,48_113_0069,Dallas Hinton St. C401/C60/AH161,2005-02,88101,24hr,maximum|average|standard_deviation,cams_0060/cams_0060_2005-02_pm25.csv,https://www.tceq.texas.gov/cgi-bin/compliance/monops/monthly_summary.pl,2026-09-09 18:20:42 UTC,395887829ec71ffd493a92b2b111f5b96497366927770f2faccd39b69534b546,4164,28,downloaded,
60,48_113_0069,Dallas Hinton St. C401/C60/AH161,2005-03,88101,24hr,maximum|average|standard_deviation,cams_0060/cams_0060_2005-03_pm25.csv,https://www.tceq.texas.gov/cgi-bin/compliance/monops/monthly_summary.pl,2026-09-09 18:20:44 UTC,2b53007b2890d8b524ea7cb6de2652b3330d9ea9ad4d27bd6f49d08fffee4d01,4572,31,downloaded,
60,48_113_0069,Dallas Hinton St. C401/C60/AH161,2005-04,88101,24hr,maximum|average|standard_deviation,cams_0060/cams_0060_2005-04_pm25.csv,https://www.tceq.texas.gov/cgi-bin/compliance/monops/monthly_summary.pl,2026-09-09 18:20:45 UTC,0e75e1455f25da47e27e0341bd880a8c744a6bb8151aadfc201cce1197464b72,4513,30,downloaded,
60,48_113_0069,Dallas Hinton St. C401/C60/AH161,2005-05,88101,24hr,maximum|average|standard_deviation,cams_0060/cams_0060_2005-05_pm25.csv,https://www.tceq.texas.gov/cgi-bin/compliance/monops/monthly_summary.pl,2026-09-09 18:20:46 UTC,9b5820c2fd4c2fe5d00c6870072b72c1734ea62b488c5defbea0a80297372524,4753,31,downloaded,
60,48_113_0069,Dallas Hinton St. C401/C60/AH161,2005-06,88101,24hr,maximum|average|standard_deviation,cams_0060/cams_0060_2005-06_pm25.csv,https://www.tceq.texas.gov/cgi-bin/compliance/monops/monthly_summary.pl,2026-09-09 18:20:47 UTC,031faf6318b7aaf176efe6520f0a99316a352a392812848ef140a3b0dbd4f26a,4679,30,downloaded,
60,48_113_0069,Dallas Hinton St. C401/C60/AH161,2005-07,88101,24hr,maximum|average|standard_deviation,cams_0060/cams_0060_2005-07_pm25.csv,https://www.tceq.texas.gov/cgi-bin/compliance/monops/monthly_summary.pl,2026-09-09 18:20:49 UTC,cfc6154e9879cb4150e28f7ba82b5d7138284f0e9d5c30a8d17af6fa92954966,4724,31,downloaded,
60,48_113_0069,Dallas Hinton St. C401/C60/AH161,2005-08,88101,24hr,maximum|average|standard_deviation,cams_0060/cams_0060_2005-08_pm25.csv,https://www.tceq.texas.gov/cgi-bin/compliance/monops/monthly_summary.pl,2026-09-09 18:20:50 UTC,bde22f01246c061155387dfbd6b81ef0aa67d3ca8cc56931ba90e78c8e244eb0,4773,31,downloaded,
60,48_113_0069,Dallas Hinton St. C401/C60/AH161,2005-09,88101,24hr,maximum|average|standard_deviation,cams_0060/cams_0060_2005-09_pm25.csv,https://www.tceq.texas.gov/cgi-bin/compliance/monops/monthly_summary.pl,2026-09-09 18:20:51 UTC,b53acb51ffe8f0c62ae17cb46ff57756811bf26cd85199fbb2319c47a0b2a258,4619,30,downloaded,
60,48_113_0069,Dallas Hinton St. C401/C60/AH161,2005-10,88101,24hr,maximum|average|standard_deviation,cams_0060/cams_0060_2005-10_pm25.csv,https://www.tceq.texas.gov/cgi-bin/compliance/monops/monthly_summary.pl,2026-09-09 18:20:53 UTC,2b96d85972646d526d1c207fb3d3b23160ba43b91bf6bd97928eee63033e6d9d,4676,31,downloaded,
60,48_113_0069,Dallas Hinton St. C401/C60/AH161,2005-11,88101,24hr,maximum|average|standard_deviation,cams_0060/cams_0060_2005-11_pm25.csv,https://www.tceq.texas.gov/cgi-bin/compliance/monops/monthly_summary.pl,2026-09-09 18:20:54 UTC,168b4e17022f3c50db87d83fb15361bfbb8974ffe4c8586c15c67757cce496b2,4291,30,downloaded,
60,48_113_0069,Dallas Hinton St. C401/C60/AH161,2005-12,88101,24hr,maximum|average|standard_deviation,cams_0060/cams_0060_2005-12_pm25.csv,https://www.tceq.texas.gov/cgi-bin/compliance/monops/monthly_summary.pl,2026-09-09 18:20:55 UTC,12c17af748773c9522f4454df95311aecb9807653f14be6857ed6cbedcc30269,4488,31,downloaded,
60,48_113_0069,Dallas Hinton St. C401/C60/AH161,2006-01,88101,24hr,maximum|average|standard_deviation,cams_0060/cams_0060_2006-01_pm25.csv,https://www.tceq.texas.gov/cgi-bin/compliance/monops/monthly_summary.pl,2026-09-09 18:20:57 UTC,9995c8e612139d2a5e5f42ca5e2b1dad8cf5d6120dcc90e9040c0e886c021660,4434,31,downloaded,
60,48_113_0069,Dallas Hinton St. C401/C60/AH161,2006-02,88101,24hr,maximum|average|standard_deviation,cams_0060/cams_0060_2006-02_pm25.csv,https://www.tceq.texas.gov/cgi-bin/compliance/monops/monthly_summary.pl,2026-09-09 18:20:58 UTC,a1a32ea3a92a599f61cf832b7a2b2cdb294d888952287247728cd6587a778570,4101,28,downloaded,
60,48_113_0069,Dallas Hinton St. C401/C60/AH161,2006-03,88101,24hr,maximum|average|standard_deviation,cams_0060/cams_0060_2006-03_pm25.csv,https://www.tceq.texas.gov/cgi-bin/compliance/monops/monthly_summary.pl,2026-09-09 18:20:59 UTC,1c11fb624122b577db028e934cdcabf5c09cd343c25de1d128229b74bda4f0a6,4642,31,downloaded,
60,48_113_0069,Dallas Hinton St. C401/C60/AH161,2006-04,88101,24hr,maximum|average|standard_deviation,cams_0060/cams_0060_2006-04_pm25.csv,https://www.tceq.texas.gov/cgi-bin/compliance/monops/monthly_summary.pl,2026-09-09 18:21:01 UTC,28a63322bffb9c2509717af762faa570a470e41ec68baa6f156ece4ba85feefe,4552,30,downloaded,
60,48_113_0069,Dallas Hinton St. C401/C60/AH161,2006-05,88101,24hr,maximum|average|standard_deviation,cams_0060/cams_0060_2006-05_pm25.csv,https://www.tceq.texas.gov/cgi-bin/compliance/monops/monthly_summary.pl,2026-09-09 18:21:02 UTC,416acf9c79dc04f8f0548bd8bee965dd11ef966a473b60b9828f236c1071c96f,4494,31,downloaded,
60,48_113_0069,Dallas Hinton St. C401/C60/AH161,2006-06,88101,24hr,maximum|average|standard_deviation,cams_0060/cams_0060_2006-06_pm25.csv,https://www.tceq.texas.gov/cgi-bin/compliance/monops/monthly_summary.pl,2026-09-09 18:21:03 UTC,dba673cd1b7e271ec9e6f7ba7cd1b3cc73bea0920da4e743728a431eabc78e0d,4526,30,downloaded,
60,48_113_0069,Dallas Hinton St. C401/C60/AH161,2006-07,88101,24hr,maximum|average|standard_deviation,cams_0060/cams_0060_2006-07_pm25.csv,https://www.tceq.texas.gov/cgi-bin/compliance/monops/monthly_summary.pl,2026-09-09 18:21:05 UTC,1f6817190459236abba5c8ee8afe882b3ba573a81b0ca987e9a036a533512ec4,4697,31,downloaded,
60,48_113_0069,Dallas Hinton St. C401/C60/AH161,2006-08,88101,24hr,maximum|average|standard_deviation,cams_0060/cams_0060_2006-08_pm25.csv,https://www.tceq.texas.gov/cgi-bin/compliance/monops/monthly_summary.pl,2026-09-09 18:21:06 UTC,8f1f7cd5f49498314f7a131a4f5c916344705b6b708814e4463c31f167324f5e,4641,31,downloaded,
60,48_113_0069,Dallas Hinton St. C401/C60/AH161,2006-09,88101,24hr,maximum|average|standard_deviation,cams_0060/cams_0060_2006-09_pm25.csv,https://www.tceq.texas.gov/cgi-bin/compliance/monops/monthly_summary.pl,2026-09-09 18:21:07 UTC,abebd07e282aa0b5cdc7da46f9834950388e045115201073b2cd794260819a62,4428,30,downloaded,
60,48_113_0069,Dallas Hinton St. C401/C60/AH161,2006-10,88101,24hr,maximum|average|standard_deviation,cams_0060/cams_0060_2006-10_pm25.csv,https://www.tceq.texas.gov/cgi-bin/compliance/monops/monthly_summary.pl,2026-09-09 18:21:09 UTC,acc01eb376d43c468f2f6dbe88d7edaf18e4714928dcae39729105e84d19659a,4403,31,downloaded,
60,48_113_0069,Dallas Hinton St. C401/C60/AH161,2006-11,88101,24hr,maximum|average|standard_deviation,cams_0060/cams_0060_2006-11_pm25.csv,https://www.tceq.texas.gov/cgi-bin/compliance/monops/monthly_summary.pl,2026-09-09 18:21:10 UTC,e88c80f3af324a8ae44691481c9fde9973648d1c5380d60170eb55d899048425,4329,30,downloaded,
60,48_113_0069,Dallas Hinton St. C401/C60/AH161,2006-12,88101,24hr,maximum|average|standard_deviation,cams_0060/cams_0060_2006-12_pm25.csv,https://www.tceq.texas.gov/cgi-bin/compliance/monops/monthly_summary.pl,2026-09-09 18:21:11 UTC,c5a75d111e2826248ee0fc0f628d6c59eedcd05b4ace60135915f9c40a789b94,4400,31,downloaded,
60,48_113_0069,Dallas Hinton St. C401/C60/AH161,2007-01,88101,24hr,maximum|average|standard_deviation,,https://www.tceq.texas.gov/cgi-bin/compliance/monops/monthly_summary.pl,2026-09-09 18:21:13 UTC,,,0,no_data,
60,48_113_0069,Dallas Hinton St. C401/C60/AH161,2007-02,88101,24hr,maximum|average|standard_deviation,,https://www.tceq.texas.gov/cgi-bin/compliance/monops/monthly_summary.pl,2026-09-09 18:21:14 UTC,,,0,no_data,
60,48_113_0069,Dallas Hinton St. C401/C60/AH161,2007-03,88101,24hr,maximum|average|standard_deviation,,https://www.tceq.texas.gov/cgi-bin/compliance/monops/monthly_summary.pl,2026-09-09 18:21:15 UTC,,,0,no_data,
60,48_113_0069,Dallas Hinton St. C401/C60/AH161,2007-04,88101,24hr,maximum|average|standard_deviation,,https://www.tceq.texas.gov/cgi-bin/compliance/monops/monthly_summary.pl,2026-09-09 18:21:17 UTC,,,0,no_data,
60,48_113_0069,Dallas Hinton St. C401/C60/AH161,2007-05,88101,24hr,maximum|average|standard_deviation,,https://www.tceq.texas.gov/cgi-bin/compliance/monops/monthly_summary.pl,2026-09-09 18:21:18 UTC,,,0,no_data,
60,48_113_0069,Dallas Hinton St. C401/C60/AH161,2007-06,88101,24hr,maximum|average|standard_deviation,,https://www.tceq.texas.gov/cgi-bin/compliance/monops/monthly_summary.pl,2026-09-09 18:21:19 UTC,,,0,no_data,
60,48_113_0069,Dallas Hinton St. C401/C60/AH161,2007-07,88101,24hr,maximum|average|standard_deviation,,https://www.tceq.texas.gov/cgi-bin/compliance/monops/monthly_summary.pl,2026-09-09 18:21:21 UTC,,,0,no_data,
60,48_113_0069,Dallas Hinton St. C401/C60/AH161,2007-08,88101,24hr,maximum|average|standard_deviation,,https://www.tceq.texas.gov/cgi-bin/compliance/monops/monthly_summary.pl,2026-09-09 18:21:22 UTC,,,0,no_data,
60,48_113_0069,Dallas Hinton St. C401/C60/AH161,2007-09,88101,24hr,maximum|average|standard_deviation,,https://www.tceq.texas.gov/cgi-bin/compliance/monops/monthly_summary.pl,2026-09-09 18:21:23 UTC,,,0,no_data,
60,48_113_0069,Dallas Hinton St. C401/C60/AH161,2007-10,88101,24hr,maximum|average|standard_deviation,,https://www.tceq.texas.gov/cgi-bin/compliance/monops/monthly_summary.pl,2026-09-09 18:21:25 UTC,,,0,no_data,
60,48_113_0069,Dallas Hinton St. C401/C60/AH161,2007-11,88101,24hr,maximum|average|standard_deviation,,https://www.tceq.texas.gov/cgi-bin/compliance/monops/monthly_summary.pl,2026-09-09 18:21:26 UTC,,,0,no_data,
60,48_113_0069,Dallas Hinton St. C401/C60/AH161,2007-12,88101,24hr,maximum|average|standard_deviation,,https://www.tceq.texas.gov/cgi-bin/compliance/monops/monthly_summary.pl,2026-09-09 18:21:28 UTC,,,0,no_data,
60,48_113_0069,Dallas Hinton St. C401/C60/AH161,2008-01,88101,24hr,maximum|average|standard_deviation,,https://www.tceq.texas.gov/cgi-bin/compliance/monops/monthly_summary.pl,2026-09-09 18:21:29 UTC,,,0,no_data,
60,48_113_0069,Dallas Hinton St. C401/C60/AH161,2008-02,88101,24hr,maximum|average|standard_deviation,,https://www.tceq.texas.gov/cgi-bin/compliance/monops/monthly_summary.pl,2026-09-09 18:21:30 UTC,,,0,no_data,
60,48_113_0069,Dallas Hinton St. C401/C60/AH161,2008-03,88101,24hr,maximum|average|standard_deviation,,https://www.tceq.texas.gov/cgi-bin/compliance/monops/monthly_summary.pl,2026-09-09 18:21:32 UTC,,,0,no_data,
60,48_113_0069,Dallas Hinton St. C401/C60/AH161,2008-04,88101,24hr,maximum|average|standard_deviation,,https://www.tceq.texas.gov/cgi-bin/compliance/monops/monthly_summary.pl,2026-09-09 18:21:33 UTC,,,0,no_data,
60,48_113_0069,Dallas Hinton St. C401/C60/AH161,2008-05,88101,24hr,maximum|average|standard_deviation,,https://www.tceq.texas.gov/cgi-bin/compliance/monops/monthly_summary.pl,2026-09-09 18:21:34 UTC,,,0,no_data,
60,48_113_0069,Dallas Hinton St. C401/C60/AH161,2008-06,88101,24hr,maximum|average|standard_deviation,,https://www.tceq.texas.gov/cgi-bin/compliance/monops/monthly_summary.pl,2026-09-09 18:21:35 UTC,,,0,no_data,
60,48_113_0069,Dallas Hinton St. C401/C60/AH161,2008-07,88101,24hr,maximum|average|standard_deviation,,https://www.tceq.texas.gov/cgi-bin/compliance/monops/monthly_summary.pl,2026-09-09 18:21:37 UTC,,,0,no_data,
60,48_113_0069,Dallas Hinton St. C401/C60/AH161,2008-08,88101,24hr,maximum|average|standard_deviation,,https://www.tceq.texas.gov/cgi-bin/compliance/monops/monthly_summary.pl,2026-09-09 18:21:38 UTC,,,0,no_data,
60,48_113_0069,Dallas Hinton St. C401/C60/AH161,2008-09,88101,24hr,maximum|average|standard_deviation,,https://www.tceq.texas.gov/cgi-bin/compliance/monops/monthly_summary.pl,2026-09-09 18:21:39 UTC,,,0,no_data,
60,48_113_0069,Dallas Hinton St. C401/C60/AH161,2008-10,88101,24hr,maximum|average|standard_deviation,,https://www.tceq.texas.gov/cgi-bin/compliance/monops/monthly_summary.pl,2026-09-09 18:21:40 UTC,,,0,no_data,
60,48_113_0069,Dallas Hinton St. C401/C60/AH161,2008-11,88101,24hr,maximum|average|standard_deviation,,https://www.tceq.texas.gov/cgi-bin/compliance/monops/monthly_summary.pl,2026-09-09 18:21:42 UTC,,,0,no_data,
60,48_113_0069,Dallas Hinton St. C401/C60/AH161,2008-12,88101,24hr,maximum|average|standard_deviation,,https://www.tceq.texas.gov/cgi-bin/compliance/monops/monthly_summary.pl,2026-09-09 18:21:43 UTC,,,0,no_data,
60,48_113_0069,Dallas Hinton St. C401/C60/AH161,2009-01,88101,24hr,maximum|average|standard_deviation,,https://www.tceq.texas.gov/cgi-bin/compliance/monops/monthly_summary.pl,2026-09-09 18:21:44 UTC,,,0,no_data,
60,48_113_0069,Dallas Hinton St. C401/C60/AH161,2009-02,88101,24hr,maximum|average|standard_deviation,,https://www.tceq.texas.gov/cgi-bin/compliance/monops/monthly_summary.pl,2026-09-09 18:21:45 UTC,,,0,no_data,
60,48_113_0069,Dallas Hinton St. C401/C60/AH161,2009-03,88101,24hr,maximum|average|standard_deviation,,https://www.tceq.texas.gov/cgi-bin/compliance/monops/monthly_summary.pl,2026-09-09 18:21:47 UTC,,,0,no_data,
60,48_113_0069,Dallas Hinton St. C401/C60/AH161,2009-04,88101,24hr,maximum|average|standard_deviation,,https://www.tceq.texas.gov/cgi-bin/compliance/monops/monthly_summary.pl,2026-09-09 18:21:48 UTC,,,0,no_data,
60,48_113_0069,Dallas Hinton St. C401/C60/AH161,2009-05,88101,24hr,maximum|average|standard_deviation,,https://www.tceq.texas.gov/cgi-bin/compliance/monops/monthly_summary.pl,2026-09-09 18:21:49 UTC,,,0,no_data,
60,48_113_0069,Dallas Hinton St. C401/C60/AH161,2009-06,88101,24hr,maximum|average|standard_deviation,,https://www.tceq.texas.gov/cgi-bin/compliance/monops/monthly_summary.pl,2026-09-09 18:21:50 UTC,,,0,no_data,
60,48_113_0069,Dallas Hinton St. C401/C60/AH161,2009-07,88101,24hr,maximum|average|standard_deviation,,https://www.tceq.texas.gov/cgi-bin/compliance/monops/monthly_summary.pl,2026-09-09 18:21:51 UTC,,,0,no_data,
60,48_113_0069,Dallas Hinton St. C401/C60/AH161,2009-08,88101,24hr,maximum|average|standard_deviation,,https://www.tceq.texas.gov/cgi-bin/compliance/monops/monthly_summary.pl,2026-09-09 18:21:53 UTC,,,0,no_data,
60,48_113_0069,Dallas Hinton St. C401/C60/AH161,2009-09,88101,24hr,maximum|average|standard_deviation,,https://www.tceq.texas.gov/cgi-bin/compliance/monops/monthly_summary.pl,2026-09-09 18:21:54 UTC,,,0,no_data,
60,48_113_0069,Dallas Hinton St. C401/C60/AH161,2009-10,88101,24hr,maximum|average|standard_deviation,,https://www.tceq.texas.gov/cgi-bin/compliance/monops/monthly_summary.pl,2026-09-09 18:21:55 UTC,,,0,no_data,
60,48_113_0069,Dallas Hinton St. C401/C60/AH161,2009-11,88101,24hr,maximum|average|standard_deviation,,https://www.tceq.texas.gov/cgi-bin/compliance/monops/monthly_summary.pl,2026-09-09 18:21:57 UTC,,,0,no_data,
60,48_113_0069,Dallas Hinton St. C401/C60/AH161,2009-12,88101,24hr,maximum|average|standard_deviation,,https://www.tceq.texas.gov/cgi-bin/compliance/monops/monthly_summary.pl,2026-09-09 18:21:58 UTC,,,0,no_data,
60,48_113_0069,Dallas Hinton St. C401/C60/AH161,2010-01,88101,24hr,maximum|average|standard_deviation,,https://www.tceq.texas.gov/cgi-bin/compliance/monops/monthly_summary.pl,2026-09-09 18:21:59 UTC,,,0,no_data,
60,48_113_0069,Dallas Hinton St. C401/C60/AH161,2010-02,88101,24hr,maximum|average|standard_deviation,,https://www.tceq.texas.gov/cgi-bin/compliance/monops/monthly_summary.pl,2026-09-09 18:22:00 UTC,,,0,no_data,
60,48_113_0069,Dallas Hinton St. C401/C60/AH161,2010-03,88101,24hr,maximum|average|standard_deviation,,https://www.tceq.texas.gov/cgi-bin/compliance/monops/monthly_summary.pl,2026-09-09 18:22:02 UTC,,,0,no_data,
60,48_113_0069,Dallas Hinton St. C401/C60/AH161,2010-04,88101,24hr,maximum|average|standard_deviation,,https://www.tceq.texas.gov/cgi-bin/compliance/monops/monthly_summary.pl,2026-09-09 18:22:03 UTC,,,0,no_data,
60,48_113_0069,Dallas Hinton St. C401/C60/AH161,2010-05,88101,24hr,maximum|average|standard_deviation,,https://www.tceq.texas.gov/cgi-bin/compliance/monops/monthly_summary.pl,2026-09-09 18:22:04 UTC,,,0,no_data,
60,48_113_0069,Dallas Hinton St. C401/C60/AH161,2010-06,88101,24hr,maximum|average|standard_deviation,,https://www.tceq.texas.gov/cgi-bin/compliance/monops/monthly_summary.pl,2026-09-09 18:22:05 UTC,,,0,no_data,
60,48_113_0069,Dallas Hinton St. C401/C60/AH161,2010-07,88101,24hr,maximum|average|standard_deviation,,https://www.tceq.texas.gov/cgi-bin/compliance/monops/monthly_summary.pl,2026-09-09 18:22:07 UTC,,,0,no_data,
60,48_113_0069,Dallas Hinton St. C401/C60/AH161,2010-08,88101,24hr,maximum|average|standard_deviation,,https://www.tceq.texas.gov/cgi-bin/compliance/monops/monthly_summary.pl,2026-09-09 18:22:08 UTC,,,0,no_data,
60,48_113_0069,Dallas Hinton St. C401/C60/AH161,2010-09,88101,24hr,maximum|average|standard_deviation,,https://www.tceq.texas.gov/cgi-bin/compliance/monops/monthly_summary.pl,2026-09-09 18:22:09 UTC,,,0,no_data,
60,48_113_0069,Dallas Hinton St. C401/C60/AH161,2010-10,88101,24hr,maximum|average|standard_deviation,,https://www.tceq.texas.gov/cgi-bin/compliance/monops/monthly_summary.pl,2026-09-09 18:22:11 UTC,,,0,no_data,
60,48_113_0069,Dallas Hinton St. C401/C60/AH161,2010-11,88101,24hr,maximum|average|standard_deviation,,https://www.tceq.texas.gov/cgi-bin/compliance/monops/monthly_summary.pl,2026-09-09 18:22:12 UTC,,,0,no_data,
60,48_113_0069,Dallas Hinton St. C401/C60/AH161,2010-12,88101,24hr,maximum|average|standard_deviation,,https://www.tceq.texas.gov/cgi-bin/compliance/monops/monthly_summary.pl,2026-09-09 18:22:13 UTC,,,0,no_data,
60,48_113_0069,Dallas Hinton St. C401/C60/AH161,2011-01,88101,24hr,maximum|average|standard_deviation,,https://www.tceq.texas.gov/cgi-bin/compliance/monops/monthly_summary.pl,2026-09-09 18:22:15 UTC,,,0,no_data,
60,48_113_0069,Dallas Hinton St. C401/C60/AH161,2011-02,88101,24hr,maximum|average|standard_deviation,cams_0060/cams_0060_2011-02_pm25.csv,https://www.tceq.texas.gov/cgi-bin/compliance/monops/monthly_summary.pl,2026-09-09 18:22:16 UTC,7db7f7b6a5fc72bfeb4f818c599a8ca2a80694ef73ddcdd22f57b1c734b310c0,3604,28,downloaded,
60,48_113_0069,Dallas Hinton St. C401/C60/AH161,2011-03,88101,24hr,maximum|average|standard_deviation,cams_0060/cams_0060_2011-03_pm25.csv,https://www.tceq.texas.gov/cgi-bin/compliance/monops/monthly_summary.pl,2026-09-09 18:22:18 UTC,55b4f1b50b9849e493fed437a4e702632bf81197b7fe9c9e1e00f5e334ec8ff1,4197,31,downloaded,
60,48_113_0069,Dallas Hinton St. C401/C60/AH161,2011-04,88101,24hr,maximum|average|standard_deviation,cams_0060/cams_0060_2011-04_pm25.csv,https://www.tceq.texas.gov/cgi-bin/compliance/monops/monthly_summary.pl,2026-09-09 18:22:19 UTC,424617795b68974d902c3bc1db7c7a9ad17d3fbf51430dfed3729b4d766beb9f,4340,30,downloaded,
60,48_113_0069,Dallas Hinton St. C401/C60/AH161,2011-05,88101,24hr,maximum|average|standard_deviation,cams_0060/cams_0060_2011-05_pm25.csv,https://www.tceq.texas.gov/cgi-bin/compliance/monops/monthly_summary.pl,2026-09-09 18:22:21 UTC,5c2c6f5f08952c0ae9d1e0f07d4f3aaeb9a484de593d399f0ebfd216fcbaafe3,4527,31,downloaded,
60,48_113_0069,Dallas Hinton St. C401/C60/AH161,2011-06,88101,24hr,maximum|average|standard_deviation,cams_0060/cams_0060_2011-06_pm25.csv,https://www.tceq.texas.gov/cgi-bin/compliance/monops/monthly_summary.pl,2026-09-09 18:22:22 UTC,64094d1f0e5edd77135a1708505025c2b4a3ff05e43dfcbc74f229a8aa572ca6,4460,30,downloaded,
60,48_113_0069,Dallas Hinton St. C401/C60/AH161,2011-07,88101,24hr,maximum|average|standard_deviation,cams_0060/cams_0060_2011-07_pm25.csv,https://www.tceq.texas.gov/cgi-bin/compliance/monops/monthly_summary.pl,2026-09-09 18:22:24 UTC,f503d84b58003c1b0da20fb17fc32ef81cc9acd318acc44ebb18e44cc2de6eb9,4502,31,downloaded,
60,48_113_0069,Dallas Hinton St. C401/C60/AH161,2011-08,88101,24hr,maximum|average|standard_deviation,cams_0060/cams_0060_2011-08_pm25.csv,https://www.tceq.texas.gov/cgi-bin/compliance/monops/monthly_summary.pl,2026-09-09 18:22:26 UTC,d8e8b99cfbd87681b1c8a830b1f87e90fe7329492675b6d7c2435247711d8793,4553,31,downloaded,
60,48_113_0069,Dallas Hinton St. C401/C60/AH161,2011-09,88101,24hr,maximum|average|standard_deviation,cams_0060/cams_0060_2011-09_pm25.csv,https://www.tceq.texas.gov/cgi-bin/compliance/monops/monthly_summary.pl,2026-09-09 18:22:27 UTC,717d3f10f601c3e299d1bf5eb02c6908f2b0b0b66c1b28a72ca78b155b356a22,4584,30,downloaded,
60,48_113_0069,Dallas Hinton St. C401/C60/AH161,2011-10,88101,24hr,maximum|average|standard_deviation,cams_0060/cams_0060_2011-10_pm25.csv,https://www.tceq.texas.gov/cgi-bin/compliance/monops/monthly_summary.pl,2026-09-09 18:22:29 UTC,de147415fb786cbe1eeefb0892ba0000a88d6ebbe6a4921448df2aa3eb21efc7,4451,31,downloaded,
60,48_113_0069,Dallas Hinton St. C401/C60/AH161,2011-11,88101,24hr,maximum|average|standard_deviation,cams_0060/cams_0060_2011-11_pm25.csv,https://www.tceq.texas.gov/cgi-bin/compliance/monops/monthly_summary.pl,2026-09-09 18:22:30 UTC,f7f4842b92a8ecd0b6881eb768d11012f6d7f56c0367185ed45e1495966f4a8c,4269,30,downloaded,
60,48_113_0069,Dallas Hinton St. C401/C60/AH161,2011-12,88101,24hr,maximum|average|standard_deviation,cams_0060/cams_0060_2011-12_pm25.csv,https://www.tceq.texas.gov/cgi-bin/compliance/monops/monthly_summary.pl,2026-09-09 18:22:32 UTC,bb64017adf7445f454eb25ad4bc0e7f4ac1ce728f404f348bd7e451454bfa372,4476,31,downloaded,
60,48_113_0069,Dallas Hinton St. C401/C60/AH161,2012-01,88101,24hr,maximum|average|standard_deviation,cams_0060/cams_0060_2012-01_pm25.csv,https://www.tceq.texas.gov/cgi-bin/compliance/monops/monthly_summary.pl,2026-09-09 18:22:33 UTC,5a838ceda36a124051f78e534ecafffab3d856e2edb282c93ba8068c540f23a6,4600,31,downloaded,
60,48_113_0069,Dallas Hinton St. C401/C60/AH161,2012-02,88101,24hr,maximum|average|standard_deviation,cams_0060/cams_0060_2012-02_pm25.csv,https://www.tceq.texas.gov/cgi-bin/compliance/monops/monthly_summary.pl,2026-09-09 18:22:35 UTC,945e83be3cc6650988c7af3ef927bb80df38a95463c83a05c6708f21b7993321,4364,29,downloaded,
60,48_113_0069,Dallas Hinton St. C401/C60/AH161,2012-03,88101,24hr,maximum|average|standard_deviation,cams_0060/cams_0060_2012-03_pm25.csv,https://www.tceq.texas.gov/cgi-bin/compliance/monops/monthly_summary.pl,2026-09-09 18:22:36 UTC,289dd147d9d85dc77125bc83ae6db405559cb2431e607296d06c6d3a7b0a1bdf,4461,31,downloaded,
60,48_113_0069,Dallas Hinton St. C401/C60/AH161,2012-04,88101,24hr,maximum|average|standard_deviation,cams_0060/cams_0060_2012-04_pm25.csv,https://www.tceq.texas.gov/cgi-bin/compliance/monops/monthly_summary.pl,2026-09-09 18:22:38 UTC,b0ce8ab356916fc1bbf992e136e83955463304721f84b1068ed0765a4a08093d,4446,30,downloaded,
60,48_113_0069,Dallas Hinton St. C401/C60/AH161,2012-05,88101,24hr,maximum|average|standard_deviation,cams_0060/cams_0060_2012-05_pm25.csv,https://www.tceq.texas.gov/cgi-bin/compliance/monops/monthly_summary.pl,2026-09-09 18:22:40 UTC,cd1381b93cc3375a0ad229b88da5df6922646afed8e4bebf0bbb1013dc5924c6,4597,31,downloaded,
60,48_113_0069,Dallas Hinton St. C401/C60/AH161,2012-06,88101,24hr,maximum|average|standard_deviation,cams_0060/cams_0060_2012-06_pm25.csv,https://www.tceq.texas.gov/cgi-bin/compliance/monops/monthly_summary.pl,2026-09-09 18:22:41 UTC,e0b9cffe6d223c7ddf6c6907575da786ab1014f84370ff63212edf9e0096037e,4564,30,downloaded,
60,48_113_0069,Dallas Hinton St. C401/C60/AH161,2012-07,88101,24hr,maximum|average|standard_deviation,cams_0060/cams_0060_2012-07_pm25.csv,https://www.tceq.texas.gov/cgi-bin/compliance/monops/monthly_summary.pl,2026-09-09 18:22:43 UTC,71749c524df2bf856c631569c88fa6839bbc9ece845480cb30143c009ba6c368,4644,31,downloaded,
60,48_113_0069,Dallas Hinton St. C401/C60/AH161,2012-08,88101,24hr,maximum|average|standard_deviation,cams_0060/cams_0060_2012-08_pm25.csv,https://www.tceq.texas.gov/cgi-bin/compliance/monops/monthly_summary.pl,2026-09-09 18:22:44 UTC,182e7666c4a4dd8619677ae9d68ade8d2dda687421976c91326077ab3765c774,4778,31,downloaded,
60,48_113_0069,Dallas Hinton St. C401/C60/AH161,2012-09,88101,24hr,maximum|average|standard_deviation,cams_0060/cams_0060_2012-09_pm25.csv,https://www.tceq.texas.gov/cgi-bin/compliance/monops/monthly_summary.pl,2026-09-09 18:22:46 UTC,f2520e4e81f65cb544ee099c90143792d98473e9c2a391af17cbfd8336dc0c8d,4603,30,downloaded,
60,48_113_0069,Dallas Hinton St. C401/C60/AH161,2012-10,88101,24hr,maximum|average|standard_deviation,cams_0060/cams_0060_2012-10_pm25.csv,https://www.tceq.texas.gov/cgi-bin/compliance/monops/monthly_summary.pl,2026-09-09 18:22:48 UTC,430358269be44adf4a2bba4e871a51e472fc0e98263dc3e8adc6065e4822053b,4630,31,downloaded,
60,48_113_0069,Dallas Hinton St. C401/C60/AH161,2012-11,88101,24hr,maximum|average|standard_deviation,cams_0060/cams_0060_2012-11_pm25.csv,https://www.tceq.texas.gov/cgi-bin/compliance/monops/monthly_summary.pl,2026-09-09 18:22:49 UTC,77fc1763b2d3228a8c1a9de27d4bcab67b9172adf486f77276902c1898c837ea,4535,30,downloaded,
60,48_113_0069,Dallas Hinton St. C401/C60/AH161,2012-12,88101,24hr,maximum|average|standard_deviation,cams_0060/cams_0060_2012-12_pm25.csv,https://www.tceq.texas.gov/cgi-bin/compliance/monops/monthly_summary.pl,2026-09-09 18:22:51 UTC,95d499cb6399524cdef7a54016ea7121399beba541caad95a33f0f54c0177eca,4690,31,downloaded,
60,48_113_0069,Dallas Hinton St. C401/C60/AH161,2013-01,88101,24hr,maximum|average|standard_deviation,cams_0060/cams_0060_2013-01_pm25.csv,https://www.tceq.texas.gov/cgi-bin/compliance/monops/monthly_summary.pl,2026-09-09 18:22:52 UTC,dd1f7d42c8fa644b2ab505e1bd0127fdcd038a7ed3f36ce93d7483cd41ce81de,4775,31,downloaded,
60,48_113_0069,Dallas Hinton St. C401/C60/AH161,2013-02,88101,24hr,maximum|average|standard_deviation,cams_0060/cams_0060_2013-02_pm25.csv,https://www.tceq.texas.gov/cgi-bin/compliance/monops/monthly_summary.pl,2026-09-09 18:22:54 UTC,15b2b955930163f9922791f180aa54a13bb808c5dd8a22b65fd45a783770a3bb,4226,28,downloaded,
60,48_113_0069,Dallas Hinton St. C401/C60/AH161,2013-03,88101,24hr,maximum|average|standard_deviation,cams_0060/cams_0060_2013-03_pm25.csv,https://www.tceq.texas.gov/cgi-bin/compliance/monops/monthly_summary.pl,2026-09-09 18:22:55 UTC,da9825a24596569fbf1f956a0383eb33c4392cb0c6464e38b79512f408ba5ad7,4745,31,downloaded,
60,48_113_0069,Dallas Hinton St. C401/C60/AH161,2013-04,88101,24hr,maximum|average|standard_deviation,cams_0060/cams_0060_2013-04_pm25.csv,https://www.tceq.texas.gov/cgi-bin/compliance/monops/monthly_summary.pl,2026-09-09 18:22:57 UTC,2aa1e0dd11379dd29df5877d7525989abdb3ea9655f85d1f17dc8ec327430a0d,4703,30,downloaded,
60,48_113_0069,Dallas Hinton St. C401/C60/AH161,2013-05,88101,24hr,maximum|average|standard_deviation,cams_0060/cams_0060_2013-05_pm25.csv,https://www.tceq.texas.gov/cgi-bin/compliance/monops/monthly_summary.pl,2026-09-09 18:22:58 UTC,6de2d80fbcac3ef719e8de9017632477e7a1dabd49d5ca96db4f7a63f02ccb02,4794,31,downloaded,
60,48_113_0069,Dallas Hinton St. C401/C60/AH161,2013-06,88101,24hr,maximum|average|standard_deviation,cams_0060/cams_0060_2013-06_pm25.csv,https://www.tceq.texas.gov/cgi-bin/compliance/monops/monthly_summary.pl,2026-09-09 18:23:00 UTC,2f436b4bf1fa410e51282540ae60e1e2d4e8697279e386c0d60dc2542b56b7ee,4529,30,downloaded,
60,48_113_0069,Dallas Hinton St. C401/C60/AH161,2013-07,88101,24hr,maximum|average|standard_deviation,cams_0060/cams_0060_2013-07_pm25.csv,https://www.tceq.texas.gov/cgi-bin/compliance/monops/monthly_summary.pl,2026-09-09 18:23:02 UTC,a661b1d325968af6d900ed386a33e2a0eb49e3f5ded2df762ba3e99ca2290207,4694,31,downloaded,
60,48_113_0069,Dallas Hinton St. C401/C60/AH161,2013-08,88101,24hr,maximum|average|standard_deviation,cams_0060/cams_0060_2013-08_pm25.csv,https://www.tceq.texas.gov/cgi-bin/compliance/monops/monthly_summary.pl,2026-09-09 18:23:03 UTC,c792933bf8850537baa298c37ef1f6b6f58c25d8151739962e845f867f1d2714,4836,31,downloaded,
60,48_113_0069,Dallas Hinton St. C401/C60/AH161,2013-09,88101,24hr,maximum|average|standard_deviation,cams_0060/cams_0060_2013-09_pm25.csv,https://www.tceq.texas.gov/cgi-bin/compliance/monops/monthly_summary.pl,2026-09-09 18:23:05 UTC,efdf0dcf8c5dffa6b960168331a70c25d75ee2c1691b958025b565fc293e247d,4687,30,downloaded,
60,48_113_0069,Dallas Hinton St. C401/C60/AH161,2013-10,88101,24hr,maximum|average|standard_deviation,cams_0060/cams_0060_2013-10_pm25.csv,https://www.tceq.texas.gov/cgi-bin/compliance/monops/monthly_summary.pl,2026-09-09 18:23:06 UTC,fd309d1c419cbb54df0d0ccdb160115a1433fb2e5c3bb3dbba9139456462a04e,4471,31,downloaded,
60,48_113_0069,Dallas Hinton St. C401/C60/AH161,2013-11,88101,24hr,maximum|average|standard_deviation,cams_0060/cams_0060_2013-11_pm25.csv,https://www.tceq.texas.gov/cgi-bin/compliance/monops/monthly_summary.pl,2026-09-09 18:23:08 UTC,fa9496f20a9a1f3918ced881ab7def235a27ea0289734a8291f72ab33ef3e27d,4442,30,downloaded,
60,48_113_0069,Dallas Hinton St. C401/C60/AH161,2013-12,88101,24hr,maximum|average|standard_deviation,cams_0060/cams_0060_2013-12_pm25.csv,https://www.tceq.texas.gov/cgi-bin/compliance/monops/monthly_summary.pl,2026-09-09 18:23:09 UTC,7bbbf5a1d8f9fb475de69852476f1cf7f8ffceb1d116c3bf75ca6938b41acbcd,4758,31,downloaded,
60,48_113_0069,Dallas Hinton St. C401/C60/AH161,2014-01,88101,24hr,maximum|average|standard_deviation,cams_0060/cams_0060_2014-01_pm25.csv,https://www.tceq.texas.gov/cgi-bin/compliance/monops/monthly_summary.pl,2026-09-09 18:23:11 UTC,d69491705e98310f841b1bcc4bcb1476a9419eabc6c9a400173a0a8fe3e4ef13,4412,31,downloaded,
60,48_113_0069,Dallas Hinton St. C401/C60/AH161,2014-02,88101,24hr,maximum|average|standard_deviation,cams_0060/cams_0060_2014-02_pm25.csv,https://www.tceq.texas.gov/cgi-bin/compliance/monops/monthly_summary.pl,2026-09-09 18:23:13 UTC,97289464558a5d58905f4e1bb718e4ec19d10e009b0dd7ba55844f0868da1715,4275,28,downloaded,
60,48_113_0069,Dallas Hinton St. C401/C60/AH161,2014-03,88101,24hr,maximum|average|standard_deviation,cams_0060/cams_0060_2014-03_pm25.csv,https://www.tceq.texas.gov/cgi-bin/compliance/monops/monthly_summary.pl,2026-09-09 18:23:14 UTC,d5945ae5e19709896fb86540f015c0d8ff69543f1255645cded822b1388c8f27,4618,31,downloaded,
60,48_113_0069,Dallas Hinton St. C401/C60/AH161,2014-04,88101,24hr,maximum|average|standard_deviation,cams_0060/cams_0060_2014-04_pm25.csv,https://www.tceq.texas.gov/cgi-bin/compliance/monops/monthly_summary.pl,2026-09-09 18:23:16 UTC,ed5bdde0734a410ca1e1d0ec2240a6bb3ed5c8006c10bf63f3c5306d3b90d0e0,4412,30,downloaded,
60,48_113_0069,Dallas Hinton St. C401/C60/AH161,2014-05,88101,24hr,maximum|average|standard_deviation,cams_0060/cams_0060_2014-05_pm25.csv,https://www.tceq.texas.gov/cgi-bin/compliance/monops/monthly_summary.pl,2026-09-09 18:23:17 UTC,7a0d8a401e75bdc4fc9e934d985603f04fefd67f897db3c15b0180088581456f,4447,31,downloaded,
60,48_113_0069,Dallas Hinton St. C401/C60/AH161,2014-06,88101,24hr,maximum|average|standard_deviation,cams_0060/cams_0060_2014-06_pm25.csv,https://www.tceq.texas.gov/cgi-bin/compliance/monops/monthly_summary.pl,2026-09-09 18:23:19 UTC,d9bbbd8665cfaeed4b5098d671408d328e6758829c5da40231dc811627c50f8f,4454,30,downloaded,
60,48_113_0069,Dallas Hinton St. C401/C60/AH161,2014-07,88101,24hr,maximum|average|standard_deviation,cams_0060/cams_0060_2014-07_pm25.csv,https://www.tceq.texas.gov/cgi-bin/compliance/monops/monthly_summary.pl,2026-09-09 18:23:20 UTC,9bace59e5aaacc65b2e70f653d3453e8bd9f39887d659ba03e78a8651dfb2475,4784,31,downloaded,
60,48_113_0069,Dallas Hinton St. C401/C60/AH161,2014-08,88101,24hr,maximum|average|standard_deviation,cams_0060/cams_0060_2014-08_pm25.csv,https://www.tceq.texas.gov/cgi-bin/compliance/monops/monthly_summary.pl,2026-09-09 18:23:22 UTC,8a182e0e892ab0a86b9f25fc98ff67866447e1696b132ecda6d9327693668a79,4699,31,downloaded,
60,48_113_0069,Dallas Hinton St. C401/C60/AH161,2014-09,88101,24hr,maximum|average|standard_deviation,cams_0060/cams_0060_2014-09_pm25.csv,https://www.tceq.texas.gov/cgi-bin/compliance/monops/monthly_summary.pl,2026-09-09 18:23:24 UTC,39f31d744db85e793db8b1859acd1f2c24517e924b00a87859f37aa45141f099,4441,30,downloaded,
60,48_113_0069,Dallas Hinton St. C401/C60/AH161,2014-10,88101,24hr,maximum|average|standard_deviation,cams_0060/cams_0060_2014-10_pm25.csv,https://www.tceq.texas.gov/cgi-bin/compliance/monops/monthly_summary.pl,2026-09-09 18:23:25 UTC,1d911552468f160782dfea3c601cb8033e34fd7acb9c80b409f6308700175681,4467,31,downloaded,
60,48_113_0069,Dallas Hinton St. C401/C60/AH161,2014-11,88101,24hr,maximum|average|standard_deviation,cams_0060/cams_0060_2014-11_pm25.csv,https://www.tceq.texas.gov/cgi-bin/compliance/monops/monthly_summary.pl,2026-09-09 18:23:27 UTC,891cf1a7ef29ce552c7df604675473e09516ae82f978bbfa4065f85637440d2e,4253,30,downloaded,
60,48_113_0069,Dallas Hinton St. C401/C60/AH161,2014-12,88101,24hr,maximum|average|standard_deviation,cams_0060/cams_0060_2014-12_pm25.csv,https://www.tceq.texas.gov/cgi-bin/compliance/monops/monthly_summary.pl,2026-09-09 18:23:28 UTC,48357e661eb87d0d29bf862aa2de484d1dbc11e2f652f2be2b679c9b8431dcba,4603,31,downloaded,
60,48_113_0069,Dallas Hinton St. C401/C60/AH161,2015-01,88101,24hr,maximum|average|standard_deviation,cams_0060/cams_0060_2015-01_pm25.csv,https://www.tceq.texas.gov/cgi-bin/compliance/monops/monthly_summary.pl,2026-09-09 18:23:30 UTC,276d13d0e168e472d371d18f2807e0890e581b4e5d9bf1462b6460337991190a,4484,31,downloaded,
60,48_113_0069,Dallas Hinton St. C401/C60/AH161,2015-02,88101,24hr,maximum|average|standard_deviation,cams_0060/cams_0060_2015-02_pm25.csv,https://www.tceq.texas.gov/cgi-bin/compliance/monops/monthly_summary.pl,2026-09-09 18:23:31 UTC,5de59ad4114889bdb6c3f59fb934c3927e5cae68f3e4d662af8de0343f215d27,4137,28,downloaded,
60,48_113_0069,Dallas Hinton St. C401/C60/AH161,2015-03,88101,24hr,maximum|average|standard_deviation,cams_0060/cams_0060_2015-03_pm25.csv,https://www.tceq.texas.gov/cgi-bin/compliance/monops/monthly_summary.pl,2026-09-09 18:23:33 UTC,5802bbb1c1d5d7d1a5340e8a19170c92c9f6979682fa6c4ede5517bf94881190,4430,31,downloaded,
60,48_113_0069,Dallas Hinton St. C401/C60/AH161,2015-04,88101,24hr,maximum|average|standard_deviation,cams_0060/cams_0060_2015-04_pm25.csv,https://www.tceq.texas.gov/cgi-bin/compliance/monops/monthly_summary.pl,2026-09-09 18:23:34 UTC,eb0cd58ed73ec2645a6c23fc271393f72101278b3ec62f87fc8557584b8842fa,4374,30,downloaded,
60,48_113_0069,Dallas Hinton St. C401/C60/AH161,2015-05,88101,24hr,maximum|average|standard_deviation,cams_0060/cams_0060_2015-05_pm25.csv,https://www.tceq.texas.gov/cgi-bin/compliance/monops/monthly_summary.pl,2026-09-09 18:23:36 UTC,eb663b8e808d4584ef24d1874e78802bcc3df78d86415dd8b44a9456c46a89c3,4497,31,downloaded,
60,48_113_0069,Dallas Hinton St. C401/C60/AH161,2015-06,88101,24hr,maximum|average|standard_deviation,cams_0060/cams_0060_2015-06_pm25.csv,https://www.tceq.texas.gov/cgi-bin/compliance/monops/monthly_summary.pl,2026-09-09 18:23:38 UTC,b06877ada90ff3171a6ccc740bdff52e1693d7bf8b7b5514835b3c431f7705d1,4418,30,downloaded,
60,48_113_0069,Dallas Hinton St. C401/C60/AH161,2015-07,88101,24hr,maximum|average|standard_deviation,cams_0060/cams_0060_2015-07_pm25.csv,https://www.tceq.texas.gov/cgi-bin/compliance/monops/monthly_summary.pl,2026-09-09 18:23:39 UTC,9ea9f36ebfa3733db5fdc16393728eacf70639a48fc0abf1701bac451a705a25,4666,31,downloaded,
60,48_113_0069,Dallas Hinton St. C401/C60/AH161,2015-08,88101,24hr,maximum|average|standard_deviation,cams_0060/cams_0060_2015-08_pm25.csv,https://www.tceq.texas.gov/cgi-bin/compliance/monops/monthly_summary.pl,2026-09-09 18:23:41 UTC,db301b5fa41c024ba5934eb36a7eaf2308cba6066f8135fa451e53a2b455515f,4625,31,downloaded,
60,48_113_0069,Dallas Hinton St. C401/C60/AH161,2015-09,88101,24hr,maximum|average|standard_deviation,cams_0060/cams_0060_2015-09_pm25.csv,https://www.tceq.texas.gov/cgi-bin/compliance/monops/monthly_summary.pl,2026-09-09 18:23:42 UTC,1249b21a1c65687924746cd3bbbccdfeb151fa51121702cd5b681815f6f7da80,4348,30,downloaded,
60,48_113_0069,Dallas Hinton St. C401/C60/AH161,2015-10,88101,24hr,maximum|average|standard_deviation,cams_0060/cams_0060_2015-10_pm25.csv,https://www.tceq.texas.gov/cgi-bin/compliance/monops/monthly_summary.pl,2026-09-09 18:23:44 UTC,4518001174b545f92e723a49a0d3bd5764f8443dc3a620e22ffc993a39309322,4449,31,downloaded,
60,48_113_0069,Dallas Hinton St. C401/C60/AH161,2015-11,88101,24hr,maximum|average|standard_deviation,cams_0060/cams_0060_2015-11_pm25.csv,https://www.tceq.texas.gov/cgi-bin/compliance/monops/monthly_summary.pl,2026-09-09 18:23:46 UTC,451bb564e2e77fe984559b2152e158c6e6ef47ceecd0412f160327a67f5ffc91,4271,30,downloaded,
60,48_113_0069,Dallas Hinton St. C401/C60/AH161,2015-12,88101,24hr,maximum|average|standard_deviation,cams_0060/cams_0060_2015-12_pm25.csv,https://www.tceq.texas.gov/cgi-bin/compliance/monops/monthly_summary.pl,2026-09-09 18:23:47 UTC,1c3b17aee1f00203e493dd5dfd41a758ddd9496853c7b15fbe8feda119fb02f5,4482,31,downloaded,
60,48_113_0069,Dallas Hinton St. C401/C60/AH161,2016-01,88101,24hr,maximum|average|standard_deviation,cams_0060/cams_0060_2016-01_pm25.csv,https://www.tceq.texas.gov/cgi-bin/compliance/monops/monthly_summary.pl,2026-09-09 18:23:49 UTC,d4abcd654aff86fe4e88fbf789fa88fff9d87df51b39c90a5f12ad825a498253,4553,31,downloaded,
60,48_113_0069,Dallas Hinton St. C401/C60/AH161,2016-02,88101,24hr,maximum|average|standard_deviation,cams_0060/cams_0060_2016-02_pm25.csv,https://www.tceq.texas.gov/cgi-bin/compliance/monops/monthly_summary.pl,2026-09-09 18:23:50 UTC,71678a8c4e31783850d4d717c069aa7367be07f9b3ec87073c9096b485537b9e,4210,29,downloaded,
60,48_113_0069,Dallas Hinton St. C401/C60/AH161,2016-03,88101,24hr,maximum|average|standard_deviation,cams_0060/cams_0060_2016-03_pm25.csv,https://www.tceq.texas.gov/cgi-bin/compliance/monops/monthly_summary.pl,2026-09-09 18:23:52 UTC,cd83389217be5db4d17717f35e59c9cee50d5b7b62ab0af35e9c216030b9c0e2,4383,31,downloaded,
60,48_113_0069,Dallas Hinton St. C401/C60/AH161,2016-04,88101,24hr,maximum|average|standard_deviation,cams_0060/cams_0060_2016-04_pm25.csv,https://www.tceq.texas.gov/cgi-bin/compliance/monops/monthly_summary.pl,2026-09-09 18:23:54 UTC,44a568f27ac7a4f3e7a49657129f0a9ae07cf7978234e592f98fef3edcd165d1,4266,30,downloaded,
60,48_113_0069,Dallas Hinton St. C401/C60/AH161,2016-05,88101,24hr,maximum|average|standard_deviation,cams_0060/cams_0060_2016-05_pm25.csv,https://www.tceq.texas.gov/cgi-bin/compliance/monops/monthly_summary.pl,2026-09-09 18:23:55 UTC,e4916b9107084502c69288e5c02b4d6e0a767ca03555950be07e6bfde03223d6,4443,31,downloaded,
60,48_113_0069,Dallas Hinton St. C401/C60/AH161,2016-06,88101,24hr,maximum|average|standard_deviation,cams_0060/cams_0060_2016-06_pm25.csv,https://www.tceq.texas.gov/cgi-bin/compliance/monops/monthly_summary.pl,2026-09-09 18:23:57 UTC,d5f990daa456d875ad15eda0a272e23e3d6b8223183cd54f9721093914707635,4425,30,downloaded,
60,48_113_0069,Dallas Hinton St. C401/C60/AH161,2016-07,88101,24hr,maximum|average|standard_deviation,cams_0060/cams_0060_2016-07_pm25.csv,https://www.tceq.texas.gov/cgi-bin/compliance/monops/monthly_summary.pl,2026-09-09 18:23:58 UTC,c1d610ccc8acc9de7d2bf266c92b85195c60111ec7e4614223a1afd3199b0e8c,4569,31,downloaded,
60,48_113_0069,Dallas Hinton St. C401/C60/AH161,2016-08,88101,24hr,maximum|average|standard_deviation,cams_0060/cams_0060_2016-08_pm25.csv,https://www.tceq.texas.gov/cgi-bin/compliance/monops/monthly_summary.pl,2026-09-09 18:24:00 UTC,3fdf185b3e57fbff8ecc82a9087796539e72402f7ec6c5e8f0afe86c890e732e,4515,31,downloaded,
60,48_113_0069,Dallas Hinton St. C401/C60/AH161,2016-09,88101,24hr,maximum|average|standard_deviation,cams_0060/cams_0060_2016-09_pm25.csv,https://www.tceq.texas.gov/cgi-bin/compliance/monops/monthly_summary.pl,2026-09-09 18:24:01 UTC,9e6e06d5c2a7cf891c0c34455c01d7f8c9a0a95e1af4ae716a64b3db6d7b70b7,4442,30,downloaded,
60,48_113_0069,Dallas Hinton St. C401/C60/AH161,2016-10,88101,24hr,maximum|average|standard_deviation,cams_0060/cams_0060_2016-10_pm25.csv,https://www.tceq.texas.gov/cgi-bin/compliance/monops/monthly_summary.pl,2026-09-09 18:24:03 UTC,b42136ef22e9c50b6f62b7f27217d1725b3f8fc564f4608fb6ce8542e7f7264e,4488,31,downloaded,
60,48_113_0069,Dallas Hinton St. C401/C60/AH161,2016-11,88101,24hr,maximum|average|standard_deviation,cams_0060/cams_0060_2016-11_pm25.csv,https://www.tceq.texas.gov/cgi-bin/compliance/monops/monthly_summary.pl,2026-09-09 18:24:04 UTC,9a56cd042a3d44f4a79a9d01026f601e9311c87282631ffa7a7c2dfc99b0d269,4430,30,downloaded,
60,48_113_0069,Dallas Hinton St. C401/C60/AH161,2016-12,88101,24hr,maximum|average|standard_deviation,cams_0060/cams_0060_2016-12_pm25.csv,https://www.tceq.texas.gov/cgi-bin/compliance/monops/monthly_summary.pl,2026-09-09 18:24:06 UTC,ade374c3df08afb691b699e904d8bd35ed9673da27e72e0a333a400339c4dace,4531,31,downloaded,
60,48_113_0069,Dallas Hinton St. C401/C60/AH161,2017-01,88101,24hr,maximum|average|standard_deviation,cams_0060/cams_0060_2017-01_pm25.csv,https://www.tceq.texas.gov/cgi-bin/compliance/monops/monthly_summary.pl,2026-09-09 18:24:08 UTC,b904af93b15508d4ff493d08f3c5d4aecfab9bd388cc4d83c55beed5a547b1af,4433,31,downloaded,
60,48_113_0069,Dallas Hinton St. C401/C60/AH161,2017-02,88101,24hr,maximum|average|standard_deviation,cams_0060/cams_0060_2017-02_pm25.csv,https://www.tceq.texas.gov/cgi-bin/compliance/monops/monthly_summary.pl,2026-09-09 18:24:09 UTC,026bd9fa97c662ac9feab812c2fb8788e5187d6d5a61207cc286eefa341b3dd4,4132,28,downloaded,
60,48_113_0069,Dallas Hinton St. C401/C60/AH161,2017-03,88101,24hr,maximum|average|standard_deviation,cams_0060/cams_0060_2017-03_pm25.csv,https://www.tceq.texas.gov/cgi-bin/compliance/monops/monthly_summary.pl,2026-09-09 18:24:11 UTC,c26489fd61fdf91051a89550843de7a7581da7286f24b1ced3b07084618c745d,4510,31,downloaded,
60,48_113_0069,Dallas Hinton St. C401/C60/AH161,2017-04,88101,24hr,maximum|average|standard_deviation,cams_0060/cams_0060_2017-04_pm25.csv,https://www.tceq.texas.gov/cgi-bin/compliance/monops/monthly_summary.pl,2026-09-09 18:24:12 UTC,656842ecf81155343fbb82c5885a8fccaa484742215b9c482ec65a20a0e0fe0a,4310,30,downloaded,
60,48_113_0069,Dallas Hinton St. C401/C60/AH161,2017-05,88101,24hr,maximum|average|standard_deviation,cams_0060/cams_0060_2017-05_pm25.csv,https://www.tceq.texas.gov/cgi-bin/compliance/monops/monthly_summary.pl,2026-09-09 18:24:14 UTC,2d2439f6f4b67f0b3b414effed8a6634266edf70d7dafc9a954984859e25a7fe,4526,31,downloaded,
60,48_113_0069,Dallas Hinton St. C401/C60/AH161,2017-06,88101,24hr,maximum|average|standard_deviation,cams_0060/cams_0060_2017-06_pm25.csv,https://www.tceq.texas.gov/cgi-bin/compliance/monops/monthly_summary.pl,2026-09-09 18:24:15 UTC,e8b904460b110595980acd961cc4284f43efc82fbcac9ff5f7a2a6e924fe4ae2,4285,30,downloaded,
60,48_113_0069,Dallas Hinton St. C401/C60/AH161,2017-07,88101,24hr,maximum|average|standard_deviation,cams_0060/cams_0060_2017-07_pm25.csv,https://www.tceq.texas.gov/cgi-bin/compliance/monops/monthly_summary.pl,2026-09-09 18:24:17 UTC,6b5a2c2870f4296d19f26e26e07932d437840eff3571cf61efc0c7383681fd40,4449,31,downloaded,
60,48_113_0069,Dallas Hinton St. C401/C60/AH161,2017-08,88101,24hr,maximum|average|standard_deviation,cams_0060/cams_0060_2017-08_pm25.csv,https://www.tceq.texas.gov/cgi-bin/compliance/monops/monthly_summary.pl,2026-09-09 18:24:19 UTC,6431598fae04da944d733142ee0a0755315d6da2a7ef2b4ee6d70067b8e90c95,4633,31,downloaded,
60,48_113_0069,Dallas Hinton St. C401/C60/AH161,2017-09,88101,24hr,maximum|average|standard_deviation,cams_0060/cams_0060_2017-09_pm25.csv,https://www.tceq.texas.gov/cgi-bin/compliance/monops/monthly_summary.pl,2026-09-09 18:24:20 UTC,0530a810bf0c88171be6171d16bb85ecb09d603adb99492b33d097e0027a1fe9,4613,30,downloaded,
60,48_113_0069,Dallas Hinton St. C401/C60/AH161,2017-10,88101,24hr,maximum|average|standard_deviation,cams_0060/cams_0060_2017-10_pm25.csv,https://www.tceq.texas.gov/cgi-bin/compliance/monops/monthly_summary.pl,2026-09-09 18:24:22 UTC,831db145490a8107418f3d0d6ce4d6bcce3dd7c38144aedb106545a0264852d2,4496,31,downloaded,
60,48_113_0069,Dallas Hinton St. C401/C60/AH161,2017-11,88101,24hr,maximum|average|standard_deviation,cams_0060/cams_0060_2017-11_pm25.csv,https://www.tceq.texas.gov/cgi-bin/compliance/monops/monthly_summary.pl,2026-09-09 18:24:23 UTC,88f0e06f73783df8595b7ec630de9601bb4fff9ca456cb6a681f8dcdd8dc7651,4420,30,downloaded,
60,48_113_0069,Dallas Hinton St. C401/C60/AH161,2017-12,88101,24hr,maximum|average|standard_deviation,cams_0060/cams_0060_2017-12_pm25.csv,https://www.tceq.texas.gov/cgi-bin/compliance/monops/monthly_summary.pl,2026-09-09 18:24:25 UTC,01ed3537ab3df79ad504784871298208dcf628b47b5f58f423ee559fcc61a8d5,4529,31,downloaded,
60,48_113_0069,Dallas Hinton St. C401/C60/AH161,2018-01,88101,24hr,maximum|average|standard_deviation,cams_0060/cams_0060_2018-01_pm25.csv,https://www.tceq.texas.gov/cgi-bin/compliance/monops/monthly_summary.pl,2026-09-09 18:24:26 UTC,d7acfa29b4d16cc6b10e6f404a66f9ba16d84b934bf0ce94028530247ecbeb2d,4531,31,downloaded,
60,48_113_0069,Dallas Hinton St. C401/C60/AH161,2018-02,88101,24hr,maximum|average|standard_deviation,cams_0060/cams_0060_2018-02_pm25.csv,https://www.tceq.texas.gov/cgi-bin/compliance/monops/monthly_summary.pl,2026-09-09 18:24:28 UTC,6153657758a7defb48770c87bb5ba362eab6f516406dac100d795c21fdb06ebb,4099,28,downloaded,
60,48_113_0069,Dallas Hinton St. C401/C60/AH161,2018-03,88101,24hr,maximum|average|standard_deviation,cams_0060/cams_0060_2018-03_pm25.csv,https://www.tceq.texas.gov/cgi-bin/compliance/monops/monthly_summary.pl,2026-09-09 18:24:30 UTC,5c871538b07be05ec6b75a19e254c03abe3ae9ee609885adab2486ef6ab9e6f2,4520,31,downloaded,
60,48_113_0069,Dallas Hinton St. C401/C60/AH161,2018-04,88101,24hr,maximum|average|standard_deviation,cams_0060/cams_0060_2018-04_pm25.csv,https://www.tceq.texas.gov/cgi-bin/compliance/monops/monthly_summary.pl,2026-09-09 18:24:31 UTC,4bb0ceb85744dbc8a135041d0e3ae4a783725644a58ce79cac3061d8815afb30,4425,30,downloaded,
60,48_113_0069,Dallas Hinton St. C401/C60/AH161,2018-05,88101,24hr,maximum|average|standard_deviation,cams_0060/cams_0060_2018-05_pm25.csv,https://www.tceq.texas.gov/cgi-bin/compliance/monops/monthly_summary.pl,2026-09-09 18:24:33 UTC,24a55dc20ac65d71c776d3fb12202ed85b012e7992a8f62c1b9657ed5b0ea240,4546,31,downloaded,
60,48_113_0069,Dallas Hinton St. C401/C60/AH161,2018-06,88101,24hr,maximum|average|standard_deviation,cams_0060/cams_0060_2018-06_pm25.csv,https://www.tceq.texas.gov/cgi-bin/compliance/monops/monthly_summary.pl,2026-09-09 18:24:34 UTC,ecf3a33285d993f81560cd4ca0ff8433bf8d8cb3f9209c315547c83dbb8f15af,4479,30,downloaded,
60,48_113_0069,Dallas Hinton St. C401/C60/AH161,2018-07,88101,24hr,maximum|average|standard_deviation,cams_0060/cams_0060_2018-07_pm25.csv,https://www.tceq.texas.gov/cgi-bin/compliance/monops/monthly_summary.pl,2026-09-09 18:24:36 UTC,c0b2969be9ca9bee7429feb9590fe104ff1a31c37a766ac7b1d319223e1570f5,4824,31,downloaded,
60,48_113_0069,Dallas Hinton St. C401/C60/AH161,2018-08,88101,24hr,maximum|average|standard_deviation,cams_0060/cams_0060_2018-08_pm25.csv,https://www.tceq.texas.gov/cgi-bin/compliance/monops/monthly_summary.pl,2026-09-09 18:24:38 UTC,1d710723326cc333f970b18cf7768fcc7234495149f96fd165bd7886ecf0b0a2,4606,31,downloaded,
60,48_113_0069,Dallas Hinton St. C401/C60/AH161,2018-09,88101,24hr,maximum|average|standard_deviation,cams_0060/cams_0060_2018-09_pm25.csv,https://www.tceq.texas.gov/cgi-bin/compliance/monops/monthly_summary.pl,2026-09-09 18:24:40 UTC,4cb29286b39793616cf4a3e28633466982c10179251170ba84c1b6df80f10cb9,4321,30,downloaded,
60,48_113_0069,Dallas Hinton St. C401/C60/AH161,2018-10,88101,24hr,maximum|average|standard_deviation,cams_0060/cams_0060_2018-10_pm25.csv,https://www.tceq.texas.gov/cgi-bin/compliance/monops/monthly_summary.pl,2026-09-09 18:24:41 UTC,26da5bc091b8d74a2adba5a1b34ae6827110c30601d690f4f2a7e1f0a1971205,4346,31,downloaded,
60,48_113_0069,Dallas Hinton St. C401/C60/AH161,2018-11,88101,24hr,maximum|average|standard_deviation,cams_0060/cams_0060_2018-11_pm25.csv,https://www.tceq.texas.gov/cgi-bin/compliance/monops/monthly_summary.pl,2026-09-09 18:24:43 UTC,420744fddadf7d3895833f0044742c3de5388e631b5a7acbe8e35e3dbb7ee4b0,4257,30,downloaded,
60,48_113_0069,Dallas Hinton St. C401/C60/AH161,2018-12,88101,24hr,maximum|average|standard_deviation,cams_0060/cams_0060_2018-12_pm25.csv,https://www.tceq.texas.gov/cgi-bin/compliance/monops/monthly_summary.pl,2026-09-09 18:24:45 UTC,4f85a0a64efc9f3e6aa3b4c4f615088e71543a6fbe31e70f2afa168cb13f2a30,4468,31,downloaded,
60,48_113_0069,Dallas Hinton St. C401/C60/AH161,2019-01,88101,24hr,maximum|average|standard_deviation,cams_0060/cams_0060_2019-01_pm25.csv,https://www.tceq.texas.gov/cgi-bin/compliance/monops/monthly_summary.pl,2026-09-09 18:24:46 UTC,f9e46757d177e670ef0e3dc968e6fa40e35ed050e9ec488abe8d7448455b2239,4603,31,downloaded,
60,48_113_0069,Dallas Hinton St. C401/C60/AH161,2019-02,88101,24hr,maximum|average|standard_deviation,cams_0060/cams_0060_2019-02_pm25.csv,https://www.tceq.texas.gov/cgi-bin/compliance/monops/monthly_summary.pl,2026-09-09 18:24:48 UTC,fda30332ddd8bc4b8163be35ec0444135004857851082f70d905c1cf64a4b86c,4293,28,downloaded,
60,48_113_0069,Dallas Hinton St. C401/C60/AH161,2019-03,88101,24hr,maximum|average|standard_deviation,cams_0060/cams_0060_2019-03_pm25.csv,https://www.tceq.texas.gov/cgi-bin/compliance/monops/monthly_summary.pl,2026-09-09 18:24:49 UTC,1c7250142e7d26cf532b1b356cfcc62a9756769c6304ff6475eaa472fe8d33ae,4725,31,downloaded,
60,48_113_0069,Dallas Hinton St. C401/C60/AH161,2019-04,88101,24hr,maximum|average|standard_deviation,cams_0060/cams_0060_2019-04_pm25.csv,https://www.tceq.texas.gov/cgi-bin/compliance/monops/monthly_summary.pl,2026-09-09 18:24:51 UTC,ec9c84067605dce7f110b6d6a83136fc6865bbba02c088e1506e11f762f89b79,4320,30,downloaded,
60,48_113_0069,Dallas Hinton St. C401/C60/AH161,2019-05,88101,24hr,maximum|average|standard_deviation,cams_0060/cams_0060_2019-05_pm25.csv,https://www.tceq.texas.gov/cgi-bin/compliance/monops/monthly_summary.pl,2026-09-09 18:24:53 UTC,43ef80bbf0b1739b69450faad9197979a481a97950745e894d986470d40fa084,4413,31,downloaded,
60,48_113_0069,Dallas Hinton St. C401/C60/AH161,2019-06,88101,24hr,maximum|average|standard_deviation,cams_0060/cams_0060_2019-06_pm25.csv,https://www.tceq.texas.gov/cgi-bin/compliance/monops/monthly_summary.pl,2026-09-09 18:24:54 UTC,c28ee45c0414ecdd2e9f221d2f61ac2e009c776fbe7349d06c9be710c3068275,4366,30,downloaded,
60,48_113_0069,Dallas Hinton St. C401/C60/AH161,2019-07,88101,24hr,maximum|average|standard_deviation,cams_0060/cams_0060_2019-07_pm25.csv,https://www.tceq.texas.gov/cgi-bin/compliance/monops/monthly_summary.pl,2026-09-09 18:24:56 UTC,d547fbfd33d5867197136adc6ec3845b19b47d422195af4e2bafdaf0eaf3528b,4755,31,downloaded,
60,48_113_0069,Dallas Hinton St. C401/C60/AH161,2019-08,88101,24hr,maximum|average|standard_deviation,cams_0060/cams_0060_2019-08_pm25.csv,https://www.tceq.texas.gov/cgi-bin/compliance/monops/monthly_summary.pl,2026-09-09 18:24:58 UTC,c5b94b5d83b2b9a593684846774ae1242338c741100e26975ce841c7471cabd2,4548,31,downloaded,
60,48_113_0069,Dallas Hinton St. C401/C60/AH161,2019-09,88101,24hr,maximum|average|standard_deviation,cams_0060/cams_0060_2019-09_pm25.csv,https://www.tceq.texas.gov/cgi-bin/compliance/monops/monthly_summary.pl,2026-09-09 18:25:00 UTC,73f0a094b6ebbb9f3d5508fd122568e7e42e0256a45ee91c7232b040cb4f40f7,4466,30,downloaded,
60,48_113_0069,Dallas Hinton St. C401/C60/AH161,2019-10,88101,24hr,maximum|average|standard_deviation,cams_0060/cams_0060_2019-10_pm25.csv,https://www.tceq.texas.gov/cgi-bin/compliance/monops/monthly_summary.pl,2026-09-09 18:25:02 UTC,b63ad58a480debf858180b4a355fd36dc41d91470ce595ebc99617585fedcc7d,4522,31,downloaded,
60,48_113_0069,Dallas Hinton St. C401/C60/AH161,2019-11,88101,24hr,maximum|average|standard_deviation,cams_0060/cams_0060_2019-11_pm25.csv,https://www.tceq.texas.gov/cgi-bin/compliance/monops/monthly_summary.pl,2026-09-09 18:25:04 UTC,4d0ea06549a6ccb2da5053356326f0c5efb2c8af3dd4489ac83cebe101929f57,4424,30,downloaded,
60,48_113_0069,Dallas Hinton St. C401/C60/AH161,2019-12,88101,24hr,maximum|average|standard_deviation,cams_0060/cams_0060_2019-12_pm25.csv,https://www.tceq.texas.gov/cgi-bin/compliance/monops/monthly_summary.pl,2026-09-09 18:25:06 UTC,4bfae5defc46f303d4535b86e19715e8954a3c1f92588cc022f451521ad6a2b3,4540,31,downloaded,
60,48_113_0069,Dallas Hinton St. C401/C60/AH161,2020-01,88101,24hr,maximum|average|standard_deviation,cams_0060/cams_0060_2020-01_pm25.csv,https://www.tceq.texas.gov/cgi-bin/compliance/monops/monthly_summary.pl,2026-09-09 18:25:08 UTC,24755ea3ff1b9506146b6562cb91388e22df790bb2c724da520510e47de9da80,4447,31,downloaded,
60,48_113_0069,Dallas Hinton St. C401/C60/AH161,2020-02,88101,24hr,maximum|average|standard_deviation,cams_0060/cams_0060_2020-02_pm25.csv,https://www.tceq.texas.gov/cgi-bin/compliance/monops/monthly_summary.pl,2026-09-09 18:25:10 UTC,907621d77e30320fd32395e002fd391e37ae30cd4e0020a5b27cc2bbffe030f7,4102,29,downloaded,
60,48_113_0069,Dallas Hinton St. C401/C60/AH161,2020-03,88101,24hr,maximum|average|standard_deviation,cams_0060/cams_0060_2020-03_pm25.csv,https://www.tceq.texas.gov/cgi-bin/compliance/monops/monthly_summary.pl,2026-09-09 18:25:12 UTC,f00992f334dcf2fb6a5ab28512edce4957c94866b9873a54e908b46eb8b30b42,4480,31,downloaded,
60,48_113_0069,Dallas Hinton St. C401/C60/AH161,2020-04,88101,24hr,maximum|average|standard_deviation,cams_0060/cams_0060_2020-04_pm25.csv,https://www.tceq.texas.gov/cgi-bin/compliance/monops/monthly_summary.pl,2026-09-09 18:25:14 UTC,4215f18b70f94563ccb599a2d9502f935674daa4550c782866f60587b0d5e195,4292,30,downloaded,
60,48_113_0069,Dallas Hinton St. C401/C60/AH161,2020-05,88101,24hr,maximum|average|standard_deviation,cams_0060/cams_0060_2020-05_pm25.csv,https://www.tceq.texas.gov/cgi-bin/compliance/monops/monthly_summary.pl,2026-09-09 18:25:16 UTC,48d43caea4aa131f8b85b336e0a85fe1411731903dffd011151c6efc2e7b72a9,4383,31,downloaded,
60,48_113_0069,Dallas Hinton St. C401/C60/AH161,2020-06,88101,24hr,maximum|average|standard_deviation,cams_0060/cams_0060_2020-06_pm25.csv,https://www.tceq.texas.gov/cgi-bin/compliance/monops/monthly_summary.pl,2026-09-09 18:25:18 UTC,7bc5d8cd98203ba8935f2852d98a939cac837d1644a517816640c058eab28da6,4314,30,downloaded,
60,48_113_0069,Dallas Hinton St. C401/C60/AH161,2020-07,88101,24hr,maximum|average|standard_deviation,cams_0060/cams_0060_2020-07_pm25.csv,https://www.tceq.texas.gov/cgi-bin/compliance/monops/monthly_summary.pl,2026-09-09 18:25:20 UTC,c1f76c32e4f7a80a2321393fb8310c8b806f869de71c03c360dcb0e28bf104ff,4560,31,downloaded,
60,48_113_0069,Dallas Hinton St. C401/C60/AH161,2020-08,88101,24hr,maximum|average|standard_deviation,cams_0060/cams_0060_2020-08_pm25.csv,https://www.tceq.texas.gov/cgi-bin/compliance/monops/monthly_summary.pl,2026-09-09 18:25:22 UTC,223240934ca7af9c053ec89ea038a2b91c4e8877a1a52ef5c187134b77b9bca2,4565,31,downloaded,
60,48_113_0069,Dallas Hinton St. C401/C60/AH161,2020-09,88101,24hr,maximum|average|standard_deviation,cams_0060/cams_0060_2020-09_pm25.csv,https://www.tceq.texas.gov/cgi-bin/compliance/monops/monthly_summary.pl,2026-09-09 18:25:24 UTC,8a2fceb1fbb4398976a6825bda1bbb103da4f732e71a6b45cba19429c275c658,4242,30,downloaded,
60,48_113_0069,Dallas Hinton St. C401/C60/AH161,2020-10,88101,24hr,maximum|average|standard_deviation,cams_0060/cams_0060_2020-10_pm25.csv,https://www.tceq.texas.gov/cgi-bin/compliance/monops/monthly_summary.pl,2026-09-09 18:25:26 UTC,e8f4643b60d22cd335d5aea5cd0b348cd44e9be7096e6895218f48af960b1a96,4475,31,downloaded,
60,48_113_0069,Dallas Hinton St. C401/C60/AH161,2020-11,88101,24hr,maximum|average|standard_deviation,cams_0060/cams_0060_2020-11_pm25.csv,https://www.tceq.texas.gov/cgi-bin/compliance/monops/monthly_summary.pl,2026-09-09 18:25:28 UTC,d67475408880d2f868ae0b3b37c229914a859fb7dbe722863af348b0e145549d,4358,30,downloaded,
60,48_113_0069,Dallas Hinton St. C401/C60/AH161,2020-12,88101,24hr,maximum|average|standard_deviation,cams_0060/cams_0060_2020-12_pm25.csv,https://www.tceq.texas.gov/cgi-bin/compliance/monops/monthly_summary.pl,2026-09-09 18:25:30 UTC,3a511d00eadf48e207cd48f8ac832a10b05e30f5bcd46ef6bc2e0e8cd6dc03da,4464,31,downloaded,
60,48_113_0069,Dallas Hinton St. C401/C60/AH161,2021-01,88101,24hr,maximum|average|standard_deviation,cams_0060/cams_0060_2021-01_pm25.csv,https://www.tceq.texas.gov/cgi-bin/compliance/monops/monthly_summary.pl,2026-09-09 18:25:32 UTC,49da23272e32f41d673f8d66c71e69c5f79dc59e7aba77563cb86768040751fe,4488,31,downloaded,
60,48_113_0069,Dallas Hinton St. C401/C60/AH161,2021-02,88101,24hr,maximum|average|standard_deviation,cams_0060/cams_0060_2021-02_pm25.csv,https://www.tceq.texas.gov/cgi-bin/compliance/monops/monthly_summary.pl,2026-09-09 18:25:33 UTC,ce138f02af647b396e3fb35ab4b84236686019666789a4f6c7212dd9afc261f4,4058,28,downloaded,
60,48_113_0069,Dallas Hinton St. C401/C60/AH161,2021-03,88101,24hr,maximum|average|standard_deviation,cams_0060/cams_0060_2021-03_pm25.csv,https://www.tceq.texas.gov/cgi-bin/compliance/monops/monthly_summary.pl,2026-09-09 18:25:35 UTC,122779a3969bb2fb1c2be0fe4377366e5ae9a52d406ec00c76739c6988a87494,4422,31,downloaded,
60,48_113_0069,Dallas Hinton St. C401/C60/AH161,2021-04,88101,24hr,maximum|average|standard_deviation,cams_0060/cams_0060_2021-04_pm25.csv,https://www.tceq.texas.gov/cgi-bin/compliance/monops/monthly_summary.pl,2026-09-09 18:25:37 UTC,23e206b5ea48ac5779d6f4ab6694e2094a11a10088efb04f5d5c451bb03a0ce9,4318,30,downloaded,
60,48_113_0069,Dallas Hinton St. C401/C60/AH161,2021-05,88101,24hr,maximum|average|standard_deviation,cams_0060/cams_0060_2021-05_pm25.csv,https://www.tceq.texas.gov/cgi-bin/compliance/monops/monthly_summary.pl,2026-09-09 18:25:39 UTC,12cbe66e6b2a969af7b78ef05e774c64b0ae3b026714941c30a360c8fe086317,4299,31,downloaded,
60,48_113_0069,Dallas Hinton St. C401/C60/AH161,2021-06,88101,24hr,maximum|average|standard_deviation,cams_0060/cams_0060_2021-06_pm25.csv,https://www.tceq.texas.gov/cgi-bin/compliance/monops/monthly_summary.pl,2026-09-09 18:25:41 UTC,1296f20a9d950c2fa4787cf1d787cea364fc71a59a49c144840269f8307f4705,4289,30,downloaded,
60,48_113_0069,Dallas Hinton St. C401/C60/AH161,2021-07,88101,24hr,maximum|average|standard_deviation,cams_0060/cams_0060_2021-07_pm25.csv,https://www.tceq.texas.gov/cgi-bin/compliance/monops/monthly_summary.pl,2026-09-09 18:25:43 UTC,ec58b251fe1af690e65ba4ddbcd1dc9dddcfe9d11a5142417e7b382ae3d9ce62,4578,31,downloaded,
60,48_113_0069,Dallas Hinton St. C401/C60/AH161,2021-08,88101,24hr,maximum|average|standard_deviation,cams_0060/cams_0060_2021-08_pm25.csv,https://www.tceq.texas.gov/cgi-bin/compliance/monops/monthly_summary.pl,2026-09-09 18:25:45 UTC,0cdd323a97769dd1fd777074a8eba451997a3cd19dd0605ac690c82ea77b5d43,4336,31,downloaded,
60,48_113_0069,Dallas Hinton St. C401/C60/AH161,2021-09,88101,24hr,maximum|average|standard_deviation,cams_0060/cams_0060_2021-09_pm25.csv,https://www.tceq.texas.gov/cgi-bin/compliance/monops/monthly_summary.pl,2026-09-09 18:25:47 UTC,cb93d2f11b46e3adba9c7c43d595bf51c2ecb600931005d310ed4a32283df4a3,4398,30,downloaded,
60,48_113_0069,Dallas Hinton St. C401/C60/AH161,2021-10,88101,24hr,maximum|average|standard_deviation,cams_0060/cams_0060_2021-10_pm25.csv,https://www.tceq.texas.gov/cgi-bin/compliance/monops/monthly_summary.pl,2026-09-09 18:25:48 UTC,19cdaa0475105e33570fd6ea3a4fe75226af32d662496806d58ff58f1339da13,4429,31,downloaded,
60,48_113_0069,Dallas Hinton St. C401/C60/AH161,2021-11,88101,24hr,maximum|average|standard_deviation,cams_0060/cams_0060_2021-11_pm25.csv,https://www.tceq.texas.gov/cgi-bin/compliance/monops/monthly_summary.pl,2026-09-09 18:25:50 UTC,0077c47ba6cdd13908ff3ccb05fe4df51debbe5738cc49c31db9342a310c6d35,4271,30,downloaded,
60,48_113_0069,Dallas Hinton St. C401/C60/AH161,2021-12,88101,24hr,maximum|average|standard_deviation,cams_0060/cams_0060_2021-12_pm25.csv,https://www.tceq.texas.gov/cgi-bin/compliance/monops/monthly_summary.pl,2026-09-09 18:25:52 UTC,c1062d579634d9cd1f39c622fac4092afd1075066663463fce44027ad2276977,4571,31,downloaded,
60,48_113_0069,Dallas Hinton St. C401/C60/AH161,2022-01,88101,24hr,maximum|average|standard_deviation,cams_0060/cams_0060_2022-01_pm25.csv,https://www.tceq.texas.gov/cgi-bin/compliance/monops/monthly_summary.pl,2026-09-09 18:25:54 UTC,57a5a0e5606971a7320517c7a30b9a1322227de344fe6b508344c399c6c38d5d,4436,31,downloaded,
60,48_113_0069,Dallas Hinton St. C401/C60/AH161,2022-02,88101,24hr,maximum|average|standard_deviation,cams_0060/cams_0060_2022-02_pm25.csv,https://www.tceq.texas.gov/cgi-bin/compliance/monops/monthly_summary.pl,2026-09-09 18:25:56 UTC,fd5e644129af0df930f4e73037f6cff41b7ca45c6f946bf0f91600a767d9ff88,4044,28,downloaded,
60,48_113_0069,Dallas Hinton St. C401/C60/AH161,2022-03,88101,24hr,maximum|average|standard_deviation,cams_0060/cams_0060_2022-03_pm25.csv,https://www.tceq.texas.gov/cgi-bin/compliance/monops/monthly_summary.pl,2026-09-09 18:25:57 UTC,5cbcbe6d9f5bf3bb1d02b26d336b1a77a1c84ebe25c321de247fea9623b2ff5c,4356,31,downloaded,
60,48_113_0069,Dallas Hinton St. C401/C60/AH161,2022-04,88101,24hr,maximum|average|standard_deviation,cams_0060/cams_0060_2022-04_pm25.csv,https://www.tceq.texas.gov/cgi-bin/compliance/monops/monthly_summary.pl,2026-09-09 18:25:59 UTC,2f81ed9ba5ae1673fc88c7953dcd4724057ada0ee4cbac6154fe6a8a2359c992,4247,30,downloaded,
60,48_113_0069,Dallas Hinton St. C401/C60/AH161,2022-05,88101,24hr,maximum|average|standard_deviation,cams_0060/cams_0060_2022-05_pm25.csv,https://www.tceq.texas.gov/cgi-bin/compliance/monops/monthly_summary.pl,2026-09-09 18:26:01 UTC,0d78d2a1fa9c8dd18e8938300e993112ad3ef5a9f01b3b227fc83340ad49bed0,4538,31,downloaded,
60,48_113_0069,Dallas Hinton St. C401/C60/AH161,2022-06,88101,24hr,maximum|average|standard_deviation,cams_0060/cams_0060_2022-06_pm25.csv,https://www.tceq.texas.gov/cgi-bin/compliance/monops/monthly_summary.pl,2026-09-09 18:26:03 UTC,ca568871804bb2cd8281ce12a199a9e4ae204835cc99abc22936c49f01ebe621,4432,30,downloaded,
60,48_113_0069,Dallas Hinton St. C401/C60/AH161,2022-07,88101,24hr,maximum|average|standard_deviation,cams_0060/cams_0060_2022-07_pm25.csv,https://www.tceq.texas.gov/cgi-bin/compliance/monops/monthly_summary.pl,2026-09-09 18:26:05 UTC,2d5a3a1e0157c62e98a9511bfebf01ac2a45ba670b7b1dacfa3ee0eab37a08c9,3975,31,downloaded,
60,48_113_0069,Dallas Hinton St. C401/C60/AH161,2022-08,88101,24hr,maximum|average|standard_deviation,cams_0060/cams_0060_2022-08_pm25.csv,https://www.tceq.texas.gov/cgi-bin/compliance/monops/monthly_summary.pl,2026-09-09 18:26:07 UTC,c325e2e2b41e7a69fb6a96e1ce52c9a844e585ba3c3d51f3ed2e155289693ec9,4363,31,downloaded,
60,48_113_0069,Dallas Hinton St. C401/C60/AH161,2022-09,88101,24hr,maximum|average|standard_deviation,cams_0060/cams_0060_2022-09_pm25.csv,https://www.tceq.texas.gov/cgi-bin/compliance/monops/monthly_summary.pl,2026-09-09 18:26:08 UTC,4e944bbe3e6ab349e43a2fc5c85e0618a0e077ab8107cbee05debe2942c82c22,4373,30,downloaded,
60,48_113_0069,Dallas Hinton St. C401/C60/AH161,2022-10,88101,24hr,maximum|average|standard_deviation,cams_0060/cams_0060_2022-10_pm25.csv,https://www.tceq.texas.gov/cgi-bin/compliance/monops/monthly_summary.pl,2026-09-09 18:26:10 UTC,5cbf15f7244f4381424aae2182135a3629617addff5d009325d27c83c0de1987,4363,31,downloaded,
60,48_113_0069,Dallas Hinton St. C401/C60/AH161,2022-11,88101,24hr,maximum|average|standard_deviation,cams_0060/cams_0060_2022-11_pm25.csv,https://www.tceq.texas.gov/cgi-bin/compliance/monops/monthly_summary.pl,2026-09-09 18:26:12 UTC,1e8816cc476509aaba3750b40f8f8d50ed8bd25a7647c9f78afffa47661dd655,4337,30,downloaded,
60,48_113_0069,Dallas Hinton St. C401/C60/AH161,2022-12,88101,24hr,maximum|average|standard_deviation,cams_0060/cams_0060_2022-12_pm25.csv,https://www.tceq.texas.gov/cgi-bin/compliance/monops/monthly_summary.pl,2026-09-09 18:26:13 UTC,9685c4ecc26876a0a602640165aa230e08ac209ad7ea6a0e6e479304998c9fbd,4479,31,downloaded,
60,48_113_0069,Dallas Hinton St. C401/C60/AH161,2023-01,88101,24hr,maximum|average|standard_deviation,cams_0060/cams_0060_2023-01_pm25.csv,https://www.tceq.texas.gov/cgi-bin/compliance/monops/monthly_summary.pl,2026-09-09 18:26:15 UTC,0e5b5b0842c4ae5be21c5a6b8015b7ebf0f1750b95b5789a8c3e20b03da268f9,4463,31,downloaded,
60,48_113_0069,Dallas Hinton St. C401/C60/AH161,2023-02,88101,24hr,maximum|average|standard_deviation,cams_0060/cams_0060_2023-02_pm25.csv,https://www.tceq.texas.gov/cgi-bin/compliance/monops/monthly_summary.pl,2026-09-09 18:26:16 UTC,efda9472d1f00df384db1d47da4a6ac974cbe0dfb4147e8bdcb7408841c2ecc7,4122,28,downloaded,
60,48_113_0069,Dallas Hinton St. C401/C60/AH161,2023-03,88101,24hr,maximum|average|standard_deviation,cams_0060/cams_0060_2023-03_pm25.csv,https://www.tceq.texas.gov/cgi-bin/compliance/monops/monthly_summary.pl,2026-09-09 18:26:18 UTC,c5b9dae64178f4a470a6b46774d4e4f44e23e15e9b7b6161ee410ff21f5807c4,4397,31,downloaded,
60,48_113_0069,Dallas Hinton St. C401/C60/AH161,2023-04,88101,24hr,maximum|average|standard_deviation,cams_0060/cams_0060_2023-04_pm25.csv,https://www.tceq.texas.gov/cgi-bin/compliance/monops/monthly_summary.pl,2026-09-09 18:26:20 UTC,390c6ee5f77ce44f2f2ceddf06562d535e74e4af31e20eaed533df204cee5cb0,4288,30,downloaded,
60,48_113_0069,Dallas Hinton St. C401/C60/AH161,2023-05,88101,24hr,maximum|average|standard_deviation,cams_0060/cams_0060_2023-05_pm25.csv,https://www.tceq.texas.gov/cgi-bin/compliance/monops/monthly_summary.pl,2026-09-09 18:26:21 UTC,e510ebe72b9b96c4a42e7203720ecefb7be4922c3ef7776127366e107886e036,4628,31,downloaded,
60,48_113_0069,Dallas Hinton St. C401/C60/AH161,2023-06,88101,24hr,maximum|average|standard_deviation,cams_0060/cams_0060_2023-06_pm25.csv,https://www.tceq.texas.gov/cgi-bin/compliance/monops/monthly_summary.pl,2026-09-09 18:26:23 UTC,b204916dea163c7f5e0591b4c5a72d676492b61e7fec37addea5f5eca22f8661,4510,30,downloaded,
60,48_113_0069,Dallas Hinton St. C401/C60/AH161,2023-07,88101,24hr,maximum|average|standard_deviation,cams_0060/cams_0060_2023-07_pm25.csv,https://www.tceq.texas.gov/cgi-bin/compliance/monops/monthly_summary.pl,2026-09-09 18:26:24 UTC,69f209f9b095819d15259bb5ef81e636e274580496f3a9e1d727e4955f22dd15,4701,31,downloaded,
60,48_113_0069,Dallas Hinton St. C401/C60/AH161,2023-08,88101,24hr,maximum|average|standard_deviation,cams_0060/cams_0060_2023-08_pm25.csv,https://www.tceq.texas.gov/cgi-bin/compliance/monops/monthly_summary.pl,2026-09-09 18:26:26 UTC,8fd3bd524ebe6f4937b7e4f2cfa4bfe6dca46175b49586b7e2f1cf05e41d33b9,4716,31,downloaded,
60,48_113_0069,Dallas Hinton St. C401/C60/AH161,2023-09,88101,24hr,maximum|average|standard_deviation,cams_0060/cams_0060_2023-09_pm25.csv,https://www.tceq.texas.gov/cgi-bin/compliance/monops/monthly_summary.pl,2026-09-09 18:26:28 UTC,339d78fb538ab7f3586dbf8923b404defc67d1d20c59a56a24390cea683631cd,4550,30,downloaded,
60,48_113_0069,Dallas Hinton St. C401/C60/AH161,2023-10,88101,24hr,maximum|average|standard_deviation,cams_0060/cams_0060_2023-10_pm25.csv,https://www.tceq.texas.gov/cgi-bin/compliance/monops/monthly_summary.pl,2026-09-09 18:26:29 UTC,2f8ea65a9b5c792e2d0cda3dc05ef85562f76c8518c2977fa15828dafaf16048,4436,31,downloaded,
60,48_113_0069,Dallas Hinton St. C401/C60/AH161,2023-11,88101,24hr,maximum|average|standard_deviation,cams_0060/cams_0060_2023-11_pm25.csv,https://www.tceq.texas.gov/cgi-bin/compliance/monops/monthly_summary.pl,2026-09-09 18:26:31 UTC,4dc43d86658c11efffdc09117cba18f17d2ffdeb73d4c7356ad7338e3b28bbd6,4510,30,downloaded,
60,48_113_0069,Dallas Hinton St. C401/C60/AH161,2023-12,88101,24hr,maximum|average|standard_deviation,cams_0060/cams_0060_2023-12_pm25.csv,https://www.tceq.texas.gov/cgi-bin/compliance/monops/monthly_summary.pl,2026-09-09 18:26:32 UTC,b873bfa3e2fcf42077661a5b29d41078692470559ba8f5490af627a5853a8c9a,4412,31,downloaded,
60,48_113_0069,Dallas Hinton St. C401/C60/AH161,2024-01,88101,24hr,maximum|average|standard_deviation,cams_0060/cams_0060_2024-01_pm25.csv,https://www.tceq.texas.gov/cgi-bin/compliance/monops/monthly_summary.pl,2026-09-09 18:26:34 UTC,19e8932ccad9f03cb3d8ae3e391d68cb7fffabd6865a3c52d321f86cebd30cd3,4489,31,downloaded,
60,48_113_0069,Dallas Hinton St. C401/C60/AH161,2024-02,88101,24hr,maximum|average|standard_deviation,cams_0060/cams_0060_2024-02_pm25.csv,https://www.tceq.texas.gov/cgi-bin/compliance/monops/monthly_summary.pl,2026-09-09 18:26:35 UTC,cc0725833002deeee15bf72be6af3e8ae5f8851e17071995e9202f3624b54bcf,4138,29,downloaded,
60,48_113_0069,Dallas Hinton St. C401/C60/AH161,2024-03,88101,24hr,maximum|average|standard_deviation,cams_0060/cams_0060_2024-03_pm25.csv,https://www.tceq.texas.gov/cgi-bin/compliance/monops/monthly_summary.pl,2026-09-09 18:26:37 UTC,afdefd4f790a0c3f286b418a917ca53e045bf6f6b3d76aab88ada19efe2319d8,4496,31,downloaded,
60,48_113_0069,Dallas Hinton St. C401/C60/AH161,2024-04,88101,24hr,maximum|average|standard_deviation,cams_0060/cams_0060_2024-04_pm25.csv,https://www.tceq.texas.gov/cgi-bin/compliance/monops/monthly_summary.pl,2026-09-09 18:26:39 UTC,53e8ab8adc3e646d85a0e8ce10fea605fc5b7f76b96ce45020d91d909739cc9c,4331,30,downloaded,
60,48_113_0069,Dallas Hinton St. C401/C60/AH161,2024-05,88101,24hr,maximum|average|standard_deviation,cams_0060/cams_0060_2024-05_pm25.csv,https://www.tceq.texas.gov/cgi-bin/compliance/monops/monthly_summary.pl,2026-09-09 18:26:40 UTC,edddcd8dd62db5958adaa3101e4e83f48c2f72f9f94ba4b5a79f820ac3766721,4614,31,downloaded,
60,48_113_0069,Dallas Hinton St. C401/C60/AH161,2024-06,88101,24hr,maximum|average|standard_deviation,cams_0060/cams_0060_2024-06_pm25.csv,https://www.tceq.texas.gov/cgi-bin/compliance/monops/monthly_summary.pl,2026-09-09 18:26:42 UTC,32e9cbaf6ea7de98de4a7626b3974b74862b2230270ec0ffb3269c8ff9886931,4541,30,downloaded,
60,48_113_0069,Dallas Hinton St. C401/C60/AH161,2024-07,88101,24hr,maximum|average|standard_deviation,cams_0060/cams_0060_2024-07_pm25.csv,https://www.tceq.texas.gov/cgi-bin/compliance/monops/monthly_summary.pl,2026-09-09 18:26:43 UTC,3f37039d1aacaef1600f7bb509944d0d65f0bee1e27f92828445e25a090bd50e,4530,31,downloaded,
60,48_113_0069,Dallas Hinton St. C401/C60/AH161,2024-08,88101,24hr,maximum|average|standard_deviation,cams_0060/cams_0060_2024-08_pm25.csv,https://www.tceq.texas.gov/cgi-bin/compliance/monops/monthly_summary.pl,2026-09-09 18:26:45 UTC,e739b27e6a7d82b5f19b855fcab17d30010893391b31bba86f4616c7ca08e58a,4440,31,downloaded,
60,48_113_0069,Dallas Hinton St. C401/C60/AH161,2024-09,88101,24hr,maximum|average|standard_deviation,cams_0060/cams_0060_2024-09_pm25.csv,https://www.tceq.texas.gov/cgi-bin/compliance/monops/monthly_summary.pl,2026-09-09 18:26:46 UTC,a9d313a59b8dea4523a94b6ca0478fcd50d52a5f7538df5108f743d0e1136f6a,3798,30,downloaded,
60,48_113_0069,Dallas Hinton St. C401/C60/AH161,2024-10,88101,24hr,maximum|average|standard_deviation,cams_0060/cams_0060_2024-10_pm25.csv,https://www.tceq.texas.gov/cgi-bin/compliance/monops/monthly_summary.pl,2026-09-09 18:26:48 UTC,f90c5cb58be7898833d76fa9083e5e4de9e9d68e69fb95e98c45fa6ae61b724e,4375,31,downloaded,
60,48_113_0069,Dallas Hinton St. C401/C60/AH161,2024-11,88101,24hr,maximum|average|standard_deviation,cams_0060/cams_0060_2024-11_pm25.csv,https://www.tceq.texas.gov/cgi-bin/compliance/monops/monthly_summary.pl,2026-09-09 18:26:50 UTC,44beb809676d3a6af2c8b4a0606412f1d7590de1a67f68faa3cc16ac4c4084c1,4352,30,downloaded,
60,48_113_0069,Dallas Hinton St. C401/C60/AH161,2024-12,88101,24hr,maximum|average|standard_deviation,cams_0060/cams_0060_2024-12_pm25.csv,https://www.tceq.texas.gov/cgi-bin/compliance/monops/monthly_summary.pl,2026-09-09 18:26:51 UTC,6665a3b72c3efefb2dba1e156045fb1b12a03349a1188b9974a8385fd701762d,4525,31,downloaded,
60,48_113_0069,Dallas Hinton St. C401/C60/AH161,2025-01,88101,24hr,maximum|average|standard_deviation,cams_0060/cams_0060_2025-01_pm25.csv,https://www.tceq.texas.gov/cgi-bin/compliance/monops/monthly_summary.pl,2026-09-09 18:26:53 UTC,60d50d1dc98f5d36460aeef605739d4f4143877a55bc84dacf6c27e6b8d62cd8,4506,31,downloaded,
60,48_113_0069,Dallas Hinton St. C401/C60/AH161,2025-02,88101,24hr,maximum|average|standard_deviation,cams_0060/cams_0060_2025-02_pm25.csv,https://www.tceq.texas.gov/cgi-bin/compliance/monops/monthly_summary.pl,2026-09-09 18:26:54 UTC,c55d84b0195aff5ac95f23d41c37998435208c0c6d0e51f6f381a8ec0f26a484,3884,28,downloaded,
1096,48_113_1096,Dallas Bexar Street C1096,2026-01,88101,24hr,maximum|average|standard_deviation,,https://www.tceq.texas.gov/cgi-bin/compliance/monops/monthly_summary.pl,2026-09-09 18:26:55 UTC,,,0,no_data,
1096,48_113_1096,Dallas Bexar Street C1096,2026-02,88101,24hr,maximum|average|standard_deviation,cams_1096/cams_1096_2026-02_pm25.csv,https://www.tceq.texas.gov/cgi-bin/compliance/monops/monthly_summary.pl,2026-09-09 18:26:56 UTC,0dbfd8ab5bb07fb5200a6fca8292262aec3f8e15b981b0b26b7115241762afc6,4032,28,downloaded,
1096,48_113_1096,Dallas Bexar Street C1096,2026-03,88101,24hr,maximum|average|standard_deviation,cams_1096/cams_1096_2026-03_pm25.csv,https://www.tceq.texas.gov/cgi-bin/compliance/monops/monthly_summary.pl,2026-09-09 18:26:57 UTC,1ed77f85d23e34bf1c6421d863ada7a67ce60ed2057dcf2a5a28cd0ff02f1e91,4133,31,downloaded,
1096,48_113_1096,Dallas Bexar Street C1096,2026-04,88101,24hr,maximum|average|standard_deviation,cams_1096/cams_1096_2026-04_pm25.csv,https://www.tceq.texas.gov/cgi-bin/compliance/monops/monthly_summary.pl,2026-09-09 18:26:58 UTC,7f7b7a524187ce46bf25b7a94b480b8bc8473707937c15cfd26925850f9d474f,4268,30,downloaded,
1096,48_113_1096,Dallas Bexar Street C1096,2026-05,88101,24hr,maximum|average|standard_deviation,cams_1096/cams_1096_2026-05_pm25.csv,https://www.tceq.texas.gov/cgi-bin/compliance/monops/monthly_summary.pl,2026-09-09 18:26:59 UTC,e0dd7c77cadfe6b86665318017fef6e76b9274c7c42b9a84945817dd221e81e8,4523,31,downloaded,
1096,48_113_1096,Dallas Bexar Street C1096,2026-06,88101,24hr,maximum|average|standard_deviation,cams_1096/cams_1096_2026-06_pm25.csv,https://www.tceq.texas.gov/cgi-bin/compliance/monops/monthly_summary.pl,2026-09-09 18:27:00 UTC,22b5c1d65d2522c6b6d60fcab27d5ce4fd258b2873af08e6dd6e00ccadd497a8,4495,30,downloaded,
1096,48_113_1096,Dallas Bexar Street C1096,2026-07,88101,24hr,maximum|average|standard_deviation,cams_1096/cams_1096_2026-07_pm25.csv,https://www.tceq.texas.gov/cgi-bin/compliance/monops/monthly_summary.pl,2026-09-09 18:27:01 UTC,ba1444dc86359f8a6388ae43bef2f6597778ab92c1b9586cdd65fa86b1a5bfbc,4807,31,downloaded,
1096,48_113_1096,Dallas Bexar Street C1096,2026-08,88101,24hr,maximum|average|standard_deviation,cams_1096/cams_1096_2026-08_pm25.csv,https://www.tceq.texas.gov/cgi-bin/compliance/monops/monthly_summary.pl,2026-09-09 18:27:02 UTC,4314f5b8bdd669bd4229819cc35d56a5b31a4f41716f179c1b6b7455ceade40b,4814,31,downloaded,
74,48_113_3003,Sunnyvale Long Creek C74,2000-11,88101,24hr,maximum|average|standard_deviation,cams_0074/cams_0074_2000-11_pm25.csv,https://www.tceq.texas.gov/cgi-bin/compliance/monops/monthly_summary.pl,2026-09-09 18:27:02 UTC,bf43c7c5be5f21ff77939ecdf52a18d0493bc1f255b497883c11f2dd9456cc53,3920,30,downloaded,
74,48_113_3003,Sunnyvale Long Creek C74,2000-12,88101,24hr,maximum|average|standard_deviation,cams_0074/cams_0074_2000-12_pm25.csv,https://www.tceq.texas.gov/cgi-bin/compliance/monops/monthly_summary.pl,2026-09-09 18:27:03 UTC,39b67f7a9f0f6ba0fef4a6f5bbd51b6cb42f5927c51ad60797a5bfe173a963db,4339,31,downloaded,
74,48_113_3003,Sunnyvale Long Creek C74,2001-01,88101,24hr,maximum|average|standard_deviation,cams_0074/cams_0074_2001-01_pm25.csv,https://www.tceq.texas.gov/cgi-bin/compliance/monops/monthly_summary.pl,2026-09-09 18:27:04 UTC,3176f7988a183f609074aca7c85d0195f8d5f8ccba001f0961bd367d7adf1b5a,4311,31,downloaded,
74,48_113_3003,Sunnyvale Long Creek C74,2001-02,88101,24hr,maximum|average|standard_deviation,cams_0074/cams_0074_2001-02_pm25.csv,https://www.tceq.texas.gov/cgi-bin/compliance/monops/monthly_summary.pl,2026-09-09 18:27:05 UTC,a23218f1f5bb44801ae3da3bad38bb4c2116552ae7d4ce52ed58a2f74f573a70,3993,28,downloaded,
74,48_113_3003,Sunnyvale Long Creek C74,2001-03,88101,24hr,maximum|average|standard_deviation,cams_0074/cams_0074_2001-03_pm25.csv,https://www.tceq.texas.gov/cgi-bin/compliance/monops/monthly_summary.pl,2026-09-09 18:27:06 UTC,97649132127e0a8bf00e4848c4dad3989c14dbdb979ad7e61fff254afd5beee3,4383,31,downloaded,
74,48_113_3003,Sunnyvale Long Creek C74,2001-04,88101,24hr,maximum|average|standard_deviation,cams_0074/cams_0074_2001-04_pm25.csv,https://www.tceq.texas.gov/cgi-bin/compliance/monops/monthly_summary.pl,2026-09-09 18:27:07 UTC,06d30f95681eecbc920bf395229fd6c8383e24c2a79be0e1a99d400dbbedbd45,4533,30,downloaded,
74,48_113_3003,Sunnyvale Long Creek C74,2001-05,88101,24hr,maximum|average|standard_deviation,cams_0074/cams_0074_2001-05_pm25.csv,https://www.tceq.texas.gov/cgi-bin/compliance/monops/monthly_summary.pl,2026-09-09 18:27:08 UTC,c3a2a05f7f96fcae44b5298b346144a0f29cf193d678bb825f9ee86be429c126,4523,31,downloaded,
74,48_113_3003,Sunnyvale Long Creek C74,2001-06,88101,24hr,maximum|average|standard_deviation,cams_0074/cams_0074_2001-06_pm25.csv,https://www.tceq.texas.gov/cgi-bin/compliance/monops/monthly_summary.pl,2026-09-09 18:27:10 UTC,d65cb2889ac4cfb04c7a758203a72c260755a15b5175d6f31025f82cb6a746ce,4479,30,downloaded,
74,48_113_3003,Sunnyvale Long Creek C74,2001-07,88101,24hr,maximum|average|standard_deviation,cams_0074/cams_0074_2001-07_pm25.csv,https://www.tceq.texas.gov/cgi-bin/compliance/monops/monthly_summary.pl,2026-09-09 18:27:11 UTC,e9b4c0212140b6a19930be46ad08590a3999c60312f8ce43559d5fbdd231a146,4675,31,downloaded,
74,48_113_3003,Sunnyvale Long Creek C74,2001-08,88101,24hr,maximum|average|standard_deviation,cams_0074/cams_0074_2001-08_pm25.csv,https://www.tceq.texas.gov/cgi-bin/compliance/monops/monthly_summary.pl,2026-09-09 18:27:12 UTC,b5b4abe0c3cf34cce77f6f5a301b14fd9a2250db1788f01bbaf5e97e80054db3,4550,31,downloaded,
74,48_113_3003,Sunnyvale Long Creek C74,2001-09,88101,24hr,maximum|average|standard_deviation,cams_0074/cams_0074_2001-09_pm25.csv,https://www.tceq.texas.gov/cgi-bin/compliance/monops/monthly_summary.pl,2026-09-09 18:27:13 UTC,6d95a79264cd98affaf4560a375ebd639e559d24de0b07597162e1b86255a9fd,4418,30,downloaded,
74,48_113_3003,Sunnyvale Long Creek C74,2001-10,88101,24hr,maximum|average|standard_deviation,cams_0074/cams_0074_2001-10_pm25.csv,https://www.tceq.texas.gov/cgi-bin/compliance/monops/monthly_summary.pl,2026-09-09 18:27:14 UTC,fc02af7291564212b383cdfbb785312dc9f54018bc380474771cb6f884808c78,4469,31,downloaded,
74,48_113_3003,Sunnyvale Long Creek C74,2001-11,88101,24hr,maximum|average|standard_deviation,cams_0074/cams_0074_2001-11_pm25.csv,https://www.tceq.texas.gov/cgi-bin/compliance/monops/monthly_summary.pl,2026-09-09 18:27:15 UTC,e55e49bb482f8022e933f290a6ea03cd116d930d16bcb0e3cb6e0acf1b9188b6,4445,30,downloaded,
74,48_113_3003,Sunnyvale Long Creek C74,2001-12,88101,24hr,maximum|average|standard_deviation,cams_0074/cams_0074_2001-12_pm25.csv,https://www.tceq.texas.gov/cgi-bin/compliance/monops/monthly_summary.pl,2026-09-09 18:27:16 UTC,18939b01eaf9f6f4147355433f7878c968e674e892b90cf14e5a780c3ace46be,4317,31,downloaded,
74,48_113_3003,Sunnyvale Long Creek C74,2002-01,88101,24hr,maximum|average|standard_deviation,cams_0074/cams_0074_2002-01_pm25.csv,https://www.tceq.texas.gov/cgi-bin/compliance/monops/monthly_summary.pl,2026-09-09 18:27:17 UTC,9735fbc2a2f6b04c65100f8156a9a4be4bc58ee72b49c32bd90cfce9cec1750f,4295,31,downloaded,
74,48_113_3003,Sunnyvale Long Creek C74,2002-02,88101,24hr,maximum|average|standard_deviation,cams_0074/cams_0074_2002-02_pm25.csv,https://www.tceq.texas.gov/cgi-bin/compliance/monops/monthly_summary.pl,2026-09-09 18:27:18 UTC,8fce6b1f8f4061c5ab1c69817a0165a6bdc0440cdd3fe5422a929a25e7903f50,3939,28,downloaded,
74,48_113_3003,Sunnyvale Long Creek C74,2002-03,88101,24hr,maximum|average|standard_deviation,cams_0074/cams_0074_2002-03_pm25.csv,https://www.tceq.texas.gov/cgi-bin/compliance/monops/monthly_summary.pl,2026-09-09 18:27:19 UTC,850d0ae8dd7a9f81e0d7ab99c699b9393230c140ae8a3575bb370f3d5ed0fff1,4467,31,downloaded,
74,48_113_3003,Sunnyvale Long Creek C74,2002-04,88101,24hr,maximum|average|standard_deviation,cams_0074/cams_0074_2002-04_pm25.csv,https://www.tceq.texas.gov/cgi-bin/compliance/monops/monthly_summary.pl,2026-09-09 18:27:20 UTC,e91aa1f99baf38770473c69ae76c41bf70dd1137c41d18ec24edb3f1303b17ce,4083,30,downloaded,
74,48_113_3003,Sunnyvale Long Creek C74,2002-05,88101,24hr,maximum|average|standard_deviation,cams_0074/cams_0074_2002-05_pm25.csv,https://www.tceq.texas.gov/cgi-bin/compliance/monops/monthly_summary.pl,2026-09-09 18:27:21 UTC,c551518b370e7f4a549fc9ef2f87837837ac3c2b1e8d2ceb7a13c0732a801928,4233,31,downloaded,
74,48_113_3003,Sunnyvale Long Creek C74,2002-06,88101,24hr,maximum|average|standard_deviation,cams_0074/cams_0074_2002-06_pm25.csv,https://www.tceq.texas.gov/cgi-bin/compliance/monops/monthly_summary.pl,2026-09-09 18:27:22 UTC,cc5bfecf6ca5a4b19005a91bfbecd7755a1dbf9b068d6debe3eb50717401c9bf,4491,30,downloaded,
74,48_113_3003,Sunnyvale Long Creek C74,2002-07,88101,24hr,maximum|average|standard_deviation,cams_0074/cams_0074_2002-07_pm25.csv,https://www.tceq.texas.gov/cgi-bin/compliance/monops/monthly_summary.pl,2026-09-09 18:27:23 UTC,cbc8d214e70cc7f2b4ac1c051306207a69dd7a93a591363561a94f39186d427c,4614,31,downloaded,
74,48_113_3003,Sunnyvale Long Creek C74,2002-08,88101,24hr,maximum|average|standard_deviation,cams_0074/cams_0074_2002-08_pm25.csv,https://www.tceq.texas.gov/cgi-bin/compliance/monops/monthly_summary.pl,2026-09-09 18:27:24 UTC,15d2a2fc49e724afc3b7c1076a776a74b88f499dacb0ecabf4607b9a64f70995,4624,31,downloaded,
74,48_113_3003,Sunnyvale Long Creek C74,2002-09,88101,24hr,maximum|average|standard_deviation,cams_0074/cams_0074_2002-09_pm25.csv,https://www.tceq.texas.gov/cgi-bin/compliance/monops/monthly_summary.pl,2026-09-09 18:27:25 UTC,de1d6b5beae1e953ad88a455f001da41cecc9bcf8bf1775795f06f2cf948f2f1,4251,30,downloaded,
74,48_113_3003,Sunnyvale Long Creek C74,2002-10,88101,24hr,maximum|average|standard_deviation,cams_0074/cams_0074_2002-10_pm25.csv,https://www.tceq.texas.gov/cgi-bin/compliance/monops/monthly_summary.pl,2026-09-09 18:27:26 UTC,49ed228724c750abcda60561d1cb36dfa28739e824e68ea5b4d7bc03a0cf72b4,4119,31,downloaded,
74,48_113_3003,Sunnyvale Long Creek C74,2002-11,88101,24hr,maximum|average|standard_deviation,cams_0074/cams_0074_2002-11_pm25.csv,https://www.tceq.texas.gov/cgi-bin/compliance/monops/monthly_summary.pl,2026-09-09 18:27:27 UTC,be7bbacc9f112221a0392ea541d6082c638f4a267f9712b4249734f5704ebdcc,4188,30,downloaded,
74,48_113_3003,Sunnyvale Long Creek C74,2002-12,88101,24hr,maximum|average|standard_deviation,cams_0074/cams_0074_2002-12_pm25.csv,https://www.tceq.texas.gov/cgi-bin/compliance/monops/monthly_summary.pl,2026-09-09 18:27:28 UTC,7514f4af6aa849304e799c4486ed19b98ff05cf1ef609b01870850f0abbe1f0b,4353,31,downloaded,
74,48_113_3003,Sunnyvale Long Creek C74,2003-01,88101,24hr,maximum|average|standard_deviation,cams_0074/cams_0074_2003-01_pm25.csv,https://www.tceq.texas.gov/cgi-bin/compliance/monops/monthly_summary.pl,2026-09-09 18:27:29 UTC,918012bf47fca7a235bb12d59fbc3da3f4a51adeb4ccd83901a90513509c6d91,4394,31,downloaded,
74,48_113_3003,Sunnyvale Long Creek C74,2003-02,88101,24hr,maximum|average|standard_deviation,cams_0074/cams_0074_2003-02_pm25.csv,https://www.tceq.texas.gov/cgi-bin/compliance/monops/monthly_summary.pl,2026-09-09 18:27:30 UTC,088abb9f581ab8d0affbdd1626001c53cdc207352d1495267891f2b50111ac25,3973,28,downloaded,
74,48_113_3003,Sunnyvale Long Creek C74,2003-03,88101,24hr,maximum|average|standard_deviation,cams_0074/cams_0074_2003-03_pm25.csv,https://www.tceq.texas.gov/cgi-bin/compliance/monops/monthly_summary.pl,2026-09-09 18:27:31 UTC,3a02df7ac3009e5c8960761f6aec8b5e71a714cce6ee38b4ee95b0af6b15bdb7,4517,31,downloaded,
74,48_113_3003,Sunnyvale Long Creek C74,2003-04,88101,24hr,maximum|average|standard_deviation,cams_0074/cams_0074_2003-04_pm25.csv,https://www.tceq.texas.gov/cgi-bin/compliance/monops/monthly_summary.pl,2026-09-09 18:27:32 UTC,37bd9b147f39e8738476f8b10ca2b4c2747fbd6f66bbf8ab8e13d1e6c39b1940,4360,30,downloaded,
74,48_113_3003,Sunnyvale Long Creek C74,2003-05,88101,24hr,maximum|average|standard_deviation,cams_0074/cams_0074_2003-05_pm25.csv,https://www.tceq.texas.gov/cgi-bin/compliance/monops/monthly_summary.pl,2026-09-09 18:27:33 UTC,70d02095bd2511594699bfff248c0adb10344bfb65c514ebdad3a605f08ee860,4508,31,downloaded,
74,48_113_3003,Sunnyvale Long Creek C74,2003-06,88101,24hr,maximum|average|standard_deviation,cams_0074/cams_0074_2003-06_pm25.csv,https://www.tceq.texas.gov/cgi-bin/compliance/monops/monthly_summary.pl,2026-09-09 18:27:34 UTC,24cbe52ca0d741adac0d126001a4f61bcff90d59898975bdead264708aefb46d,4282,30,downloaded,
74,48_113_3003,Sunnyvale Long Creek C74,2003-07,88101,24hr,maximum|average|standard_deviation,cams_0074/cams_0074_2003-07_pm25.csv,https://www.tceq.texas.gov/cgi-bin/compliance/monops/monthly_summary.pl,2026-09-09 18:27:35 UTC,c9140a480a0be8487c9d960bd3c60d4e8aae88eb2cd3ff4de4df9bfe534c9786,4685,31,downloaded,
74,48_113_3003,Sunnyvale Long Creek C74,2003-08,88101,24hr,maximum|average|standard_deviation,cams_0074/cams_0074_2003-08_pm25.csv,https://www.tceq.texas.gov/cgi-bin/compliance/monops/monthly_summary.pl,2026-09-09 18:27:36 UTC,6c13f43e5b2a9729c593099558b495b79a97810cc3f367a032d91f6d79750e49,4685,31,downloaded,
74,48_113_3003,Sunnyvale Long Creek C74,2003-09,88101,24hr,maximum|average|standard_deviation,cams_0074/cams_0074_2003-09_pm25.csv,https://www.tceq.texas.gov/cgi-bin/compliance/monops/monthly_summary.pl,2026-09-09 18:27:37 UTC,fd6c92d13d51519f421238fbef58449b1311cc2a630693c10dd360c2890ee788,4429,30,downloaded,
74,48_113_3003,Sunnyvale Long Creek C74,2003-10,88101,24hr,maximum|average|standard_deviation,cams_0074/cams_0074_2003-10_pm25.csv,https://www.tceq.texas.gov/cgi-bin/compliance/monops/monthly_summary.pl,2026-09-09 18:27:38 UTC,c6ab343bb4821c4db4fa3b5d4b631713e8efa51c413f231b4e3ef7629c9264a3,4486,31,downloaded,
74,48_113_3003,Sunnyvale Long Creek C74,2003-11,88101,24hr,maximum|average|standard_deviation,cams_0074/cams_0074_2003-11_pm25.csv,https://www.tceq.texas.gov/cgi-bin/compliance/monops/monthly_summary.pl,2026-09-09 18:27:39 UTC,e80b7cb7e22ff0de5bd6e149c79db43d6cafb569f3ae709b17652c452265d057,4237,30,downloaded,
74,48_113_3003,Sunnyvale Long Creek C74,2003-12,88101,24hr,maximum|average|standard_deviation,cams_0074/cams_0074_2003-12_pm25.csv,https://www.tceq.texas.gov/cgi-bin/compliance/monops/monthly_summary.pl,2026-09-09 18:27:40 UTC,75d70dce3e39917aa1cc8d599bab653603bb9959c6d4cfee0325789d77b8c485,4029,31,downloaded,
74,48_113_3003,Sunnyvale Long Creek C74,2004-01,88101,24hr,maximum|average|standard_deviation,cams_0074/cams_0074_2004-01_pm25.csv,https://www.tceq.texas.gov/cgi-bin/compliance/monops/monthly_summary.pl,2026-09-09 18:27:41 UTC,9b83d9f1c4ee1fdde95092b9ebe6576efb96d64008e8c9730305784c3d0d527f,4045,31,downloaded,
74,48_113_3003,Sunnyvale Long Creek C74,2004-02,88101,24hr,maximum|average|standard_deviation,cams_0074/cams_0074_2004-02_pm25.csv,https://www.tceq.texas.gov/cgi-bin/compliance/monops/monthly_summary.pl,2026-09-09 18:27:42 UTC,ed95e4dd08ca580b30596beb909efe69954816dca80e8e926307da44816b4ebd,4019,29,downloaded,
74,48_113_3003,Sunnyvale Long Creek C74,2004-03,88101,24hr,maximum|average|standard_deviation,cams_0074/cams_0074_2004-03_pm25.csv,https://www.tceq.texas.gov/cgi-bin/compliance/monops/monthly_summary.pl,2026-09-09 18:27:44 UTC,d8294be4131798e8b550509ce9721049bb210394acbd1104a82371057afb5125,4245,31,downloaded,
74,48_113_3003,Sunnyvale Long Creek C74,2004-04,88101,24hr,maximum|average|standard_deviation,cams_0074/cams_0074_2004-04_pm25.csv,https://www.tceq.texas.gov/cgi-bin/compliance/monops/monthly_summary.pl,2026-09-09 18:27:45 UTC,0b35a5ac26351b67e7deb9dba5b9953cc92a7df441ab1de5676212dfce0919b5,4410,30,downloaded,
74,48_113_3003,Sunnyvale Long Creek C74,2004-05,88101,24hr,maximum|average|standard_deviation,cams_0074/cams_0074_2004-05_pm25.csv,https://www.tceq.texas.gov/cgi-bin/compliance/monops/monthly_summary.pl,2026-09-09 18:27:46 UTC,0c0df7a16e288fcdb36ec3b070e8c11f027a5bdabb775ed2705a9e02a4580166,4514,31,downloaded,
74,48_113_3003,Sunnyvale Long Creek C74,2004-06,88101,24hr,maximum|average|standard_deviation,cams_0074/cams_0074_2004-06_pm25.csv,https://www.tceq.texas.gov/cgi-bin/compliance/monops/monthly_summary.pl,2026-09-09 18:27:47 UTC,1d7119ab1ebe297cadc6f63639ae7b3dc9c9367392799f0185bfe1b447a0b61e,4149,30,downloaded,
74,48_113_3003,Sunnyvale Long Creek C74,2004-07,88101,24hr,maximum|average|standard_deviation,cams_0074/cams_0074_2004-07_pm25.csv,https://www.tceq.texas.gov/cgi-bin/compliance/monops/monthly_summary.pl,2026-09-09 18:27:48 UTC,0e7ba54160f79700d2743b80065bccddfd8d634fd4d29c49314e8fa9add1dddf,4564,31,downloaded,
74,48_113_3003,Sunnyvale Long Creek C74,2004-08,88101,24hr,maximum|average|standard_deviation,cams_0074/cams_0074_2004-08_pm25.csv,https://www.tceq.texas.gov/cgi-bin/compliance/monops/monthly_summary.pl,2026-09-09 18:27:49 UTC,ffa96306446195b1157417eea1841214b94d97953ded4604235e6c72e10ce7f7,4515,31,downloaded,
74,48_113_3003,Sunnyvale Long Creek C74,2004-09,88101,24hr,maximum|average|standard_deviation,cams_0074/cams_0074_2004-09_pm25.csv,https://www.tceq.texas.gov/cgi-bin/compliance/monops/monthly_summary.pl,2026-09-09 18:27:50 UTC,546cfcd37716718c319a375d909515e4fc5cce1774af3b611605906460832998,4492,30,downloaded,
74,48_113_3003,Sunnyvale Long Creek C74,2004-10,88101,24hr,maximum|average|standard_deviation,cams_0074/cams_0074_2004-10_pm25.csv,https://www.tceq.texas.gov/cgi-bin/compliance/monops/monthly_summary.pl,2026-09-09 18:27:51 UTC,242db85acdfc1545b114530255ea2e88db6751eff3eac8a5bc6930cbe2a16641,4399,31,downloaded,
74,48_113_3003,Sunnyvale Long Creek C74,2004-11,88101,24hr,maximum|average|standard_deviation,cams_0074/cams_0074_2004-11_pm25.csv,https://www.tceq.texas.gov/cgi-bin/compliance/monops/monthly_summary.pl,2026-09-09 18:27:52 UTC,fdc69b9a5961a8ebf4bb6d9bd9447c0d1f8f1f4a9b1fa2ee84c9bcfba7caacb5,4212,30,downloaded,
74,48_113_3003,Sunnyvale Long Creek C74,2004-12,88101,24hr,maximum|average|standard_deviation,cams_0074/cams_0074_2004-12_pm25.csv,https://www.tceq.texas.gov/cgi-bin/compliance/monops/monthly_summary.pl,2026-09-09 18:27:53 UTC,d8476dc4f2b65eaf3d57cc7be425c2b2cde054e5f6e3061cae43438722c5f9a1,4324,31,downloaded,
74,48_113_3003,Sunnyvale Long Creek C74,2005-01,88101,24hr,maximum|average|standard_deviation,cams_0074/cams_0074_2005-01_pm25.csv,https://www.tceq.texas.gov/cgi-bin/compliance/monops/monthly_summary.pl,2026-09-09 18:27:54 UTC,d05b10b106e3d9d7ffdfe7be0b76685337d11b69b4777446127b2035f77da90c,4424,31,downloaded,
74,48_113_3003,Sunnyvale Long Creek C74,2005-02,88101,24hr,maximum|average|standard_deviation,cams_0074/cams_0074_2005-02_pm25.csv,https://www.tceq.texas.gov/cgi-bin/compliance/monops/monthly_summary.pl,2026-09-09 18:27:55 UTC,3b8d937ea9a5fa0a9348cbba4227feb9e60c40ef47f8c17cae20ea22ba8a61ed,4098,28,downloaded,
74,48_113_3003,Sunnyvale Long Creek C74,2005-03,88101,24hr,maximum|average|standard_deviation,cams_0074/cams_0074_2005-03_pm25.csv,https://www.tceq.texas.gov/cgi-bin/compliance/monops/monthly_summary.pl,2026-09-09 18:27:56 UTC,918f24394164db9be7427ac318ca1b3da43ee8aea38ebe05191e80bfd33e25e8,4471,31,downloaded,
74,48_113_3003,Sunnyvale Long Creek C74,2005-04,88101,24hr,maximum|average|standard_deviation,cams_0074/cams_0074_2005-04_pm25.csv,https://www.tceq.texas.gov/cgi-bin/compliance/monops/monthly_summary.pl,2026-09-09 18:27:57 UTC,ace8f6cb053ada33eb24937da021d064ac79e223bbc77ec6ef908faa348a882c,4474,30,downloaded,
74,48_113_3003,Sunnyvale Long Creek C74,2005-05,88101,24hr,maximum|average|standard_deviation,cams_0074/cams_0074_2005-05_pm25.csv,https://www.tceq.texas.gov/cgi-bin/compliance/monops/monthly_summary.pl,2026-09-09 18:27:58 UTC,bc5480e6b78859376c5f6f227d5a659035dc9eae283dc2e11b8e4232bd9ba025,4689,31,downloaded,
74,48_113_3003,Sunnyvale Long Creek C74,2005-06,88101,24hr,maximum|average|standard_deviation,cams_0074/cams_0074_2005-06_pm25.csv,https://www.tceq.texas.gov/cgi-bin/compliance/monops/monthly_summary.pl,2026-09-09 18:27:59 UTC,b210ee4bf9d434bed77277db3d6533b501b9212ccdb57c5e2f233b5fdc872476,4603,30,downloaded,
74,48_113_3003,Sunnyvale Long Creek C74,2005-07,88101,24hr,maximum|average|standard_deviation,cams_0074/cams_0074_2005-07_pm25.csv,https://www.tceq.texas.gov/cgi-bin/compliance/monops/monthly_summary.pl,2026-09-09 18:28:00 UTC,5d2b4526916a45c885a709b00ed837c4854de9003d85ade3c3d609a27b141c77,4564,31,downloaded,
74,48_113_3003,Sunnyvale Long Creek C74,2005-08,88101,24hr,maximum|average|standard_deviation,cams_0074/cams_0074_2005-08_pm25.csv,https://www.tceq.texas.gov/cgi-bin/compliance/monops/monthly_summary.pl,2026-09-09 18:28:01 UTC,7b43b782b0419b60a7de2fb3007fc9c72b0954c021cb63ae2b1799f62263a9f9,4721,31,downloaded,
74,48_113_3003,Sunnyvale Long Creek C74,2005-09,88101,24hr,maximum|average|standard_deviation,cams_0074/cams_0074_2005-09_pm25.csv,https://www.tceq.texas.gov/cgi-bin/compliance/monops/monthly_summary.pl,2026-09-09 18:28:03 UTC,156be2fd89b33c7f90ebfbf107e2558eac2be8b53cf941c222f8e2a025c101f0,3901,30,downloaded,
56,48_121_0034,Denton Airport South C56/A163/X157,2000-01,88101,24hr,maximum|average|standard_deviation,cams_0056/cams_0056_2000-01_pm25.csv,https://www.tceq.texas.gov/cgi-bin/compliance/monops/monthly_summary.pl,2026-09-09 18:28:04 UTC,6066454f0cffabdbdd9af1301c66b7759d38fece8faea106b7d0dec12972aef5,4126,31,downloaded,
56,48_121_0034,Denton Airport South C56/A163/X157,2000-02,88101,24hr,maximum|average|standard_deviation,cams_0056/cams_0056_2000-02_pm25.csv,https://www.tceq.texas.gov/cgi-bin/compliance/monops/monthly_summary.pl,2026-09-09 18:28:05 UTC,816003976faf3728a0396110632ad2c236fbc6928e65b04f51e29295291921f6,4229,29,downloaded,
56,48_121_0034,Denton Airport South C56/A163/X157,2000-03,88101,24hr,maximum|average|standard_deviation,cams_0056/cams_0056_2000-03_pm25.csv,https://www.tceq.texas.gov/cgi-bin/compliance/monops/monthly_summary.pl,2026-09-09 18:28:06 UTC,6a69dcc6b3fd77d2855acfa994b3ece13febd8ec7b0d9a03498df78e598084fd,4436,31,downloaded,
56,48_121_0034,Denton Airport South C56/A163/X157,2000-04,88101,24hr,maximum|average|standard_deviation,cams_0056/cams_0056_2000-04_pm25.csv,https://www.tceq.texas.gov/cgi-bin/compliance/monops/monthly_summary.pl,2026-09-09 18:28:08 UTC,85ad4331d7ee3190486f0198631d24c3ca6735e8c66a085403d4bf6bdcf097ba,4337,30,downloaded,
56,48_121_0034,Denton Airport South C56/A163/X157,2000-05,88101,24hr,maximum|average|standard_deviation,cams_0056/cams_0056_2000-05_pm25.csv,https://www.tceq.texas.gov/cgi-bin/compliance/monops/monthly_summary.pl,2026-09-09 18:28:09 UTC,c6e8e2b187ec4d8a5d33d36d58984028229dd7c5587304a93458dbf15c8d3e52,4536,31,downloaded,
56,48_121_0034,Denton Airport South C56/A163/X157,2000-06,88101,24hr,maximum|average|standard_deviation,cams_0056/cams_0056_2000-06_pm25.csv,https://www.tceq.texas.gov/cgi-bin/compliance/monops/monthly_summary.pl,2026-09-09 18:28:10 UTC,82eac6f1272d3fdc1020fd91cfbdd974db42e5085708a1091fba463d433df5cb,4354,30,downloaded,
56,48_121_0034,Denton Airport South C56/A163/X157,2000-07,88101,24hr,maximum|average|standard_deviation,cams_0056/cams_0056_2000-07_pm25.csv,https://www.tceq.texas.gov/cgi-bin/compliance/monops/monthly_summary.pl,2026-09-09 18:28:11 UTC,9ff46796dcc944ade0fca2e004c105b65f4308ea4a1736a6bd3713686b585ffb,4744,31,downloaded,
56,48_121_0034,Denton Airport South C56/A163/X157,2000-08,88101,24hr,maximum|average|standard_deviation,cams_0056/cams_0056_2000-08_pm25.csv,https://www.tceq.texas.gov/cgi-bin/compliance/monops/monthly_summary.pl,2026-09-09 18:28:13 UTC,eaab1b962b5dac222782e17c0622eb86f542dc7a1b94dd59ff92044bf50539af,4696,31,downloaded,
56,48_121_0034,Denton Airport South C56/A163/X157,2000-09,88101,24hr,maximum|average|standard_deviation,cams_0056/cams_0056_2000-09_pm25.csv,https://www.tceq.texas.gov/cgi-bin/compliance/monops/monthly_summary.pl,2026-09-09 18:28:14 UTC,214338c3102f5092897fc669cfbaee52cd786d78c647dc1bd9776bc7b75b5ee5,4408,30,downloaded,
56,48_121_0034,Denton Airport South C56/A163/X157,2000-10,88101,24hr,maximum|average|standard_deviation,cams_0056/cams_0056_2000-10_pm25.csv,https://www.tceq.texas.gov/cgi-bin/compliance/monops/monthly_summary.pl,2026-09-09 18:28:15 UTC,236be09926123954cadd1f51f2f4e0d90344a6d0ab56f1b1c04d9bc29885e6de,4512,31,downloaded,
56,48_121_0034,Denton Airport South C56/A163/X157,2000-11,88101,24hr,maximum|average|standard_deviation,cams_0056/cams_0056_2000-11_pm25.csv,https://www.tceq.texas.gov/cgi-bin/compliance/monops/monthly_summary.pl,2026-09-09 18:28:16 UTC,b444811ae193222befbbb524104b25e97004176ab59bdf3ec85f10e4886e51a1,4161,30,downloaded,
56,48_121_0034,Denton Airport South C56/A163/X157,2000-12,88101,24hr,maximum|average|standard_deviation,cams_0056/cams_0056_2000-12_pm25.csv,https://www.tceq.texas.gov/cgi-bin/compliance/monops/monthly_summary.pl,2026-09-09 18:28:18 UTC,795e6019aae46b2810702123a32aa374951841ca4e17c56a999721ef84b396c9,4302,31,downloaded,
56,48_121_0034,Denton Airport South C56/A163/X157,2001-01,88101,24hr,maximum|average|standard_deviation,cams_0056/cams_0056_2001-01_pm25.csv,https://www.tceq.texas.gov/cgi-bin/compliance/monops/monthly_summary.pl,2026-09-09 18:28:19 UTC,658d81bb5d5054e56d857758de93349d709bd633049e3a837d004c7cc6cdac70,4366,31,downloaded,
56,48_121_0034,Denton Airport South C56/A163/X157,2001-02,88101,24hr,maximum|average|standard_deviation,cams_0056/cams_0056_2001-02_pm25.csv,https://www.tceq.texas.gov/cgi-bin/compliance/monops/monthly_summary.pl,2026-09-09 18:28:20 UTC,c4977109390ba44c12068749d16451b847c7ac09e885963fa48d5c0397031889,3990,28,downloaded,
56,48_121_0034,Denton Airport South C56/A163/X157,2001-03,88101,24hr,maximum|average|standard_deviation,cams_0056/cams_0056_2001-03_pm25.csv,https://www.tceq.texas.gov/cgi-bin/compliance/monops/monthly_summary.pl,2026-09-09 18:28:21 UTC,0cf7f126f9cd5de4a368b829ec0e8b3ce6f6c7bbef8de95c95c14cb321af020c,4355,31,downloaded,
56,48_121_0034,Denton Airport South C56/A163/X157,2001-04,88101,24hr,maximum|average|standard_deviation,cams_0056/cams_0056_2001-04_pm25.csv,https://www.tceq.texas.gov/cgi-bin/compliance/monops/monthly_summary.pl,2026-09-09 18:28:23 UTC,5892dca9b0c55e7efbe1fba5a74f341beb1642681a9d949c4934185eba1cc00a,4548,30,downloaded,
56,48_121_0034,Denton Airport South C56/A163/X157,2001-05,88101,24hr,maximum|average|standard_deviation,cams_0056/cams_0056_2001-05_pm25.csv,https://www.tceq.texas.gov/cgi-bin/compliance/monops/monthly_summary.pl,2026-09-09 18:28:24 UTC,779c377312bc540dcfc67c5bf38465c1b74adc9376d1741e1e406ba9a90ab644,4480,31,downloaded,
56,48_121_0034,Denton Airport South C56/A163/X157,2001-06,88101,24hr,maximum|average|standard_deviation,cams_0056/cams_0056_2001-06_pm25.csv,https://www.tceq.texas.gov/cgi-bin/compliance/monops/monthly_summary.pl,2026-09-09 18:28:25 UTC,d8c9e7054e2d7a94024cbc87ff5431fe658f81218f7657dda837df10b8debccd,4479,30,downloaded,
56,48_121_0034,Denton Airport South C56/A163/X157,2001-07,88101,24hr,maximum|average|standard_deviation,cams_0056/cams_0056_2001-07_pm25.csv,https://www.tceq.texas.gov/cgi-bin/compliance/monops/monthly_summary.pl,2026-09-09 18:28:26 UTC,5063baf1eef2266dc13a85e59d4d3257c8f2c61882aaec29aee9bee3efc07caa,4669,31,downloaded,
56,48_121_0034,Denton Airport South C56/A163/X157,2001-08,88101,24hr,maximum|average|standard_deviation,cams_0056/cams_0056_2001-08_pm25.csv,https://www.tceq.texas.gov/cgi-bin/compliance/monops/monthly_summary.pl,2026-09-09 18:28:28 UTC,da7609d41a648f31c0c30eb8b32c07d6aaef41dafa36f5fe0dec4a402f42bfad,4470,31,downloaded,
56,48_121_0034,Denton Airport South C56/A163/X157,2001-09,88101,24hr,maximum|average|standard_deviation,cams_0056/cams_0056_2001-09_pm25.csv,https://www.tceq.texas.gov/cgi-bin/compliance/monops/monthly_summary.pl,2026-09-09 18:28:29 UTC,b2cae0960f2d8d23a509da4ef6bc791abd83a8619b0f15ed33427ba4c3074328,4378,30,downloaded,
56,48_121_0034,Denton Airport South C56/A163/X157,2001-10,88101,24hr,maximum|average|standard_deviation,cams_0056/cams_0056_2001-10_pm25.csv,https://www.tceq.texas.gov/cgi-bin/compliance/monops/monthly_summary.pl,2026-09-09 18:28:30 UTC,be5fd830d0ed15a10cf4b5a5a43c043bb1986b15acb848d2798aea2fa1fdd6d8,4432,31,downloaded,
56,48_121_0034,Denton Airport South C56/A163/X157,2001-11,88101,24hr,maximum|average|standard_deviation,cams_0056/cams_0056_2001-11_pm25.csv,https://www.tceq.texas.gov/cgi-bin/compliance/monops/monthly_summary.pl,2026-09-09 18:28:31 UTC,518e39d865b2727dfd94331d880315db73f520117b17ada8588918edb216014a,4408,30,downloaded,
56,48_121_0034,Denton Airport South C56/A163/X157,2001-12,88101,24hr,maximum|average|standard_deviation,cams_0056/cams_0056_2001-12_pm25.csv,https://www.tceq.texas.gov/cgi-bin/compliance/monops/monthly_summary.pl,2026-09-09 18:28:33 UTC,5d82da0026e7044b5dcd9a430813ae0c2a7455c0f335234a57b809f76eac00c4,4319,31,downloaded,
56,48_121_0034,Denton Airport South C56/A163/X157,2002-01,88101,24hr,maximum|average|standard_deviation,cams_0056/cams_0056_2002-01_pm25.csv,https://www.tceq.texas.gov/cgi-bin/compliance/monops/monthly_summary.pl,2026-09-09 18:28:34 UTC,05613618d8529f4565ad61964007530147f612f29f9184feddfdb7ae20c655ea,4295,31,downloaded,
56,48_121_0034,Denton Airport South C56/A163/X157,2002-02,88101,24hr,maximum|average|standard_deviation,cams_0056/cams_0056_2002-02_pm25.csv,https://www.tceq.texas.gov/cgi-bin/compliance/monops/monthly_summary.pl,2026-09-09 18:28:35 UTC,fbcec6d09c2e0d3fdb00011581e8b3ab6a35659867a88cb17dc0fd2f339ff487,3919,28,downloaded,
56,48_121_0034,Denton Airport South C56/A163/X157,2002-03,88101,24hr,maximum|average|standard_deviation,cams_0056/cams_0056_2002-03_pm25.csv,https://www.tceq.texas.gov/cgi-bin/compliance/monops/monthly_summary.pl,2026-09-09 18:28:36 UTC,465cbeb07d99cc12e4b83450db9dd788a0633948d9ae27128e19c1da26b210da,4464,31,downloaded,
56,48_121_0034,Denton Airport South C56/A163/X157,2002-04,88101,24hr,maximum|average|standard_deviation,cams_0056/cams_0056_2002-04_pm25.csv,https://www.tceq.texas.gov/cgi-bin/compliance/monops/monthly_summary.pl,2026-09-09 18:28:38 UTC,9f8edfbe5b7ab7e34e76bf6278d0b61bb2cb8549ed0eae5c2cd33fbf011b398c,4414,30,downloaded,
56,48_121_0034,Denton Airport South C56/A163/X157,2002-05,88101,24hr,maximum|average|standard_deviation,cams_0056/cams_0056_2002-05_pm25.csv,https://www.tceq.texas.gov/cgi-bin/compliance/monops/monthly_summary.pl,2026-09-09 18:28:39 UTC,99b0cb7171c314b34469ea509e9d1d14b3366477b6dbc2e4fe1f18535d245706,4572,31,downloaded,
56,48_121_0034,Denton Airport South C56/A163/X157,2002-06,88101,24hr,maximum|average|standard_deviation,cams_0056/cams_0056_2002-06_pm25.csv,https://www.tceq.texas.gov/cgi-bin/compliance/monops/monthly_summary.pl,2026-09-09 18:28:40 UTC,b6402b5c3dca9b0b922fb40e2f356ccc39be6a835240e5a7864a1f3d9cb93808,4470,30,downloaded,
56,48_121_0034,Denton Airport South C56/A163/X157,2002-07,88101,24hr,maximum|average|standard_deviation,cams_0056/cams_0056_2002-07_pm25.csv,https://www.tceq.texas.gov/cgi-bin/compliance/monops/monthly_summary.pl,2026-09-09 18:28:41 UTC,19f4ceca03b58252930e7cd5dc8ac36e7617d35dcffd7b139e069a154abb8c3b,4452,31,downloaded,
56,48_121_0034,Denton Airport South C56/A163/X157,2002-08,88101,24hr,maximum|average|standard_deviation,cams_0056/cams_0056_2002-08_pm25.csv,https://www.tceq.texas.gov/cgi-bin/compliance/monops/monthly_summary.pl,2026-09-09 18:28:43 UTC,376f0342c0c8c16d8b36641995ef1add575889923a03709ef69b45b5f4e573db,4580,31,downloaded,
56,48_121_0034,Denton Airport South C56/A163/X157,2002-09,88101,24hr,maximum|average|standard_deviation,cams_0056/cams_0056_2002-09_pm25.csv,https://www.tceq.texas.gov/cgi-bin/compliance/monops/monthly_summary.pl,2026-09-09 18:28:44 UTC,a0652f6fc7e3738a355f12c8bb0b71991af9881c70e76fb559fee5587e15deb0,4558,30,downloaded,
56,48_121_0034,Denton Airport South C56/A163/X157,2002-10,88101,24hr,maximum|average|standard_deviation,cams_0056/cams_0056_2002-10_pm25.csv,https://www.tceq.texas.gov/cgi-bin/compliance/monops/monthly_summary.pl,2026-09-09 18:28:45 UTC,24019d6af661784d412f2703f4ef366e199240b88cfb6e4a5b6dc88f7fd3267c,4418,31,downloaded,
56,48_121_0034,Denton Airport South C56/A163/X157,2002-11,88101,24hr,maximum|average|standard_deviation,cams_0056/cams_0056_2002-11_pm25.csv,https://www.tceq.texas.gov/cgi-bin/compliance/monops/monthly_summary.pl,2026-09-09 18:28:46 UTC,47806660f51238f58c86c028aaa30690c21422b35210bd9da8aeefd02e209763,4104,30,downloaded,
56,48_121_0034,Denton Airport South C56/A163/X157,2002-12,88101,24hr,maximum|average|standard_deviation,cams_0056/cams_0056_2002-12_pm25.csv,https://www.tceq.texas.gov/cgi-bin/compliance/monops/monthly_summary.pl,2026-09-09 18:28:47 UTC,a1e2e904f1b06e8399e753c0c474feeef457f5055047c8d9d2f7692ad418f9e4,4314,31,downloaded,
56,48_121_0034,Denton Airport South C56/A163/X157,2003-01,88101,24hr,maximum|average|standard_deviation,cams_0056/cams_0056_2003-01_pm25.csv,https://www.tceq.texas.gov/cgi-bin/compliance/monops/monthly_summary.pl,2026-09-09 18:28:48 UTC,2f125db4c43d8f805039677c52d77edcbde631102ecce36a554fd3be8959dfe3,4364,31,downloaded,
56,48_121_0034,Denton Airport South C56/A163/X157,2003-02,88101,24hr,maximum|average|standard_deviation,cams_0056/cams_0056_2003-02_pm25.csv,https://www.tceq.texas.gov/cgi-bin/compliance/monops/monthly_summary.pl,2026-09-09 18:28:50 UTC,0e00e451c0bd1456feeb7342c8da79787a53751ef8a3a7c2ec9780875aa1d4cd,3972,28,downloaded,
56,48_121_0034,Denton Airport South C56/A163/X157,2003-03,88101,24hr,maximum|average|standard_deviation,cams_0056/cams_0056_2003-03_pm25.csv,https://www.tceq.texas.gov/cgi-bin/compliance/monops/monthly_summary.pl,2026-09-09 18:28:51 UTC,627c0446741259a0787c5cf81d3a41d5dba413e789d11485dcdb9fe969fab3dc,4477,31,downloaded,
56,48_121_0034,Denton Airport South C56/A163/X157,2003-04,88101,24hr,maximum|average|standard_deviation,cams_0056/cams_0056_2003-04_pm25.csv,https://www.tceq.texas.gov/cgi-bin/compliance/monops/monthly_summary.pl,2026-09-09 18:28:52 UTC,e5b0b83ed1c32a85f62f1cd0c7760e774f99cd50025d50fafec6580fcb6b1c59,4335,30,downloaded,
56,48_121_0034,Denton Airport South C56/A163/X157,2003-05,88101,24hr,maximum|average|standard_deviation,cams_0056/cams_0056_2003-05_pm25.csv,https://www.tceq.texas.gov/cgi-bin/compliance/monops/monthly_summary.pl,2026-09-09 18:28:53 UTC,2910f2f684b69074c2160127e5929b74f193044e21f5f2d5056d7e629aa3fd55,4688,31,downloaded,
56,48_121_0034,Denton Airport South C56/A163/X157,2003-06,88101,24hr,maximum|average|standard_deviation,cams_0056/cams_0056_2003-06_pm25.csv,https://www.tceq.texas.gov/cgi-bin/compliance/monops/monthly_summary.pl,2026-09-09 18:28:54 UTC,c3760ab04270fed55b3caaad3cdbde48fd03b64152b1db262fcebc4dc3142494,4382,30,downloaded,
56,48_121_0034,Denton Airport South C56/A163/X157,2003-07,88101,24hr,maximum|average|standard_deviation,cams_0056/cams_0056_2003-07_pm25.csv,https://www.tceq.texas.gov/cgi-bin/compliance/monops/monthly_summary.pl,2026-09-09 18:28:56 UTC,36d5f1475696bbad49c1a5a8a4aa198fcc6b57e97de338bbd9fe3b28eccdda0d,4690,31,downloaded,
56,48_121_0034,Denton Airport South C56/A163/X157,2003-08,88101,24hr,maximum|average|standard_deviation,cams_0056/cams_0056_2003-08_pm25.csv,https://www.tceq.texas.gov/cgi-bin/compliance/monops/monthly_summary.pl,2026-09-09 18:28:57 UTC,9e978d59d4ebf653524da4f0d318c628a8f42f394cbb73f2456c8f6f657ebff2,4734,31,downloaded,
56,48_121_0034,Denton Airport South C56/A163/X157,2003-09,88101,24hr,maximum|average|standard_deviation,cams_0056/cams_0056_2003-09_pm25.csv,https://www.tceq.texas.gov/cgi-bin/compliance/monops/monthly_summary.pl,2026-09-09 18:28:58 UTC,6d93d58b99e842cad45c3267e22f7e57a8176ce31f77c345efdcb2fd69c18334,4443,30,downloaded,
56,48_121_0034,Denton Airport South C56/A163/X157,2003-10,88101,24hr,maximum|average|standard_deviation,cams_0056/cams_0056_2003-10_pm25.csv,https://www.tceq.texas.gov/cgi-bin/compliance/monops/monthly_summary.pl,2026-09-09 18:28:59 UTC,cf66cc322d0e81b6dba191de06413c46c6d4aac8f74fa9676da96636a3db31e7,4509,31,downloaded,
56,48_121_0034,Denton Airport South C56/A163/X157,2003-11,88101,24hr,maximum|average|standard_deviation,cams_0056/cams_0056_2003-11_pm25.csv,https://www.tceq.texas.gov/cgi-bin/compliance/monops/monthly_summary.pl,2026-09-09 18:29:00 UTC,80f822534ff6c46265dd96602fe5eb34151893e31b0eb4b997c9fcff9ffbb85f,4218,30,downloaded,
56,48_121_0034,Denton Airport South C56/A163/X157,2003-12,88101,24hr,maximum|average|standard_deviation,cams_0056/cams_0056_2003-12_pm25.csv,https://www.tceq.texas.gov/cgi-bin/compliance/monops/monthly_summary.pl,2026-09-09 18:29:01 UTC,a105429de47b33f5ceb6a7b4c28c627f4c073527164bf4e17c50c6d1e1f70342,4328,31,downloaded,
56,48_121_0034,Denton Airport South C56/A163/X157,2004-01,88101,24hr,maximum|average|standard_deviation,cams_0056/cams_0056_2004-01_pm25.csv,https://www.tceq.texas.gov/cgi-bin/compliance/monops/monthly_summary.pl,2026-09-09 18:29:03 UTC,d7c2653cb86873d4abae5196e0374fc348625bb6761f6c0851ee2e47c0e81f15,4386,31,downloaded,
56,48_121_0034,Denton Airport South C56/A163/X157,2004-02,88101,24hr,maximum|average|standard_deviation,cams_0056/cams_0056_2004-02_pm25.csv,https://www.tceq.texas.gov/cgi-bin/compliance/monops/monthly_summary.pl,2026-09-09 18:29:04 UTC,2dff4f82c5ff62a94ff349270e5bce1d40583812c730fc01d705d0741f981c3b,4146,29,downloaded,
56,48_121_0034,Denton Airport South C56/A163/X157,2004-03,88101,24hr,maximum|average|standard_deviation,cams_0056/cams_0056_2004-03_pm25.csv,https://www.tceq.texas.gov/cgi-bin/compliance/monops/monthly_summary.pl,2026-09-09 18:29:05 UTC,af7b5a228151909465b5a92325c42e93f87ea7bfcd82ab6c255a4e1646cf9d4a,4403,31,downloaded,
56,48_121_0034,Denton Airport South C56/A163/X157,2004-04,88101,24hr,maximum|average|standard_deviation,cams_0056/cams_0056_2004-04_pm25.csv,https://www.tceq.texas.gov/cgi-bin/compliance/monops/monthly_summary.pl,2026-09-09 18:29:06 UTC,ff467245dcd4360e79e5a99b37bb957bb3c49cd1c606c2569ccd382b50be1874,4391,30,downloaded,
56,48_121_0034,Denton Airport South C56/A163/X157,2004-05,88101,24hr,maximum|average|standard_deviation,cams_0056/cams_0056_2004-05_pm25.csv,https://www.tceq.texas.gov/cgi-bin/compliance/monops/monthly_summary.pl,2026-09-09 18:29:07 UTC,eb86e5dda1ab26540c04b3fc32216a07f8b484af2526cbac5c1e85fc627596a9,4456,31,downloaded,
56,48_121_0034,Denton Airport South C56/A163/X157,2004-06,88101,24hr,maximum|average|standard_deviation,cams_0056/cams_0056_2004-06_pm25.csv,https://www.tceq.texas.gov/cgi-bin/compliance/monops/monthly_summary.pl,2026-09-09 18:29:09 UTC,87ab404a643e21e2888787877d9ea73d5446bd89b8bb616ee2a33921cf3cba1f,4308,30,downloaded,
56,48_121_0034,Denton Airport South C56/A163/X157,2004-07,88101,24hr,maximum|average|standard_deviation,cams_0056/cams_0056_2004-07_pm25.csv,https://www.tceq.texas.gov/cgi-bin/compliance/monops/monthly_summary.pl,2026-09-09 18:29:10 UTC,5afe5b320694ba3454741dda5a4797f259d517506d61e483783945223a69da89,4579,31,downloaded,
56,48_121_0034,Denton Airport South C56/A163/X157,2004-08,88101,24hr,maximum|average|standard_deviation,cams_0056/cams_0056_2004-08_pm25.csv,https://www.tceq.texas.gov/cgi-bin/compliance/monops/monthly_summary.pl,2026-09-09 18:29:11 UTC,b81393bd35bac39f47283896ce18ab56c27a88f798b3b5869c72a1cabb8ba505,4611,31,downloaded,
56,48_121_0034,Denton Airport South C56/A163/X157,2004-09,88101,24hr,maximum|average|standard_deviation,cams_0056/cams_0056_2004-09_pm25.csv,https://www.tceq.texas.gov/cgi-bin/compliance/monops/monthly_summary.pl,2026-09-09 18:29:12 UTC,de5f71f4aa6ea6f2ad21014db5539bb1a3ced8c670a4ed4388172d9fb1683e57,4563,30,downloaded,
56,48_121_0034,Denton Airport South C56/A163/X157,2004-10,88101,24hr,maximum|average|standard_deviation,cams_0056/cams_0056_2004-10_pm25.csv,https://www.tceq.texas.gov/cgi-bin/compliance/monops/monthly_summary.pl,2026-09-09 18:29:14 UTC,2af2393043d7c2c87e5f9d1ace98c062bd9b9051cc3e3c065f332f6adb616410,4359,31,downloaded,
56,48_121_0034,Denton Airport South C56/A163/X157,2004-11,88101,24hr,maximum|average|standard_deviation,cams_0056/cams_0056_2004-11_pm25.csv,https://www.tceq.texas.gov/cgi-bin/compliance/monops/monthly_summary.pl,2026-09-09 18:29:15 UTC,57cde39608fad4a1c347ea1136caf8964b2fd4630fb66e77d55b6878e475d7a7,4207,30,downloaded,
56,48_121_0034,Denton Airport South C56/A163/X157,2004-12,88101,24hr,maximum|average|standard_deviation,cams_0056/cams_0056_2004-12_pm25.csv,https://www.tceq.texas.gov/cgi-bin/compliance/monops/monthly_summary.pl,2026-09-09 18:29:16 UTC,67516f2163a1d3b73cd84a92ccc4109f8becf64f00cd028731f0298ba3ad43ff,4284,31,downloaded,
56,48_121_0034,Denton Airport South C56/A163/X157,2005-01,88101,24hr,maximum|average|standard_deviation,cams_0056/cams_0056_2005-01_pm25.csv,https://www.tceq.texas.gov/cgi-bin/compliance/monops/monthly_summary.pl,2026-09-09 18:29:17 UTC,d86313e2d4d0caf655f9b1cf34d9861cc7c2db9464a9aebe258a3cbf26fb0446,4413,31,downloaded,
56,48_121_0034,Denton Airport South C56/A163/X157,2005-02,88101,24hr,maximum|average|standard_deviation,cams_0056/cams_0056_2005-02_pm25.csv,https://www.tceq.texas.gov/cgi-bin/compliance/monops/monthly_summary.pl,2026-09-09 18:29:18 UTC,9df1a2994e5aeeb0a0a01d1575da99314e11eb044e0bde246535ff8866240392,4090,28,downloaded,
56,48_121_0034,Denton Airport South C56/A163/X157,2005-03,88101,24hr,maximum|average|standard_deviation,cams_0056/cams_0056_2005-03_pm25.csv,https://www.tceq.texas.gov/cgi-bin/compliance/monops/monthly_summary.pl,2026-09-09 18:29:19 UTC,561890a86163d4793e15737936a169c7d4d461483ade6325dfd9442e7d472d61,4480,31,downloaded,
56,48_121_0034,Denton Airport South C56/A163/X157,2005-04,88101,24hr,maximum|average|standard_deviation,cams_0056/cams_0056_2005-04_pm25.csv,https://www.tceq.texas.gov/cgi-bin/compliance/monops/monthly_summary.pl,2026-09-09 18:29:21 UTC,31a62e877cf6af046c68f04969ea5b719ae3d492fc0c2cee4e77ece764386be9,4469,30,downloaded,
56,48_121_0034,Denton Airport South C56/A163/X157,2005-05,88101,24hr,maximum|average|standard_deviation,cams_0056/cams_0056_2005-05_pm25.csv,https://www.tceq.texas.gov/cgi-bin/compliance/monops/monthly_summary.pl,2026-09-09 18:29:22 UTC,ebdfcb9ea694f6d6c72617ce14d5de539ba27cb413bd95d5d1acc3b290695e82,4740,31,downloaded,
56,48_121_0034,Denton Airport South C56/A163/X157,2005-06,88101,24hr,maximum|average|standard_deviation,cams_0056/cams_0056_2005-06_pm25.csv,https://www.tceq.texas.gov/cgi-bin/compliance/monops/monthly_summary.pl,2026-09-09 18:29:23 UTC,3acde8aa5774b7448934c740cb0084ecdba889440c4ba7e6fa68f949f00b06b1,4652,30,downloaded,
56,48_121_0034,Denton Airport South C56/A163/X157,2005-07,88101,24hr,maximum|average|standard_deviation,cams_0056/cams_0056_2005-07_pm25.csv,https://www.tceq.texas.gov/cgi-bin/compliance/monops/monthly_summary.pl,2026-09-09 18:29:24 UTC,e7fd7c885d9f96dfb54a9375104fb0cf8290de7c33b378ee627fec50c3604951,4671,31,downloaded,
56,48_121_0034,Denton Airport South C56/A163/X157,2005-08,88101,24hr,maximum|average|standard_deviation,cams_0056/cams_0056_2005-08_pm25.csv,https://www.tceq.texas.gov/cgi-bin/compliance/monops/monthly_summary.pl,2026-09-09 18:29:25 UTC,7aff6e8037be27479513c3a70695ce5e400abfcd8149d7c5322371b7456f9d96,4688,31,downloaded,
56,48_121_0034,Denton Airport South C56/A163/X157,2005-09,88101,24hr,maximum|average|standard_deviation,cams_0056/cams_0056_2005-09_pm25.csv,https://www.tceq.texas.gov/cgi-bin/compliance/monops/monthly_summary.pl,2026-09-09 18:29:26 UTC,5e5e1273098231fc31e70b86921944518d6b9f1db1d6eef4df0bcb3e3a2f7c0f,4579,30,downloaded,
56,48_121_0034,Denton Airport South C56/A163/X157,2005-10,88101,24hr,maximum|average|standard_deviation,cams_0056/cams_0056_2005-10_pm25.csv,https://www.tceq.texas.gov/cgi-bin/compliance/monops/monthly_summary.pl,2026-09-09 18:29:28 UTC,bbb475f2727e409203ead91fa24e113aaae131731591bd83e6456ee41b5f40fa,4656,31,downloaded,
56,48_121_0034,Denton Airport South C56/A163/X157,2005-11,88101,24hr,maximum|average|standard_deviation,cams_0056/cams_0056_2005-11_pm25.csv,https://www.tceq.texas.gov/cgi-bin/compliance/monops/monthly_summary.pl,2026-09-09 18:29:29 UTC,f5752e4329eba08ca1f5acffe32d35484dde3c04a1bcee42b4fcc2bcd73f8079,4254,30,downloaded,
56,48_121_0034,Denton Airport South C56/A163/X157,2005-12,88101,24hr,maximum|average|standard_deviation,cams_0056/cams_0056_2005-12_pm25.csv,https://www.tceq.texas.gov/cgi-bin/compliance/monops/monthly_summary.pl,2026-09-09 18:29:30 UTC,6d6daeca065da76c7e8743cc27bcb17b9529ac0b11a99dfc232d1cfcae981a26,4369,31,downloaded,
56,48_121_0034,Denton Airport South C56/A163/X157,2006-01,88101,24hr,maximum|average|standard_deviation,cams_0056/cams_0056_2006-01_pm25.csv,https://www.tceq.texas.gov/cgi-bin/compliance/monops/monthly_summary.pl,2026-09-09 18:29:31 UTC,85577ed769d8ab9d31c86fd6bc70691930f6cf9bd70e8e75f7028e238d430307,4312,31,downloaded,
56,48_121_0034,Denton Airport South C56/A163/X157,2006-02,88101,24hr,maximum|average|standard_deviation,cams_0056/cams_0056_2006-02_pm25.csv,https://www.tceq.texas.gov/cgi-bin/compliance/monops/monthly_summary.pl,2026-09-09 18:29:32 UTC,ab1dd3f4d8c08a4e8e7691ecb159c1849710bba3b1f86804241b44e7dac00e53,4030,28,downloaded,
56,48_121_0034,Denton Airport South C56/A163/X157,2006-03,88101,24hr,maximum|average|standard_deviation,cams_0056/cams_0056_2006-03_pm25.csv,https://www.tceq.texas.gov/cgi-bin/compliance/monops/monthly_summary.pl,2026-09-09 18:29:34 UTC,58b365df7558cdbf1c1c71bef034faa75ac86aa817d3b5dd885d9aba60674e45,4573,31,downloaded,
56,48_121_0034,Denton Airport South C56/A163/X157,2006-04,88101,24hr,maximum|average|standard_deviation,cams_0056/cams_0056_2006-04_pm25.csv,https://www.tceq.texas.gov/cgi-bin/compliance/monops/monthly_summary.pl,2026-09-09 18:29:35 UTC,88b573d101f59c250463ff7708ec631d7226117cbb3182037b9ec6962a837dc3,4507,30,downloaded,
56,48_121_0034,Denton Airport South C56/A163/X157,2006-05,88101,24hr,maximum|average|standard_deviation,cams_0056/cams_0056_2006-05_pm25.csv,https://www.tceq.texas.gov/cgi-bin/compliance/monops/monthly_summary.pl,2026-09-09 18:29:36 UTC,eb66244ac4db796ded826c7c7475063cabf3d5a537082521f0658a3a305ad934,4532,31,downloaded,
56,48_121_0034,Denton Airport South C56/A163/X157,2006-06,88101,24hr,maximum|average|standard_deviation,cams_0056/cams_0056_2006-06_pm25.csv,https://www.tceq.texas.gov/cgi-bin/compliance/monops/monthly_summary.pl,2026-09-09 18:29:37 UTC,4cc0ebc11351eb2abfa4f957fc71439fbb184b2abcd2923bbebb005a6de60d5e,4571,30,downloaded,
56,48_121_0034,Denton Airport South C56/A163/X157,2006-07,88101,24hr,maximum|average|standard_deviation,cams_0056/cams_0056_2006-07_pm25.csv,https://www.tceq.texas.gov/cgi-bin/compliance/monops/monthly_summary.pl,2026-09-09 18:29:39 UTC,fe5eb2b3e058673dff56c749828c7754c30cfcac0f173a7420342c4cc3679457,4692,31,downloaded,
56,48_121_0034,Denton Airport South C56/A163/X157,2006-08,88101,24hr,maximum|average|standard_deviation,cams_0056/cams_0056_2006-08_pm25.csv,https://www.tceq.texas.gov/cgi-bin/compliance/monops/monthly_summary.pl,2026-09-09 18:29:40 UTC,1905420de66ed3686edc4af085a6f21f7f514c94eeda4ca0ff15d0a91c660551,4659,31,downloaded,
56,48_121_0034,Denton Airport South C56/A163/X157,2006-09,88101,24hr,maximum|average|standard_deviation,cams_0056/cams_0056_2006-09_pm25.csv,https://www.tceq.texas.gov/cgi-bin/compliance/monops/monthly_summary.pl,2026-09-09 18:29:41 UTC,f883248d25e67281ecfa5a3f47d89eb6e2338e5cb6967e3e8ea9879163529343,4445,30,downloaded,
56,48_121_0034,Denton Airport South C56/A163/X157,2006-10,88101,24hr,maximum|average|standard_deviation,cams_0056/cams_0056_2006-10_pm25.csv,https://www.tceq.texas.gov/cgi-bin/compliance/monops/monthly_summary.pl,2026-09-09 18:29:43 UTC,519e203ac2a14c06cf011b3ba9e9436dce593ba285b5e8767a46c2271475dd0d,4466,31,downloaded,
56,48_121_0034,Denton Airport South C56/A163/X157,2006-11,88101,24hr,maximum|average|standard_deviation,cams_0056/cams_0056_2006-11_pm25.csv,https://www.tceq.texas.gov/cgi-bin/compliance/monops/monthly_summary.pl,2026-09-09 18:29:44 UTC,f0f36ba7b9c271f455a78e0961d6104024aefa2b0a5c0936e7eae51edcb673e1,4321,30,downloaded,
56,48_121_0034,Denton Airport South C56/A163/X157,2006-12,88101,24hr,maximum|average|standard_deviation,cams_0056/cams_0056_2006-12_pm25.csv,https://www.tceq.texas.gov/cgi-bin/compliance/monops/monthly_summary.pl,2026-09-09 18:29:45 UTC,85ce4f64d6b261bf0c02ecb82636b3f179e9a165405338981cb66b931fdf5bb3,4416,31,downloaded,
56,48_121_0034,Denton Airport South C56/A163/X157,2007-01,88101,24hr,maximum|average|standard_deviation,,https://www.tceq.texas.gov/cgi-bin/compliance/monops/monthly_summary.pl,2026-09-09 18:29:46 UTC,,,0,no_data,
56,48_121_0034,Denton Airport South C56/A163/X157,2007-02,88101,24hr,maximum|average|standard_deviation,,https://www.tceq.texas.gov/cgi-bin/compliance/monops/monthly_summary.pl,2026-09-09 18:29:47 UTC,,,0,no_data,
56,48_121_0034,Denton Airport South C56/A163/X157,2007-03,88101,24hr,maximum|average|standard_deviation,,https://www.tceq.texas.gov/cgi-bin/compliance/monops/monthly_summary.pl,2026-09-09 18:29:48 UTC,,,0,no_data,
56,48_121_0034,Denton Airport South C56/A163/X157,2007-04,88101,24hr,maximum|average|standard_deviation,,https://www.tceq.texas.gov/cgi-bin/compliance/monops/monthly_summary.pl,2026-09-09 18:29:50 UTC,,,0,no_data,
56,48_121_0034,Denton Airport South C56/A163/X157,2007-05,88101,24hr,maximum|average|standard_deviation,,https://www.tceq.texas.gov/cgi-bin/compliance/monops/monthly_summary.pl,2026-09-09 18:29:51 UTC,,,0,no_data,
56,48_121_0034,Denton Airport South C56/A163/X157,2007-06,88101,24hr,maximum|average|standard_deviation,,https://www.tceq.texas.gov/cgi-bin/compliance/monops/monthly_summary.pl,2026-09-09 18:29:52 UTC,,,0,no_data,
56,48_121_0034,Denton Airport South C56/A163/X157,2007-07,88101,24hr,maximum|average|standard_deviation,,https://www.tceq.texas.gov/cgi-bin/compliance/monops/monthly_summary.pl,2026-09-09 18:29:53 UTC,,,0,no_data,
56,48_121_0034,Denton Airport South C56/A163/X157,2007-08,88101,24hr,maximum|average|standard_deviation,,https://www.tceq.texas.gov/cgi-bin/compliance/monops/monthly_summary.pl,2026-09-09 18:29:54 UTC,,,0,no_data,
56,48_121_0034,Denton Airport South C56/A163/X157,2007-09,88101,24hr,maximum|average|standard_deviation,,https://www.tceq.texas.gov/cgi-bin/compliance/monops/monthly_summary.pl,2026-09-09 18:29:56 UTC,,,0,no_data,
56,48_121_0034,Denton Airport South C56/A163/X157,2007-10,88101,24hr,maximum|average|standard_deviation,,https://www.tceq.texas.gov/cgi-bin/compliance/monops/monthly_summary.pl,2026-09-09 18:29:57 UTC,,,0,no_data,
56,48_121_0034,Denton Airport South C56/A163/X157,2007-11,88101,24hr,maximum|average|standard_deviation,,https://www.tceq.texas.gov/cgi-bin/compliance/monops/monthly_summary.pl,2026-09-09 18:29:58 UTC,,,0,no_data,
56,48_121_0034,Denton Airport South C56/A163/X157,2007-12,88101,24hr,maximum|average|standard_deviation,,https://www.tceq.texas.gov/cgi-bin/compliance/monops/monthly_summary.pl,2026-09-09 18:29:59 UTC,,,0,no_data,
56,48_121_0034,Denton Airport South C56/A163/X157,2008-01,88101,24hr,maximum|average|standard_deviation,,https://www.tceq.texas.gov/cgi-bin/compliance/monops/monthly_summary.pl,2026-09-09 18:30:00 UTC,,,0,no_data,
56,48_121_0034,Denton Airport South C56/A163/X157,2008-02,88101,24hr,maximum|average|standard_deviation,,https://www.tceq.texas.gov/cgi-bin/compliance/monops/monthly_summary.pl,2026-09-09 18:30:02 UTC,,,0,no_data,
56,48_121_0034,Denton Airport South C56/A163/X157,2008-03,88101,24hr,maximum|average|standard_deviation,,https://www.tceq.texas.gov/cgi-bin/compliance/monops/monthly_summary.pl,2026-09-09 18:30:03 UTC,,,0,no_data,
56,48_121_0034,Denton Airport South C56/A163/X157,2008-04,88101,24hr,maximum|average|standard_deviation,,https://www.tceq.texas.gov/cgi-bin/compliance/monops/monthly_summary.pl,2026-09-09 18:30:04 UTC,,,0,no_data,
56,48_121_0034,Denton Airport South C56/A163/X157,2008-05,88101,24hr,maximum|average|standard_deviation,,https://www.tceq.texas.gov/cgi-bin/compliance/monops/monthly_summary.pl,2026-09-09 18:30:05 UTC,,,0,no_data,
56,48_121_0034,Denton Airport South C56/A163/X157,2008-06,88101,24hr,maximum|average|standard_deviation,,https://www.tceq.texas.gov/cgi-bin/compliance/monops/monthly_summary.pl,2026-09-09 18:30:06 UTC,,,0,no_data,
56,48_121_0034,Denton Airport South C56/A163/X157,2008-07,88101,24hr,maximum|average|standard_deviation,,https://www.tceq.texas.gov/cgi-bin/compliance/monops/monthly_summary.pl,2026-09-09 18:30:08 UTC,,,0,no_data,
56,48_121_0034,Denton Airport South C56/A163/X157,2008-08,88101,24hr,maximum|average|standard_deviation,,https://www.tceq.texas.gov/cgi-bin/compliance/monops/monthly_summary.pl,2026-09-09 18:30:09 UTC,,,0,no_data,
56,48_121_0034,Denton Airport South C56/A163/X157,2008-09,88101,24hr,maximum|average|standard_deviation,,https://www.tceq.texas.gov/cgi-bin/compliance/monops/monthly_summary.pl,2026-09-09 18:30:10 UTC,,,0,no_data,
56,48_121_0034,Denton Airport South C56/A163/X157,2008-10,88101,24hr,maximum|average|standard_deviation,,https://www.tceq.texas.gov/cgi-bin/compliance/monops/monthly_summary.pl,2026-09-09 18:30:11 UTC,,,0,no_data,
56,48_121_0034,Denton Airport South C56/A163/X157,2008-11,88101,24hr,maximum|average|standard_deviation,,https://www.tceq.texas.gov/cgi-bin/compliance/monops/monthly_summary.pl,2026-09-09 18:30:13 UTC,,,0,no_data,
56,48_121_0034,Denton Airport South C56/A163/X157,2008-12,88101,24hr,maximum|average|standard_deviation,,https://www.tceq.texas.gov/cgi-bin/compliance/monops/monthly_summary.pl,2026-09-09 18:30:14 UTC,,,0,no_data,
56,48_121_0034,Denton Airport South C56/A163/X157,2009-01,88101,24hr,maximum|average|standard_deviation,,https://www.tceq.texas.gov/cgi-bin/compliance/monops/monthly_summary.pl,2026-09-09 18:30:15 UTC,,,0,no_data,
56,48_121_0034,Denton Airport South C56/A163/X157,2009-02,88101,24hr,maximum|average|standard_deviation,,https://www.tceq.texas.gov/cgi-bin/compliance/monops/monthly_summary.pl,2026-09-09 18:30:16 UTC,,,0,no_data,
56,48_121_0034,Denton Airport South C56/A163/X157,2009-03,88101,24hr,maximum|average|standard_deviation,,https://www.tceq.texas.gov/cgi-bin/compliance/monops/monthly_summary.pl,2026-09-09 18:30:17 UTC,,,0,no_data,
56,48_121_0034,Denton Airport South C56/A163/X157,2009-04,88101,24hr,maximum|average|standard_deviation,,https://www.tceq.texas.gov/cgi-bin/compliance/monops/monthly_summary.pl,2026-09-09 18:30:18 UTC,,,0,no_data,
56,48_121_0034,Denton Airport South C56/A163/X157,2009-05,88101,24hr,maximum|average|standard_deviation,,https://www.tceq.texas.gov/cgi-bin/compliance/monops/monthly_summary.pl,2026-09-09 18:30:20 UTC,,,0,no_data,
56,48_121_0034,Denton Airport South C56/A163/X157,2009-06,88101,24hr,maximum|average|standard_deviation,,https://www.tceq.texas.gov/cgi-bin/compliance/monops/monthly_summary.pl,2026-09-09 18:30:21 UTC,,,0,no_data,
56,48_121_0034,Denton Airport South C56/A163/X157,2009-07,88101,24hr,maximum|average|standard_deviation,,https://www.tceq.texas.gov/cgi-bin/compliance/monops/monthly_summary.pl,2026-09-09 18:30:22 UTC,,,0,no_data,
56,48_121_0034,Denton Airport South C56/A163/X157,2009-08,88101,24hr,maximum|average|standard_deviation,,https://www.tceq.texas.gov/cgi-bin/compliance/monops/monthly_summary.pl,2026-09-09 18:30:23 UTC,,,0,no_data,
56,48_121_0034,Denton Airport South C56/A163/X157,2009-09,88101,24hr,maximum|average|standard_deviation,,https://www.tceq.texas.gov/cgi-bin/compliance/monops/monthly_summary.pl,2026-09-09 18:30:24 UTC,,,0,no_data,
56,48_121_0034,Denton Airport South C56/A163/X157,2009-10,88101,24hr,maximum|average|standard_deviation,,https://www.tceq.texas.gov/cgi-bin/compliance/monops/monthly_summary.pl,2026-09-09 18:30:26 UTC,,,0,no_data,
56,48_121_0034,Denton Airport South C56/A163/X157,2009-11,88101,24hr,maximum|average|standard_deviation,,https://www.tceq.texas.gov/cgi-bin/compliance/monops/monthly_summary.pl,2026-09-09 18:30:27 UTC,,,0,no_data,
56,48_121_0034,Denton Airport South C56/A163/X157,2009-12,88101,24hr,maximum|average|standard_deviation,,https://www.tceq.texas.gov/cgi-bin/compliance/monops/monthly_summary.pl,2026-09-09 18:30:28 UTC,,,0,no_data,
56,48_121_0034,Denton Airport South C56/A163/X157,2010-01,88101,24hr,maximum|average|standard_deviation,,https://www.tceq.texas.gov/cgi-bin/compliance/monops/monthly_summary.pl,2026-09-09 18:30:29 UTC,,,0,no_data,
56,48_121_0034,Denton Airport South C56/A163/X157,2010-02,88101,24hr,maximum|average|standard_deviation,,https://www.tceq.texas.gov/cgi-bin/compliance/monops/monthly_summary.pl,2026-09-09 18:30:30 UTC,,,0,no_data,
56,48_121_0034,Denton Airport South C56/A163/X157,2010-03,88101,24hr,maximum|average|standard_deviation,,https://www.tceq.texas.gov/cgi-bin/compliance/monops/monthly_summary.pl,2026-09-09 18:30:32 UTC,,,0,no_data,
56,48_121_0034,Denton Airport South C56/A163/X157,2010-04,88101,24hr,maximum|average|standard_deviation,,https://www.tceq.texas.gov/cgi-bin/compliance/monops/monthly_summary.pl,2026-09-09 18:30:33 UTC,,,0,no_data,
56,48_121_0034,Denton Airport South C56/A163/X157,2010-05,88101,24hr,maximum|average|standard_deviation,,https://www.tceq.texas.gov/cgi-bin/compliance/monops/monthly_summary.pl,2026-09-09 18:30:34 UTC,,,0,no_data,
56,48_121_0034,Denton Airport South C56/A163/X157,2010-06,88101,24hr,maximum|average|standard_deviation,,https://www.tceq.texas.gov/cgi-bin/compliance/monops/monthly_summary.pl,2026-09-09 18:30:35 UTC,,,0,no_data,
56,48_121_0034,Denton Airport South C56/A163/X157,2010-07,88101,24hr,maximum|average|standard_deviation,,https://www.tceq.texas.gov/cgi-bin/compliance/monops/monthly_summary.pl,2026-09-09 18:30:36 UTC,,,0,no_data,
56,48_121_0034,Denton Airport South C56/A163/X157,2010-08,88101,24hr,maximum|average|standard_deviation,,https://www.tceq.texas.gov/cgi-bin/compliance/monops/monthly_summary.pl,2026-09-09 18:30:38 UTC,,,0,no_data,
56,48_121_0034,Denton Airport South C56/A163/X157,2010-09,88101,24hr,maximum|average|standard_deviation,,https://www.tceq.texas.gov/cgi-bin/compliance/monops/monthly_summary.pl,2026-09-09 18:30:39 UTC,,,0,no_data,
56,48_121_0034,Denton Airport South C56/A163/X157,2010-10,88101,24hr,maximum|average|standard_deviation,,https://www.tceq.texas.gov/cgi-bin/compliance/monops/monthly_summary.pl,2026-09-09 18:30:40 UTC,,,0,no_data,
56,48_121_0034,Denton Airport South C56/A163/X157,2010-11,88101,24hr,maximum|average|standard_deviation,,https://www.tceq.texas.gov/cgi-bin/compliance/monops/monthly_summary.pl,2026-09-09 18:30:41 UTC,,,0,no_data,
56,48_121_0034,Denton Airport South C56/A163/X157,2010-12,88101,24hr,maximum|average|standard_deviation,,https://www.tceq.texas.gov/cgi-bin/compliance/monops/monthly_summary.pl,2026-09-09 18:30:42 UTC,,,0,no_data,
56,48_121_0034,Denton Airport South C56/A163/X157,2011-01,88101,24hr,maximum|average|standard_deviation,,https://www.tceq.texas.gov/cgi-bin/compliance/monops/monthly_summary.pl,2026-09-09 18:30:44 UTC,,,0,no_data,
56,48_121_0034,Denton Airport South C56/A163/X157,2011-02,88101,24hr,maximum|average|standard_deviation,,https://www.tceq.texas.gov/cgi-bin/compliance/monops/monthly_summary.pl,2026-09-09 18:30:45 UTC,,,0,no_data,
56,48_121_0034,Denton Airport South C56/A163/X157,2011-03,88101,24hr,maximum|average|standard_deviation,,https://www.tceq.texas.gov/cgi-bin/compliance/monops/monthly_summary.pl,2026-09-09 18:30:46 UTC,,,0,no_data,
56,48_121_0034,Denton Airport South C56/A163/X157,2011-04,88101,24hr,maximum|average|standard_deviation,,https://www.tceq.texas.gov/cgi-bin/compliance/monops/monthly_summary.pl,2026-09-09 18:30:48 UTC,,,0,no_data,
56,48_121_0034,Denton Airport South C56/A163/X157,2011-05,88101,24hr,maximum|average|standard_deviation,,https://www.tceq.texas.gov/cgi-bin/compliance/monops/monthly_summary.pl,2026-09-09 18:30:49 UTC,,,0,no_data,
56,48_121_0034,Denton Airport South C56/A163/X157,2011-06,88101,24hr,maximum|average|standard_deviation,,https://www.tceq.texas.gov/cgi-bin/compliance/monops/monthly_summary.pl,2026-09-09 18:30:50 UTC,,,0,no_data,
56,48_121_0034,Denton Airport South C56/A163/X157,2011-07,88101,24hr,maximum|average|standard_deviation,,https://www.tceq.texas.gov/cgi-bin/compliance/monops/monthly_summary.pl,2026-09-09 18:30:51 UTC,,,0,no_data,
56,48_121_0034,Denton Airport South C56/A163/X157,2011-08,88101,24hr,maximum|average|standard_deviation,,https://www.tceq.texas.gov/cgi-bin/compliance/monops/monthly_summary.pl,2026-09-09 18:30:53 UTC,,,0,no_data,
56,48_121_0034,Denton Airport South C56/A163/X157,2011-09,88101,24hr,maximum|average|standard_deviation,,https://www.tceq.texas.gov/cgi-bin/compliance/monops/monthly_summary.pl,2026-09-09 18:30:54 UTC,,,0,no_data,
56,48_121_0034,Denton Airport South C56/A163/X157,2011-10,88101,24hr,maximum|average|standard_deviation,,https://www.tceq.texas.gov/cgi-bin/compliance/monops/monthly_summary.pl,2026-09-09 18:30:55 UTC,,,0,no_data,
56,48_121_0034,Denton Airport South C56/A163/X157,2011-11,88101,24hr,maximum|average|standard_deviation,,https://www.tceq.texas.gov/cgi-bin/compliance/monops/monthly_summary.pl,2026-09-09 18:30:56 UTC,,,0,no_data,
56,48_121_0034,Denton Airport South C56/A163/X157,2011-12,88101,24hr,maximum|average|standard_deviation,,https://www.tceq.texas.gov/cgi-bin/compliance/monops/monthly_summary.pl,2026-09-09 18:30:58 UTC,,,0,no_data,
56,48_121_0034,Denton Airport South C56/A163/X157,2012-01,88101,24hr,maximum|average|standard_deviation,,https://www.tceq.texas.gov/cgi-bin/compliance/monops/monthly_summary.pl,2026-09-09 18:30:59 UTC,,,0,no_data,
56,48_121_0034,Denton Airport South C56/A163/X157,2012-02,88101,24hr,maximum|average|standard_deviation,,https://www.tceq.texas.gov/cgi-bin/compliance/monops/monthly_summary.pl,2026-09-09 18:31:00 UTC,,,0,no_data,
56,48_121_0034,Denton Airport South C56/A163/X157,2012-03,88101,24hr,maximum|average|standard_deviation,,https://www.tceq.texas.gov/cgi-bin/compliance/monops/monthly_summary.pl,2026-09-09 18:31:01 UTC,,,0,no_data,
56,48_121_0034,Denton Airport South C56/A163/X157,2012-04,88101,24hr,maximum|average|standard_deviation,,https://www.tceq.texas.gov/cgi-bin/compliance/monops/monthly_summary.pl,2026-09-09 18:31:03 UTC,,,0,no_data,
56,48_121_0034,Denton Airport South C56/A163/X157,2012-05,88101,24hr,maximum|average|standard_deviation,,https://www.tceq.texas.gov/cgi-bin/compliance/monops/monthly_summary.pl,2026-09-09 18:31:04 UTC,,,0,no_data,
56,48_121_0034,Denton Airport South C56/A163/X157,2012-06,88101,24hr,maximum|average|standard_deviation,,https://www.tceq.texas.gov/cgi-bin/compliance/monops/monthly_summary.pl,2026-09-09 18:31:05 UTC,,,0,no_data,
56,48_121_0034,Denton Airport South C56/A163/X157,2012-07,88101,24hr,maximum|average|standard_deviation,,https://www.tceq.texas.gov/cgi-bin/compliance/monops/monthly_summary.pl,2026-09-09 18:31:06 UTC,,,0,no_data,
56,48_121_0034,Denton Airport South C56/A163/X157,2012-08,88101,24hr,maximum|average|standard_deviation,,https://www.tceq.texas.gov/cgi-bin/compliance/monops/monthly_summary.pl,2026-09-09 18:31:08 UTC,,,0,no_data,
56,48_121_0034,Denton Airport South C56/A163/X157,2012-09,88101,24hr,maximum|average|standard_deviation,,https://www.tceq.texas.gov/cgi-bin/compliance/monops/monthly_summary.pl,2026-09-09 18:31:09 UTC,,,0,no_data,
56,48_121_0034,Denton Airport South C56/A163/X157,2012-10,88101,24hr,maximum|average|standard_deviation,,https://www.tceq.texas.gov/cgi-bin/compliance/monops/monthly_summary.pl,2026-09-09 18:31:10 UTC,,,0,no_data,
56,48_121_0034,Denton Airport South C56/A163/X157,2012-11,88101,24hr,maximum|average|standard_deviation,,https://www.tceq.texas.gov/cgi-bin/compliance/monops/monthly_summary.pl,2026-09-09 18:31:11 UTC,,,0,no_data,
56,48_121_0034,Denton Airport South C56/A163/X157,2012-12,88101,24hr,maximum|average|standard_deviation,,https://www.tceq.texas.gov/cgi-bin/compliance/monops/monthly_summary.pl,2026-09-09 18:31:13 UTC,,,0,no_data,
56,48_121_0034,Denton Airport South C56/A163/X157,2013-01,88101,24hr,maximum|average|standard_deviation,,https://www.tceq.texas.gov/cgi-bin/compliance/monops/monthly_summary.pl,2026-09-09 18:31:14 UTC,,,0,no_data,
56,48_121_0034,Denton Airport South C56/A163/X157,2013-02,88101,24hr,maximum|average|standard_deviation,,https://www.tceq.texas.gov/cgi-bin/compliance/monops/monthly_summary.pl,2026-09-09 18:31:15 UTC,,,0,no_data,
56,48_121_0034,Denton Airport South C56/A163/X157,2013-03,88101,24hr,maximum|average|standard_deviation,,https://www.tceq.texas.gov/cgi-bin/compliance/monops/monthly_summary.pl,2026-09-09 18:31:16 UTC,,,0,no_data,
56,48_121_0034,Denton Airport South C56/A163/X157,2013-04,88101,24hr,maximum|average|standard_deviation,,https://www.tceq.texas.gov/cgi-bin/compliance/monops/monthly_summary.pl,2026-09-09 18:31:18 UTC,,,0,no_data,
56,48_121_0034,Denton Airport South C56/A163/X157,2013-05,88101,24hr,maximum|average|standard_deviation,,https://www.tceq.texas.gov/cgi-bin/compliance/monops/monthly_summary.pl,2026-09-09 18:31:19 UTC,,,0,no_data,
56,48_121_0034,Denton Airport South C56/A163/X157,2013-06,88101,24hr,maximum|average|standard_deviation,,https://www.tceq.texas.gov/cgi-bin/compliance/monops/monthly_summary.pl,2026-09-09 18:31:20 UTC,,,0,no_data,
56,48_121_0034,Denton Airport South C56/A163/X157,2013-07,88101,24hr,maximum|average|standard_deviation,,https://www.tceq.texas.gov/cgi-bin/compliance/monops/monthly_summary.pl,2026-09-09 18:31:22 UTC,,,0,no_data,
56,48_121_0034,Denton Airport South C56/A163/X157,2013-08,88101,24hr,maximum|average|standard_deviation,,https://www.tceq.texas.gov/cgi-bin/compliance/monops/monthly_summary.pl,2026-09-09 18:31:23 UTC,,,0,no_data,
56,48_121_0034,Denton Airport South C56/A163/X157,2013-09,88101,24hr,maximum|average|standard_deviation,,https://www.tceq.texas.gov/cgi-bin/compliance/monops/monthly_summary.pl,2026-09-09 18:31:24 UTC,,,0,no_data,
56,48_121_0034,Denton Airport South C56/A163/X157,2013-10,88101,24hr,maximum|average|standard_deviation,,https://www.tceq.texas.gov/cgi-bin/compliance/monops/monthly_summary.pl,2026-09-09 18:31:25 UTC,,,0,no_data,
56,48_121_0034,Denton Airport South C56/A163/X157,2013-11,88101,24hr,maximum|average|standard_deviation,,https://www.tceq.texas.gov/cgi-bin/compliance/monops/monthly_summary.pl,2026-09-09 18:31:27 UTC,,,0,no_data,
56,48_121_0034,Denton Airport South C56/A163/X157,2013-12,88101,24hr,maximum|average|standard_deviation,,https://www.tceq.texas.gov/cgi-bin/compliance/monops/monthly_summary.pl,2026-09-09 18:31:28 UTC,,,0,no_data,
56,48_121_0034,Denton Airport South C56/A163/X157,2014-01,88101,24hr,maximum|average|standard_deviation,,https://www.tceq.texas.gov/cgi-bin/compliance/monops/monthly_summary.pl,2026-09-09 18:31:29 UTC,,,0,no_data,
56,48_121_0034,Denton Airport South C56/A163/X157,2014-02,88101,24hr,maximum|average|standard_deviation,,https://www.tceq.texas.gov/cgi-bin/compliance/monops/monthly_summary.pl,2026-09-09 18:31:30 UTC,,,0,no_data,
56,48_121_0034,Denton Airport South C56/A163/X157,2014-03,88101,24hr,maximum|average|standard_deviation,,https://www.tceq.texas.gov/cgi-bin/compliance/monops/monthly_summary.pl,2026-09-09 18:31:32 UTC,,,0,no_data,
56,48_121_0034,Denton Airport South C56/A163/X157,2014-04,88101,24hr,maximum|average|standard_deviation,,https://www.tceq.texas.gov/cgi-bin/compliance/monops/monthly_summary.pl,2026-09-09 18:31:33 UTC,,,0,no_data,
56,48_121_0034,Denton Airport South C56/A163/X157,2014-05,88101,24hr,maximum|average|standard_deviation,,https://www.tceq.texas.gov/cgi-bin/compliance/monops/monthly_summary.pl,2026-09-09 18:31:34 UTC,,,0,no_data,
56,48_121_0034,Denton Airport South C56/A163/X157,2014-06,88101,24hr,maximum|average|standard_deviation,,https://www.tceq.texas.gov/cgi-bin/compliance/monops/monthly_summary.pl,2026-09-09 18:31:35 UTC,,,0,no_data,
56,48_121_0034,Denton Airport South C56/A163/X157,2014-07,88101,24hr,maximum|average|standard_deviation,,https://www.tceq.texas.gov/cgi-bin/compliance/monops/monthly_summary.pl,2026-09-09 18:31:37 UTC,,,0,no_data,
56,48_121_0034,Denton Airport South C56/A163/X157,2014-08,88101,24hr,maximum|average|standard_deviation,,https://www.tceq.texas.gov/cgi-bin/compliance/monops/monthly_summary.pl,2026-09-09 18:31:38 UTC,,,0,no_data,
56,48_121_0034,Denton Airport South C56/A163/X157,2014-09,88101,24hr,maximum|average|standard_deviation,,https://www.tceq.texas.gov/cgi-bin/compliance/monops/monthly_summary.pl,2026-09-09 18:31:39 UTC,,,0,no_data,
56,48_121_0034,Denton Airport South C56/A163/X157,2014-10,88101,24hr,maximum|average|standard_deviation,,https://www.tceq.texas.gov/cgi-bin/compliance/monops/monthly_summary.pl,2026-09-09 18:31:40 UTC,,,0,no_data,
56,48_121_0034,Denton Airport South C56/A163/X157,2014-11,88101,24hr,maximum|average|standard_deviation,,https://www.tceq.texas.gov/cgi-bin/compliance/monops/monthly_summary.pl,2026-09-09 18:31:42 UTC,,,0,no_data,
56,48_121_0034,Denton Airport South C56/A163/X157,2014-12,88101,24hr,maximum|average|standard_deviation,,https://www.tceq.texas.gov/cgi-bin/compliance/monops/monthly_summary.pl,2026-09-09 18:31:43 UTC,,,0,no_data,
56,48_121_0034,Denton Airport South C56/A163/X157,2015-01,88101,24hr,maximum|average|standard_deviation,,https://www.tceq.texas.gov/cgi-bin/compliance/monops/monthly_summary.pl,2026-09-09 18:31:44 UTC,,,0,no_data,
56,48_121_0034,Denton Airport South C56/A163/X157,2015-02,88101,24hr,maximum|average|standard_deviation,,https://www.tceq.texas.gov/cgi-bin/compliance/monops/monthly_summary.pl,2026-09-09 18:31:45 UTC,,,0,no_data,
56,48_121_0034,Denton Airport South C56/A163/X157,2015-03,88101,24hr,maximum|average|standard_deviation,,https://www.tceq.texas.gov/cgi-bin/compliance/monops/monthly_summary.pl,2026-09-09 18:31:46 UTC,,,0,no_data,
56,48_121_0034,Denton Airport South C56/A163/X157,2015-04,88101,24hr,maximum|average|standard_deviation,,https://www.tceq.texas.gov/cgi-bin/compliance/monops/monthly_summary.pl,2026-09-09 18:31:48 UTC,,,0,no_data,
56,48_121_0034,Denton Airport South C56/A163/X157,2015-05,88101,24hr,maximum|average|standard_deviation,,https://www.tceq.texas.gov/cgi-bin/compliance/monops/monthly_summary.pl,2026-09-09 18:31:49 UTC,,,0,no_data,
56,48_121_0034,Denton Airport South C56/A163/X157,2015-06,88101,24hr,maximum|average|standard_deviation,,https://www.tceq.texas.gov/cgi-bin/compliance/monops/monthly_summary.pl,2026-09-09 18:31:50 UTC,,,0,no_data,
56,48_121_0034,Denton Airport South C56/A163/X157,2015-07,88101,24hr,maximum|average|standard_deviation,,https://www.tceq.texas.gov/cgi-bin/compliance/monops/monthly_summary.pl,2026-09-09 18:31:51 UTC,,,0,no_data,
56,48_121_0034,Denton Airport South C56/A163/X157,2015-08,88101,24hr,maximum|average|standard_deviation,,https://www.tceq.texas.gov/cgi-bin/compliance/monops/monthly_summary.pl,2026-09-09 18:31:52 UTC,,,0,no_data,
56,48_121_0034,Denton Airport South C56/A163/X157,2015-09,88101,24hr,maximum|average|standard_deviation,,https://www.tceq.texas.gov/cgi-bin/compliance/monops/monthly_summary.pl,2026-09-09 18:31:54 UTC,,,0,no_data,
56,48_121_0034,Denton Airport South C56/A163/X157,2015-10,88101,24hr,maximum|average|standard_deviation,,https://www.tceq.texas.gov/cgi-bin/compliance/monops/monthly_summary.pl,2026-09-09 18:31:55 UTC,,,0,no_data,
56,48_121_0034,Denton Airport South C56/A163/X157,2015-11,88101,24hr,maximum|average|standard_deviation,,https://www.tceq.texas.gov/cgi-bin/compliance/monops/monthly_summary.pl,2026-09-09 18:31:56 UTC,,,0,no_data,
56,48_121_0034,Denton Airport South C56/A163/X157,2015-12,88101,24hr,maximum|average|standard_deviation,,https://www.tceq.texas.gov/cgi-bin/compliance/monops/monthly_summary.pl,2026-09-09 18:31:57 UTC,,,0,no_data,
56,48_121_0034,Denton Airport South C56/A163/X157,2016-01,88101,24hr,maximum|average|standard_deviation,,https://www.tceq.texas.gov/cgi-bin/compliance/monops/monthly_summary.pl,2026-09-09 18:31:58 UTC,,,0,no_data,
56,48_121_0034,Denton Airport South C56/A163/X157,2016-02,88101,24hr,maximum|average|standard_deviation,,https://www.tceq.texas.gov/cgi-bin/compliance/monops/monthly_summary.pl,2026-09-09 18:32:00 UTC,,,0,no_data,
56,48_121_0034,Denton Airport South C56/A163/X157,2016-03,88101,24hr,maximum|average|standard_deviation,,https://www.tceq.texas.gov/cgi-bin/compliance/monops/monthly_summary.pl,2026-09-09 18:32:01 UTC,,,0,no_data,
56,48_121_0034,Denton Airport South C56/A163/X157,2016-04,88101,24hr,maximum|average|standard_deviation,,https://www.tceq.texas.gov/cgi-bin/compliance/monops/monthly_summary.pl,2026-09-09 18:32:02 UTC,,,0,no_data,
56,48_121_0034,Denton Airport South C56/A163/X157,2016-05,88101,24hr,maximum|average|standard_deviation,,https://www.tceq.texas.gov/cgi-bin/compliance/monops/monthly_summary.pl,2026-09-09 18:32:03 UTC,,,0,no_data,
56,48_121_0034,Denton Airport South C56/A163/X157,2016-06,88101,24hr,maximum|average|standard_deviation,,https://www.tceq.texas.gov/cgi-bin/compliance/monops/monthly_summary.pl,2026-09-09 18:32:04 UTC,,,0,no_data,
56,48_121_0034,Denton Airport South C56/A163/X157,2016-07,88101,24hr,maximum|average|standard_deviation,,https://www.tceq.texas.gov/cgi-bin/compliance/monops/monthly_summary.pl,2026-09-09 18:32:06 UTC,,,0,no_data,
56,48_121_0034,Denton Airport South C56/A163/X157,2016-08,88101,24hr,maximum|average|standard_deviation,,https://www.tceq.texas.gov/cgi-bin/compliance/monops/monthly_summary.pl,2026-09-09 18:32:07 UTC,,,0,no_data,
56,48_121_0034,Denton Airport South C56/A163/X157,2016-09,88101,24hr,maximum|average|standard_deviation,,https://www.tceq.texas.gov/cgi-bin/compliance/monops/monthly_summary.pl,2026-09-09 18:32:08 UTC,,,0,no_data,
56,48_121_0034,Denton Airport South C56/A163/X157,2016-10,88101,24hr,maximum|average|standard_deviation,,https://www.tceq.texas.gov/cgi-bin/compliance/monops/monthly_summary.pl,2026-09-09 18:32:09 UTC,,,0,no_data,
56,48_121_0034,Denton Airport South C56/A163/X157,2016-11,88101,24hr,maximum|average|standard_deviation,,https://www.tceq.texas.gov/cgi-bin/compliance/monops/monthly_summary.pl,2026-09-09 18:32:10 UTC,,,0,no_data,
56,48_121_0034,Denton Airport South C56/A163/X157,2016-12,88101,24hr,maximum|average|standard_deviation,,https://www.tceq.texas.gov/cgi-bin/compliance/monops/monthly_summary.pl,2026-09-09 18:32:12 UTC,,,0,no_data,
56,48_121_0034,Denton Airport South C56/A163/X157,2017-01,88101,24hr,maximum|average|standard_deviation,,https://www.tceq.texas.gov/cgi-bin/compliance/monops/monthly_summary.pl,2026-09-09 18:32:13 UTC,,,0,no_data,
56,48_121_0034,Denton Airport South C56/A163/X157,2017-02,88101,24hr,maximum|average|standard_deviation,,https://www.tceq.texas.gov/cgi-bin/compliance/monops/monthly_summary.pl,2026-09-09 18:32:14 UTC,,,0,no_data,
56,48_121_0034,Denton Airport South C56/A163/X157,2017-03,88101,24hr,maximum|average|standard_deviation,,https://www.tceq.texas.gov/cgi-bin/compliance/monops/monthly_summary.pl,2026-09-09 18:32:15 UTC,,,0,no_data,
56,48_121_0034,Denton Airport South C56/A163/X157,2017-04,88101,24hr,maximum|average|standard_deviation,,https://www.tceq.texas.gov/cgi-bin/compliance/monops/monthly_summary.pl,2026-09-09 18:32:16 UTC,,,0,no_data,
56,48_121_0034,Denton Airport South C56/A163/X157,2017-05,88101,24hr,maximum|average|standard_deviation,,https://www.tceq.texas.gov/cgi-bin/compliance/monops/monthly_summary.pl,2026-09-09 18:32:18 UTC,,,0,no_data,
56,48_121_0034,Denton Airport South C56/A163/X157,2017-06,88101,24hr,maximum|average|standard_deviation,,https://www.tceq.texas.gov/cgi-bin/compliance/monops/monthly_summary.pl,2026-09-09 18:32:19 UTC,,,0,no_data,
56,48_121_0034,Denton Airport South C56/A163/X157,2017-07,88101,24hr,maximum|average|standard_deviation,,https://www.tceq.texas.gov/cgi-bin/compliance/monops/monthly_summary.pl,2026-09-09 18:32:20 UTC,,,0,no_data,
56,48_121_0034,Denton Airport South C56/A163/X157,2017-08,88101,24hr,maximum|average|standard_deviation,,https://www.tceq.texas.gov/cgi-bin/compliance/monops/monthly_summary.pl,2026-09-09 18:32:21 UTC,,,0,no_data,
56,48_121_0034,Denton Airport South C56/A163/X157,2017-09,88101,24hr,maximum|average|standard_deviation,,https://www.tceq.texas.gov/cgi-bin/compliance/monops/monthly_summary.pl,2026-09-09 18:32:23 UTC,,,0,no_data,
56,48_121_0034,Denton Airport South C56/A163/X157,2017-10,88101,24hr,maximum|average|standard_deviation,,https://www.tceq.texas.gov/cgi-bin/compliance/monops/monthly_summary.pl,2026-09-09 18:32:24 UTC,,,0,no_data,
56,48_121_0034,Denton Airport South C56/A163/X157,2017-11,88101,24hr,maximum|average|standard_deviation,,https://www.tceq.texas.gov/cgi-bin/compliance/monops/monthly_summary.pl,2026-09-09 18:32:25 UTC,,,0,no_data,
56,48_121_0034,Denton Airport South C56/A163/X157,2017-12,88101,24hr,maximum|average|standard_deviation,,https://www.tceq.texas.gov/cgi-bin/compliance/monops/monthly_summary.pl,2026-09-09 18:32:26 UTC,,,0,no_data,
56,48_121_0034,Denton Airport South C56/A163/X157,2018-01,88101,24hr,maximum|average|standard_deviation,,https://www.tceq.texas.gov/cgi-bin/compliance/monops/monthly_summary.pl,2026-09-09 18:32:27 UTC,,,0,no_data,
56,48_121_0034,Denton Airport South C56/A163/X157,2018-02,88101,24hr,maximum|average|standard_deviation,,https://www.tceq.texas.gov/cgi-bin/compliance/monops/monthly_summary.pl,2026-09-09 18:32:29 UTC,,,0,no_data,
56,48_121_0034,Denton Airport South C56/A163/X157,2018-03,88101,24hr,maximum|average|standard_deviation,,https://www.tceq.texas.gov/cgi-bin/compliance/monops/monthly_summary.pl,2026-09-09 18:32:30 UTC,,,0,no_data,
56,48_121_0034,Denton Airport South C56/A163/X157,2018-04,88101,24hr,maximum|average|standard_deviation,,https://www.tceq.texas.gov/cgi-bin/compliance/monops/monthly_summary.pl,2026-09-09 18:32:31 UTC,,,0,no_data,
56,48_121_0034,Denton Airport South C56/A163/X157,2018-05,88101,24hr,maximum|average|standard_deviation,,https://www.tceq.texas.gov/cgi-bin/compliance/monops/monthly_summary.pl,2026-09-09 18:32:32 UTC,,,0,no_data,
56,48_121_0034,Denton Airport South C56/A163/X157,2018-06,88101,24hr,maximum|average|standard_deviation,,https://www.tceq.texas.gov/cgi-bin/compliance/monops/monthly_summary.pl,2026-09-09 18:32:33 UTC,,,0,no_data,
56,48_121_0034,Denton Airport South C56/A163/X157,2018-07,88101,24hr,maximum|average|standard_deviation,,https://www.tceq.texas.gov/cgi-bin/compliance/monops/monthly_summary.pl,2026-09-09 18:32:35 UTC,,,0,no_data,
56,48_121_0034,Denton Airport South C56/A163/X157,2018-08,88101,24hr,maximum|average|standard_deviation,,https://www.tceq.texas.gov/cgi-bin/compliance/monops/monthly_summary.pl,2026-09-09 18:32:36 UTC,,,0,no_data,
56,48_121_0034,Denton Airport South C56/A163/X157,2018-09,88101,24hr,maximum|average|standard_deviation,,https://www.tceq.texas.gov/cgi-bin/compliance/monops/monthly_summary.pl,2026-09-09 18:32:37 UTC,,,0,no_data,
56,48_121_0034,Denton Airport South C56/A163/X157,2018-10,88101,24hr,maximum|average|standard_deviation,,https://www.tceq.texas.gov/cgi-bin/compliance/monops/monthly_summary.pl,2026-09-09 18:32:38 UTC,,,0,no_data,
56,48_121_0034,Denton Airport South C56/A163/X157,2018-11,88101,24hr,maximum|average|standard_deviation,,https://www.tceq.texas.gov/cgi-bin/compliance/monops/monthly_summary.pl,2026-09-09 18:32:39 UTC,,,0,no_data,
56,48_121_0034,Denton Airport South C56/A163/X157,2018-12,88101,24hr,maximum|average|standard_deviation,,https://www.tceq.texas.gov/cgi-bin/compliance/monops/monthly_summary.pl,2026-09-09 18:32:41 UTC,,,0,no_data,
56,48_121_0034,Denton Airport South C56/A163/X157,2019-01,88101,24hr,maximum|average|standard_deviation,,https://www.tceq.texas.gov/cgi-bin/compliance/monops/monthly_summary.pl,2026-09-09 18:32:42 UTC,,,0,no_data,
56,48_121_0034,Denton Airport South C56/A163/X157,2019-02,88101,24hr,maximum|average|standard_deviation,,https://www.tceq.texas.gov/cgi-bin/compliance/monops/monthly_summary.pl,2026-09-09 18:32:43 UTC,,,0,no_data,
56,48_121_0034,Denton Airport South C56/A163/X157,2019-03,88101,24hr,maximum|average|standard_deviation,,https://www.tceq.texas.gov/cgi-bin/compliance/monops/monthly_summary.pl,2026-09-09 18:32:44 UTC,,,0,no_data,
56,48_121_0034,Denton Airport South C56/A163/X157,2019-04,88101,24hr,maximum|average|standard_deviation,,https://www.tceq.texas.gov/cgi-bin/compliance/monops/monthly_summary.pl,2026-09-09 18:32:45 UTC,,,0,no_data,
56,48_121_0034,Denton Airport South C56/A163/X157,2019-05,88101,24hr,maximum|average|standard_deviation,,https://www.tceq.texas.gov/cgi-bin/compliance/monops/monthly_summary.pl,2026-09-09 18:32:47 UTC,,,0,no_data,
56,48_121_0034,Denton Airport South C56/A163/X157,2019-06,88101,24hr,maximum|average|standard_deviation,,https://www.tceq.texas.gov/cgi-bin/compliance/monops/monthly_summary.pl,2026-09-09 18:32:48 UTC,,,0,no_data,
56,48_121_0034,Denton Airport South C56/A163/X157,2019-07,88101,24hr,maximum|average|standard_deviation,cams_0056/cams_0056_2019-07_pm25.csv,https://www.tceq.texas.gov/cgi-bin/compliance/monops/monthly_summary.pl,2026-09-09 18:32:49 UTC,88a1dd8cb81c2330657db0e91d5ec71e5ff5d0de7808d683efee7cf3d55a3e7d,3971,31,downloaded,
56,48_121_0034,Denton Airport South C56/A163/X157,2019-08,88101,24hr,maximum|average|standard_deviation,cams_0056/cams_0056_2019-08_pm25.csv,https://www.tceq.texas.gov/cgi-bin/compliance/monops/monthly_summary.pl,2026-09-09 18:32:50 UTC,8d6da3cb5ab5d24b026692edd5439d3248bde3af39026e64c099075f18468e17,4611,31,downloaded,
56,48_121_0034,Denton Airport South C56/A163/X157,2019-09,88101,24hr,maximum|average|standard_deviation,cams_0056/cams_0056_2019-09_pm25.csv,https://www.tceq.texas.gov/cgi-bin/compliance/monops/monthly_summary.pl,2026-09-09 18:32:52 UTC,08043be38e6b8197edcb8b4ed4aed55b1c6418faabf235686c9c81f719da94b1,4366,30,downloaded,
56,48_121_0034,Denton Airport South C56/A163/X157,2019-10,88101,24hr,maximum|average|standard_deviation,cams_0056/cams_0056_2019-10_pm25.csv,https://www.tceq.texas.gov/cgi-bin/compliance/monops/monthly_summary.pl,2026-09-09 18:32:53 UTC,179246cf7a4e9371636fca6196fd820e588f75cef2557b4eeafbedc2de8e8324,4422,31,downloaded,
56,48_121_0034,Denton Airport South C56/A163/X157,2019-11,88101,24hr,maximum|average|standard_deviation,cams_0056/cams_0056_2019-11_pm25.csv,https://www.tceq.texas.gov/cgi-bin/compliance/monops/monthly_summary.pl,2026-09-09 18:32:54 UTC,f080d47d5d24b13291a07f7b71bb56e4acda6ed25b60f62ecc35391e53c4dfb8,4298,30,downloaded,
56,48_121_0034,Denton Airport South C56/A163/X157,2019-12,88101,24hr,maximum|average|standard_deviation,cams_0056/cams_0056_2019-12_pm25.csv,https://www.tceq.texas.gov/cgi-bin/compliance/monops/monthly_summary.pl,2026-09-09 18:32:55 UTC,9f2d56b708b754f742aa0e2d228f4c717daa3da5be706e770a46ff91cf80f8e7,4521,31,downloaded,
56,48_121_0034,Denton Airport South C56/A163/X157,2020-01,88101,24hr,maximum|average|standard_deviation,cams_0056/cams_0056_2020-01_pm25.csv,https://www.tceq.texas.gov/cgi-bin/compliance/monops/monthly_summary.pl,2026-09-09 18:32:57 UTC,28102083a97d9ac9b447c17f133091df7447a1964d74437f2c6154ecf1b9f881,4404,31,downloaded,
56,48_121_0034,Denton Airport South C56/A163/X157,2020-02,88101,24hr,maximum|average|standard_deviation,cams_0056/cams_0056_2020-02_pm25.csv,https://www.tceq.texas.gov/cgi-bin/compliance/monops/monthly_summary.pl,2026-09-09 18:32:58 UTC,09068930a2486e85ca1241ffaa4fc412084d3f2fa8654b9f638c1780c29c0f31,4076,29,downloaded,
56,48_121_0034,Denton Airport South C56/A163/X157,2020-03,88101,24hr,maximum|average|standard_deviation,cams_0056/cams_0056_2020-03_pm25.csv,https://www.tceq.texas.gov/cgi-bin/compliance/monops/monthly_summary.pl,2026-09-09 18:32:59 UTC,ed1f44dbad7ecdbfca6b7f629c9a9e53c4230f3ffc72fc63153ece3393bc3b2d,4448,31,downloaded,
56,48_121_0034,Denton Airport South C56/A163/X157,2020-04,88101,24hr,maximum|average|standard_deviation,cams_0056/cams_0056_2020-04_pm25.csv,https://www.tceq.texas.gov/cgi-bin/compliance/monops/monthly_summary.pl,2026-09-09 18:33:01 UTC,b0c7c375bbd742dac87b5157e7ef7a969c360c83d01c0812998153c26bc47ebd,4314,30,downloaded,
56,48_121_0034,Denton Airport South C56/A163/X157,2020-05,88101,24hr,maximum|average|standard_deviation,cams_0056/cams_0056_2020-05_pm25.csv,https://www.tceq.texas.gov/cgi-bin/compliance/monops/monthly_summary.pl,2026-09-09 18:33:02 UTC,bc2565f1d1d1a354d1817cd6483725bf8de25b2009deb0c130944bcf0188489e,4380,31,downloaded,
56,48_121_0034,Denton Airport South C56/A163/X157,2020-06,88101,24hr,maximum|average|standard_deviation,cams_0056/cams_0056_2020-06_pm25.csv,https://www.tceq.texas.gov/cgi-bin/compliance/monops/monthly_summary.pl,2026-09-09 18:33:03 UTC,e8d96922d5ffecf2a0748213311ef8dfd186f30bcc36672185d0ef94711ec97e,4384,30,downloaded,
56,48_121_0034,Denton Airport South C56/A163/X157,2020-07,88101,24hr,maximum|average|standard_deviation,cams_0056/cams_0056_2020-07_pm25.csv,https://www.tceq.texas.gov/cgi-bin/compliance/monops/monthly_summary.pl,2026-09-09 18:33:05 UTC,c2aa884d45564762df8e960f01a60144b8e42cd857664838246cfa9a091871b1,4589,31,downloaded,
56,48_121_0034,Denton Airport South C56/A163/X157,2020-08,88101,24hr,maximum|average|standard_deviation,cams_0056/cams_0056_2020-08_pm25.csv,https://www.tceq.texas.gov/cgi-bin/compliance/monops/monthly_summary.pl,2026-09-09 18:33:06 UTC,16755fa2c7e6f18cd789f42c30d78d923ec63ede2659f192d80ea384c13d6cb6,4538,31,downloaded,
56,48_121_0034,Denton Airport South C56/A163/X157,2020-09,88101,24hr,maximum|average|standard_deviation,cams_0056/cams_0056_2020-09_pm25.csv,https://www.tceq.texas.gov/cgi-bin/compliance/monops/monthly_summary.pl,2026-09-09 18:33:07 UTC,e922ac2e385a5e5594095e2f659817f5c8baa4b62579fadabee510798786a6f6,4362,30,downloaded,
56,48_121_0034,Denton Airport South C56/A163/X157,2020-10,88101,24hr,maximum|average|standard_deviation,cams_0056/cams_0056_2020-10_pm25.csv,https://www.tceq.texas.gov/cgi-bin/compliance/monops/monthly_summary.pl,2026-09-09 18:33:08 UTC,715217ebc6b8446831091a68888398f361a2765a85240d746b75016733343600,4461,31,downloaded,
56,48_121_0034,Denton Airport South C56/A163/X157,2020-11,88101,24hr,maximum|average|standard_deviation,cams_0056/cams_0056_2020-11_pm25.csv,https://www.tceq.texas.gov/cgi-bin/compliance/monops/monthly_summary.pl,2026-09-09 18:33:10 UTC,b0922b69c4caea330565083bd2136feaaa2f555937980327e1e5dd25dc627985,4344,30,downloaded,
56,48_121_0034,Denton Airport South C56/A163/X157,2020-12,88101,24hr,maximum|average|standard_deviation,cams_0056/cams_0056_2020-12_pm25.csv,https://www.tceq.texas.gov/cgi-bin/compliance/monops/monthly_summary.pl,2026-09-09 18:33:11 UTC,5a10c71fb75a1d98dc7dd6e7c582c4949f8ca4f6c9f6edbb630d76cf0924339e,4350,31,downloaded,
56,48_121_0034,Denton Airport South C56/A163/X157,2021-01,88101,24hr,maximum|average|standard_deviation,cams_0056/cams_0056_2021-01_pm25.csv,https://www.tceq.texas.gov/cgi-bin/compliance/monops/monthly_summary.pl,2026-09-09 18:33:12 UTC,8f3de51711d1dc0cca09ef0041b5574db99906d584c9fb64cf9e361f0232dd4c,4462,31,downloaded,
56,48_121_0034,Denton Airport South C56/A163/X157,2021-02,88101,24hr,maximum|average|standard_deviation,cams_0056/cams_0056_2021-02_pm25.csv,https://www.tceq.texas.gov/cgi-bin/compliance/monops/monthly_summary.pl,2026-09-09 18:33:14 UTC,accabdd3bb960047f1b8239c2637040d09b36e865ae55a81af26cc8afa387c57,4122,28,downloaded,
56,48_121_0034,Denton Airport South C56/A163/X157,2021-03,88101,24hr,maximum|average|standard_deviation,cams_0056/cams_0056_2021-03_pm25.csv,https://www.tceq.texas.gov/cgi-bin/compliance/monops/monthly_summary.pl,2026-09-09 18:33:15 UTC,865cb2dd1dcc34aa86fb9e9406751a99052c764da31ecc881efe9375677e31b1,4429,31,downloaded,
56,48_121_0034,Denton Airport South C56/A163/X157,2021-04,88101,24hr,maximum|average|standard_deviation,cams_0056/cams_0056_2021-04_pm25.csv,https://www.tceq.texas.gov/cgi-bin/compliance/monops/monthly_summary.pl,2026-09-09 18:33:16 UTC,0fb6bebd2da18019f42e44b025f15f923baa6c036a012cf73bb1c2140c8a55f2,4304,30,downloaded,
56,48_121_0034,Denton Airport South C56/A163/X157,2021-05,88101,24hr,maximum|average|standard_deviation,cams_0056/cams_0056_2021-05_pm25.csv,https://www.tceq.texas.gov/cgi-bin/compliance/monops/monthly_summary.pl,2026-09-09 18:33:17 UTC,fbac548f43c1778fbc8d360a500ffd2d599d15f6d651ce393ac51b2180cfd361,4355,31,downloaded,
56,48_121_0034,Denton Airport South C56/A163/X157,2021-06,88101,24hr,maximum|average|standard_deviation,cams_0056/cams_0056_2021-06_pm25.csv,https://www.tceq.texas.gov/cgi-bin/compliance/monops/monthly_summary.pl,2026-09-09 18:33:19 UTC,91b41c856d749d69d904ee7e000d051a9be406303a5f9530817c349a4c534b36,4405,30,downloaded,
56,48_121_0034,Denton Airport South C56/A163/X157,2021-07,88101,24hr,maximum|average|standard_deviation,cams_0056/cams_0056_2021-07_pm25.csv,https://www.tceq.texas.gov/cgi-bin/compliance/monops/monthly_summary.pl,2026-09-09 18:33:20 UTC,4797b1fbc48a520674de439c0ae2eee898de63ae3be21b4a10bd7f219b17232d,4673,31,downloaded,
56,48_121_0034,Denton Airport South C56/A163/X157,2021-08,88101,24hr,maximum|average|standard_deviation,cams_0056/cams_0056_2021-08_pm25.csv,https://www.tceq.texas.gov/cgi-bin/compliance/monops/monthly_summary.pl,2026-09-09 18:33:21 UTC,ea951c6b3b44ff36b5ecf52ccaed8c1f95a07092802a2915b14b8023c0c648fb,4346,31,downloaded,
56,48_121_0034,Denton Airport South C56/A163/X157,2021-09,88101,24hr,maximum|average|standard_deviation,cams_0056/cams_0056_2021-09_pm25.csv,https://www.tceq.texas.gov/cgi-bin/compliance/monops/monthly_summary.pl,2026-09-09 18:33:23 UTC,2bc628396cba7ff726e9940bed9760916240a647b252ed17b4bb1b82d7bca6e0,4400,30,downloaded,
56,48_121_0034,Denton Airport South C56/A163/X157,2021-10,88101,24hr,maximum|average|standard_deviation,cams_0056/cams_0056_2021-10_pm25.csv,https://www.tceq.texas.gov/cgi-bin/compliance/monops/monthly_summary.pl,2026-09-09 18:33:24 UTC,0c40894ca302234ae5bccf3809aefabe09e96c327f7ac8d6382d9b5e55737cd7,4347,31,downloaded,
56,48_121_0034,Denton Airport South C56/A163/X157,2021-11,88101,24hr,maximum|average|standard_deviation,cams_0056/cams_0056_2021-11_pm25.csv,https://www.tceq.texas.gov/cgi-bin/compliance/monops/monthly_summary.pl,2026-09-09 18:33:25 UTC,d86b24be9aa073335a5a0ce9ab481e7515f4eaf0ea379e48d422fee2eccedbae,4208,30,downloaded,
56,48_121_0034,Denton Airport South C56/A163/X157,2021-12,88101,24hr,maximum|average|standard_deviation,cams_0056/cams_0056_2021-12_pm25.csv,https://www.tceq.texas.gov/cgi-bin/compliance/monops/monthly_summary.pl,2026-09-09 18:33:26 UTC,7e5612b6df2a81ae98bb5cc56e5bb6a0aa52ab62db3492fdd0a1083385c5ae64,4474,31,downloaded,
56,48_121_0034,Denton Airport South C56/A163/X157,2022-01,88101,24hr,maximum|average|standard_deviation,cams_0056/cams_0056_2022-01_pm25.csv,https://www.tceq.texas.gov/cgi-bin/compliance/monops/monthly_summary.pl,2026-09-09 18:33:28 UTC,dd345b99e702598c52c380970f7075ff1449367697a4df1483063fda7ec82c6b,4372,31,downloaded,
56,48_121_0034,Denton Airport South C56/A163/X157,2022-02,88101,24hr,maximum|average|standard_deviation,cams_0056/cams_0056_2022-02_pm25.csv,https://www.tceq.texas.gov/cgi-bin/compliance/monops/monthly_summary.pl,2026-09-09 18:33:29 UTC,67245e90ca170bc1662e849ba3760ac92702a0dba51ca427ef27e947dfcfddb8,3979,28,downloaded,
56,48_121_0034,Denton Airport South C56/A163/X157,2022-03,88101,24hr,maximum|average|standard_deviation,cams_0056/cams_0056_2022-03_pm25.csv,https://www.tceq.texas.gov/cgi-bin/compliance/monops/monthly_summary.pl,2026-09-09 18:33:30 UTC,3dadc67431414c3551ebfe1e15c1f2273ea04d5047354e97394cf7aef6cfab86,4390,31,downloaded,
56,48_121_0034,Denton Airport South C56/A163/X157,2022-04,88101,24hr,maximum|average|standard_deviation,cams_0056/cams_0056_2022-04_pm25.csv,https://www.tceq.texas.gov/cgi-bin/compliance/monops/monthly_summary.pl,2026-09-09 18:33:32 UTC,b5aedd07b01e3004a97b7d9c96a7e37ad726924eab57cbf07cdbe9cf231cd856,4342,30,downloaded,
56,48_121_0034,Denton Airport South C56/A163/X157,2022-05,88101,24hr,maximum|average|standard_deviation,cams_0056/cams_0056_2022-05_pm25.csv,https://www.tceq.texas.gov/cgi-bin/compliance/monops/monthly_summary.pl,2026-09-09 18:33:33 UTC,99e412dea79681ec1638dfdf8621161c628b0464d58449cbd68393c7882a643e,4559,31,downloaded,
56,48_121_0034,Denton Airport South C56/A163/X157,2022-06,88101,24hr,maximum|average|standard_deviation,cams_0056/cams_0056_2022-06_pm25.csv,https://www.tceq.texas.gov/cgi-bin/compliance/monops/monthly_summary.pl,2026-09-09 18:33:34 UTC,9cdb8b666e1685a4b4a0d859f11763f739bcb8652136709a25d1bc01c8f33684,4567,30,downloaded,
56,48_121_0034,Denton Airport South C56/A163/X157,2022-07,88101,24hr,maximum|average|standard_deviation,cams_0056/cams_0056_2022-07_pm25.csv,https://www.tceq.texas.gov/cgi-bin/compliance/monops/monthly_summary.pl,2026-09-09 18:33:35 UTC,29f027aacbf7a4f65d333113b4d0fc76c4b0cc3a4b6d1055efe7be7acdcf070d,4571,31,downloaded,
56,48_121_0034,Denton Airport South C56/A163/X157,2022-08,88101,24hr,maximum|average|standard_deviation,cams_0056/cams_0056_2022-08_pm25.csv,https://www.tceq.texas.gov/cgi-bin/compliance/monops/monthly_summary.pl,2026-09-09 18:33:37 UTC,8da661efb1d61f08f240ea93e7c4c33fbb6c512cbe501afefb7ddbb699b7e263,4467,31,downloaded,
56,48_121_0034,Denton Airport South C56/A163/X157,2022-09,88101,24hr,maximum|average|standard_deviation,cams_0056/cams_0056_2022-09_pm25.csv,https://www.tceq.texas.gov/cgi-bin/compliance/monops/monthly_summary.pl,2026-09-09 18:33:38 UTC,f680da2d2122d43e925ed814164153db43d68131e65d3df33eebf1e03816a684,4245,30,downloaded,
56,48_121_0034,Denton Airport South C56/A163/X157,2022-10,88101,24hr,maximum|average|standard_deviation,cams_0056/cams_0056_2022-10_pm25.csv,https://www.tceq.texas.gov/cgi-bin/compliance/monops/monthly_summary.pl,2026-09-09 18:33:39 UTC,6c4775424cda91a98e491da1639a53c7189c48afd049afd54626fceeb1a0cf46,4441,31,downloaded,
56,48_121_0034,Denton Airport South C56/A163/X157,2022-11,88101,24hr,maximum|average|standard_deviation,cams_0056/cams_0056_2022-11_pm25.csv,https://www.tceq.texas.gov/cgi-bin/compliance/monops/monthly_summary.pl,2026-09-09 18:33:40 UTC,4e97c327455f33b0d238bde4e6d05a120b5f03852b925ffbef7865b676db6d32,4304,30,downloaded,
56,48_121_0034,Denton Airport South C56/A163/X157,2022-12,88101,24hr,maximum|average|standard_deviation,cams_0056/cams_0056_2022-12_pm25.csv,https://www.tceq.texas.gov/cgi-bin/compliance/monops/monthly_summary.pl,2026-09-09 18:33:42 UTC,56a7ab9821bbbd47226305199cac4c3c4f0ac5af9c831958dc6283be4513e449,4415,31,downloaded,
56,48_121_0034,Denton Airport South C56/A163/X157,2023-01,88101,24hr,maximum|average|standard_deviation,cams_0056/cams_0056_2023-01_pm25.csv,https://www.tceq.texas.gov/cgi-bin/compliance/monops/monthly_summary.pl,2026-09-09 18:33:43 UTC,673cedbbb098d269fbde60edcb389251600e88a1cf18f5f03892dbde0e1701dc,4397,31,downloaded,
56,48_121_0034,Denton Airport South C56/A163/X157,2023-02,88101,24hr,maximum|average|standard_deviation,cams_0056/cams_0056_2023-02_pm25.csv,https://www.tceq.texas.gov/cgi-bin/compliance/monops/monthly_summary.pl,2026-09-09 18:33:44 UTC,f719416eea64c726815ff5546c1894c11319dd116b294ee07f7798693eea1ed8,4064,28,downloaded,
56,48_121_0034,Denton Airport South C56/A163/X157,2023-03,88101,24hr,maximum|average|standard_deviation,cams_0056/cams_0056_2023-03_pm25.csv,https://www.tceq.texas.gov/cgi-bin/compliance/monops/monthly_summary.pl,2026-09-09 18:33:45 UTC,a63e126350c6ee7b4aa9f2a77434f5e28a8492fd7834e447331e09f5dcda4c2a,4475,31,downloaded,
56,48_121_0034,Denton Airport South C56/A163/X157,2023-04,88101,24hr,maximum|average|standard_deviation,cams_0056/cams_0056_2023-04_pm25.csv,https://www.tceq.texas.gov/cgi-bin/compliance/monops/monthly_summary.pl,2026-09-09 18:33:47 UTC,c18b3a209f10db5a44b3a2cbd255d7eb6408e7a1ea3669812af754735741c93b,4303,30,downloaded,
56,48_121_0034,Denton Airport South C56/A163/X157,2023-05,88101,24hr,maximum|average|standard_deviation,cams_0056/cams_0056_2023-05_pm25.csv,https://www.tceq.texas.gov/cgi-bin/compliance/monops/monthly_summary.pl,2026-09-09 18:33:48 UTC,d4f8cb16b96260ee464996fba5a75b574bba9bf5de51888effc1064e9501c108,4667,31,downloaded,
56,48_121_0034,Denton Airport South C56/A163/X157,2023-06,88101,24hr,maximum|average|standard_deviation,cams_0056/cams_0056_2023-06_pm25.csv,https://www.tceq.texas.gov/cgi-bin/compliance/monops/monthly_summary.pl,2026-09-09 18:33:49 UTC,d261f9912e7747af809ab44cb10fb48f82885a2b72a42d4e3c0e3a5aef684e0a,4510,30,downloaded,
56,48_121_0034,Denton Airport South C56/A163/X157,2023-07,88101,24hr,maximum|average|standard_deviation,cams_0056/cams_0056_2023-07_pm25.csv,https://www.tceq.texas.gov/cgi-bin/compliance/monops/monthly_summary.pl,2026-09-09 18:33:50 UTC,b16a8afa057cb24502d916cd9b24fc24b068b27751b1f68dcbcb821a7ef505cd,4496,31,downloaded,
56,48_121_0034,Denton Airport South C56/A163/X157,2023-08,88101,24hr,maximum|average|standard_deviation,cams_0056/cams_0056_2023-08_pm25.csv,https://www.tceq.texas.gov/cgi-bin/compliance/monops/monthly_summary.pl,2026-09-09 18:33:52 UTC,7e39a71fd1c0e08135eba1ffb9178fae49c429aa9b6beaa9729d59bcfcae7e45,4618,31,downloaded,
56,48_121_0034,Denton Airport South C56/A163/X157,2023-09,88101,24hr,maximum|average|standard_deviation,cams_0056/cams_0056_2023-09_pm25.csv,https://www.tceq.texas.gov/cgi-bin/compliance/monops/monthly_summary.pl,2026-09-09 18:33:53 UTC,f9c42498f9b6f890777db731a0318a96361e9236c47c61523bd648e5e8985620,4441,30,downloaded,
56,48_121_0034,Denton Airport South C56/A163/X157,2023-10,88101,24hr,maximum|average|standard_deviation,cams_0056/cams_0056_2023-10_pm25.csv,https://www.tceq.texas.gov/cgi-bin/compliance/monops/monthly_summary.pl,2026-09-09 18:33:54 UTC,abf6cb5f07d439eb53d5bc553b0931daf9d7b5dd69c035724df4f52dfb6f3d37,4381,31,downloaded,
56,48_121_0034,Denton Airport South C56/A163/X157,2023-11,88101,24hr,maximum|average|standard_deviation,cams_0056/cams_0056_2023-11_pm25.csv,https://www.tceq.texas.gov/cgi-bin/compliance/monops/monthly_summary.pl,2026-09-09 18:33:56 UTC,69988d5f5ace1dab7acffd5fe1a4efa877e1714cb310d04578aa4004808f1af2,4317,30,downloaded,
56,48_121_0034,Denton Airport South C56/A163/X157,2023-12,88101,24hr,maximum|average|standard_deviation,cams_0056/cams_0056_2023-12_pm25.csv,https://www.tceq.texas.gov/cgi-bin/compliance/monops/monthly_summary.pl,2026-09-09 18:33:57 UTC,e611464b27de62c6078d18e9fc58045617497ea1a4bfad0494542ba8d51edb3f,4387,31,downloaded,
56,48_121_0034,Denton Airport South C56/A163/X157,2024-01,88101,24hr,maximum|average|standard_deviation,cams_0056/cams_0056_2024-01_pm25.csv,https://www.tceq.texas.gov/cgi-bin/compliance/monops/monthly_summary.pl,2026-09-09 18:33:58 UTC,3d8a7501ab41923a1f16e9c8408eebb9e6a58606426fdea173cfd3953a9c41c0,4384,31,downloaded,
56,48_121_0034,Denton Airport South C56/A163/X157,2024-02,88101,24hr,maximum|average|standard_deviation,cams_0056/cams_0056_2024-02_pm25.csv,https://www.tceq.texas.gov/cgi-bin/compliance/monops/monthly_summary.pl,2026-09-09 18:34:00 UTC,ceb487475e8c347bd215f25b5b90d103321be90c6ebaba4873c39153c199d578,3920,29,downloaded,
56,48_121_0034,Denton Airport South C56/A163/X157,2024-03,88101,24hr,maximum|average|standard_deviation,cams_0056/cams_0056_2024-03_pm25.csv,https://www.tceq.texas.gov/cgi-bin/compliance/monops/monthly_summary.pl,2026-09-09 18:34:01 UTC,4a78070018f46469985c39ac00d2d5e8230fd08f7403370eae303e6fb9d14e4b,4429,31,downloaded,
56,48_121_0034,Denton Airport South C56/A163/X157,2024-04,88101,24hr,maximum|average|standard_deviation,cams_0056/cams_0056_2024-04_pm25.csv,https://www.tceq.texas.gov/cgi-bin/compliance/monops/monthly_summary.pl,2026-09-09 18:34:02 UTC,139f4a7c4940cc16f94491fd856321398a38d5c7feef261883cb03abe03bd8a9,3919,30,downloaded,
56,48_121_0034,Denton Airport South C56/A163/X157,2024-05,88101,24hr,maximum|average|standard_deviation,cams_0056/cams_0056_2024-05_pm25.csv,https://www.tceq.texas.gov/cgi-bin/compliance/monops/monthly_summary.pl,2026-09-09 18:34:04 UTC,972eb6e29c9d8a0d6dee1123156c9c0ab05f58afe59f863599cb9a0b1f1a08d1,4438,31,downloaded,
56,48_121_0034,Denton Airport South C56/A163/X157,2024-06,88101,24hr,maximum|average|standard_deviation,cams_0056/cams_0056_2024-06_pm25.csv,https://www.tceq.texas.gov/cgi-bin/compliance/monops/monthly_summary.pl,2026-09-09 18:34:05 UTC,7fd663e9d9c497ce3058f3055829975f653ae9afb5c67a04c035b08f2a5e5915,4445,30,downloaded,
56,48_121_0034,Denton Airport South C56/A163/X157,2024-07,88101,24hr,maximum|average|standard_deviation,cams_0056/cams_0056_2024-07_pm25.csv,https://www.tceq.texas.gov/cgi-bin/compliance/monops/monthly_summary.pl,2026-09-09 18:34:07 UTC,b1992f66890ba31591e3df70ba9972c45733f0819036a00297d138d832ea51f3,4646,31,downloaded,
56,48_121_0034,Denton Airport South C56/A163/X157,2024-08,88101,24hr,maximum|average|standard_deviation,cams_0056/cams_0056_2024-08_pm25.csv,https://www.tceq.texas.gov/cgi-bin/compliance/monops/monthly_summary.pl,2026-09-09 18:34:08 UTC,aec7f9ed4897ad6ea5bfb143415de4cc4db2dee8cc119ec35edfc2b1a87cce45,4492,31,downloaded,
56,48_121_0034,Denton Airport South C56/A163/X157,2024-09,88101,24hr,maximum|average|standard_deviation,cams_0056/cams_0056_2024-09_pm25.csv,https://www.tceq.texas.gov/cgi-bin/compliance/monops/monthly_summary.pl,2026-09-09 18:34:09 UTC,d0a2a400a6b88351b75aa963fee95e618a01ad5ebe1d674f62d5be8c385c142a,4321,30,downloaded,
56,48_121_0034,Denton Airport South C56/A163/X157,2024-10,88101,24hr,maximum|average|standard_deviation,cams_0056/cams_0056_2024-10_pm25.csv,https://www.tceq.texas.gov/cgi-bin/compliance/monops/monthly_summary.pl,2026-09-09 18:34:11 UTC,f6528f01dd356c370f5a98e9e561828456109ad8a0f984bd0beb8b1edb90ef0b,4441,31,downloaded,
56,48_121_0034,Denton Airport South C56/A163/X157,2024-11,88101,24hr,maximum|average|standard_deviation,cams_0056/cams_0056_2024-11_pm25.csv,https://www.tceq.texas.gov/cgi-bin/compliance/monops/monthly_summary.pl,2026-09-09 18:34:12 UTC,6272af451ece99b75aff012f63373e798e7c3fd906356f057697615e0303d270,4260,30,downloaded,
56,48_121_0034,Denton Airport South C56/A163/X157,2024-12,88101,24hr,maximum|average|standard_deviation,cams_0056/cams_0056_2024-12_pm25.csv,https://www.tceq.texas.gov/cgi-bin/compliance/monops/monthly_summary.pl,2026-09-09 18:34:13 UTC,6257bce5ba1428c16d665ce548f02eceb9a507adfafd1f9ec160d6653f44e58a,4384,31,downloaded,
56,48_121_0034,Denton Airport South C56/A163/X157,2025-01,88101,24hr,maximum|average|standard_deviation,cams_0056/cams_0056_2025-01_pm25.csv,https://www.tceq.texas.gov/cgi-bin/compliance/monops/monthly_summary.pl,2026-09-09 18:34:15 UTC,9bef0ca679cf57a92a59b144a3479eec8a12a3ec94954b82e65c49fbe105c040,4412,31,downloaded,
56,48_121_0034,Denton Airport South C56/A163/X157,2025-02,88101,24hr,maximum|average|standard_deviation,cams_0056/cams_0056_2025-02_pm25.csv,https://www.tceq.texas.gov/cgi-bin/compliance/monops/monthly_summary.pl,2026-09-09 18:34:16 UTC,92c4bd0bbc5f3c9f863c000d2b08101a54e76d0e5081f65456cabf4eef17508e,4024,28,downloaded,
56,48_121_0034,Denton Airport South C56/A163/X157,2025-03,88101,24hr,maximum|average|standard_deviation,cams_0056/cams_0056_2025-03_pm25.csv,https://www.tceq.texas.gov/cgi-bin/compliance/monops/monthly_summary.pl,2026-09-09 18:34:17 UTC,37633db6a44afd966fb570b7b42393b11f131a87b989f4caa2862ef4caaf035f,4438,31,downloaded,
56,48_121_0034,Denton Airport South C56/A163/X157,2025-04,88101,24hr,maximum|average|standard_deviation,cams_0056/cams_0056_2025-04_pm25.csv,https://www.tceq.texas.gov/cgi-bin/compliance/monops/monthly_summary.pl,2026-09-09 18:34:18 UTC,38e032abf62ffb7b0cae3580d1b1f3a5ae8481a59fd14d398b8db0ef83faf848,4343,30,downloaded,
56,48_121_0034,Denton Airport South C56/A163/X157,2025-05,88101,24hr,maximum|average|standard_deviation,cams_0056/cams_0056_2025-05_pm25.csv,https://www.tceq.texas.gov/cgi-bin/compliance/monops/monthly_summary.pl,2026-09-09 18:34:20 UTC,7f7111d0a80484fa84f6f0ced7445512419691a7a74ead7e76df34cf1be0fe26,4404,31,downloaded,
56,48_121_0034,Denton Airport South C56/A163/X157,2025-06,88101,24hr,maximum|average|standard_deviation,cams_0056/cams_0056_2025-06_pm25.csv,https://www.tceq.texas.gov/cgi-bin/compliance/monops/monthly_summary.pl,2026-09-09 18:34:21 UTC,53f4180855cd0f4a00a1a88091fa1d458cbb1bb696792d743f472efe1eac26ba,4412,30,downloaded,
56,48_121_0034,Denton Airport South C56/A163/X157,2025-07,88101,24hr,maximum|average|standard_deviation,cams_0056/cams_0056_2025-07_pm25.csv,https://www.tceq.texas.gov/cgi-bin/compliance/monops/monthly_summary.pl,2026-09-09 18:34:22 UTC,2aad9859695dcc1efd42b07cbc6562655065cf7ed3e64f65dcd5a052c2208407,4663,31,downloaded,
56,48_121_0034,Denton Airport South C56/A163/X157,2025-08,88101,24hr,maximum|average|standard_deviation,cams_0056/cams_0056_2025-08_pm25.csv,https://www.tceq.texas.gov/cgi-bin/compliance/monops/monthly_summary.pl,2026-09-09 18:34:24 UTC,0016c3dfb6ad656b6add6899ceec8befbf220d3b66526e9ea1e00e1c088c2c6a,4641,31,downloaded,
56,48_121_0034,Denton Airport South C56/A163/X157,2025-09,88101,24hr,maximum|average|standard_deviation,cams_0056/cams_0056_2025-09_pm25.csv,https://www.tceq.texas.gov/cgi-bin/compliance/monops/monthly_summary.pl,2026-09-09 18:34:25 UTC,7bedf55034c44bdb2d286dec4162197fd1b9e6a7b26d1bb365ec2446d2fc743a,4518,30,downloaded,
56,48_121_0034,Denton Airport South C56/A163/X157,2025-10,88101,24hr,maximum|average|standard_deviation,cams_0056/cams_0056_2025-10_pm25.csv,https://www.tceq.texas.gov/cgi-bin/compliance/monops/monthly_summary.pl,2026-09-09 18:34:26 UTC,311727fcbe4dcea6d8abd3d13d7bd925098647cc2c6208fe6b48bcd86604652a,4536,31,downloaded,
56,48_121_0034,Denton Airport South C56/A163/X157,2025-11,88101,24hr,maximum|average|standard_deviation,cams_0056/cams_0056_2025-11_pm25.csv,https://www.tceq.texas.gov/cgi-bin/compliance/monops/monthly_summary.pl,2026-09-09 18:34:28 UTC,f4d9e87db0228400fd0dab1c539f78a2e212c7634a622eec3829002d0f7fe3d9,4269,30,downloaded,
56,48_121_0034,Denton Airport South C56/A163/X157,2025-12,88101,24hr,maximum|average|standard_deviation,cams_0056/cams_0056_2025-12_pm25.csv,https://www.tceq.texas.gov/cgi-bin/compliance/monops/monthly_summary.pl,2026-09-09 18:34:29 UTC,ce0be1fdad31e58844000f00ff026597b76409c56ca3e39bc293cd90c89f969a,4475,31,downloaded,
56,48_121_0034,Denton Airport South C56/A163/X157,2026-01,88101,24hr,maximum|average|standard_deviation,cams_0056/cams_0056_2026-01_pm25.csv,https://www.tceq.texas.gov/cgi-bin/compliance/monops/monthly_summary.pl,2026-09-09 18:34:30 UTC,07477d051e02ae3e6742c0561b25560f0da28a8111b7ff0abc2ec01760986aef,4396,31,downloaded,
56,48_121_0034,Denton Airport South C56/A163/X157,2026-02,88101,24hr,maximum|average|standard_deviation,cams_0056/cams_0056_2026-02_pm25.csv,https://www.tceq.texas.gov/cgi-bin/compliance/monops/monthly_summary.pl,2026-09-09 18:34:31 UTC,c5581fc33785f529cafb94b8da78c16578d81760f37e17fb65d69478c87ee54d,4111,28,downloaded,
56,48_121_0034,Denton Airport South C56/A163/X157,2026-03,88101,24hr,maximum|average|standard_deviation,cams_0056/cams_0056_2026-03_pm25.csv,https://www.tceq.texas.gov/cgi-bin/compliance/monops/monthly_summary.pl,2026-09-09 18:34:33 UTC,7539a4a9059fc53b959b6669141429256ad8835b3361dc243f5425efa2ea5acf,4262,31,downloaded,
56,48_121_0034,Denton Airport South C56/A163/X157,2026-04,88101,24hr,maximum|average|standard_deviation,cams_0056/cams_0056_2026-04_pm25.csv,https://www.tceq.texas.gov/cgi-bin/compliance/monops/monthly_summary.pl,2026-09-09 18:34:34 UTC,210ce3b159a2005febdfcec39015e4c153fe49e5556704d6b1b872e0caacd76c,4352,30,downloaded,
56,48_121_0034,Denton Airport South C56/A163/X157,2026-05,88101,24hr,maximum|average|standard_deviation,cams_0056/cams_0056_2026-05_pm25.csv,https://www.tceq.texas.gov/cgi-bin/compliance/monops/monthly_summary.pl,2026-09-09 18:34:35 UTC,30ced030ce14a1aa68f7f23cb82e7d44a077b2bafeeacf067d54142b75df7ca8,4453,31,downloaded,
56,48_121_0034,Denton Airport South C56/A163/X157,2026-06,88101,24hr,maximum|average|standard_deviation,cams_0056/cams_0056_2026-06_pm25.csv,https://www.tceq.texas.gov/cgi-bin/compliance/monops/monthly_summary.pl,2026-09-09 18:34:36 UTC,4b2e9d8c5581ff69025a0bcf7f1f8e01108cd1bbc4df5d0e2785840c45e2cbbe,4439,30,downloaded,
56,48_121_0034,Denton Airport South C56/A163/X157,2026-07,88101,24hr,maximum|average|standard_deviation,cams_0056/cams_0056_2026-07_pm25.csv,https://www.tceq.texas.gov/cgi-bin/compliance/monops/monthly_summary.pl,2026-09-09 18:34:38 UTC,e51839fdf1fcee664ee3f376035f018d24f60f3964a85232c31e3bf34d4b398c,4683,31,downloaded,
56,48_121_0034,Denton Airport South C56/A163/X157,2026-08,88101,24hr,maximum|average|standard_deviation,cams_0056/cams_0056_2026-08_pm25.csv,https://www.tceq.texas.gov/cgi-bin/compliance/monops/monthly_summary.pl,2026-09-09 18:34:39 UTC,45de9bb403f8c8b7e72e689fe063253f5b7429d50e4837068847666fde264ebe,4702,31,downloaded,
94,48_139_0015,Midlothian Tower C94/A305/X158,2000-01,88101,24hr,maximum|average|standard_deviation,cams_0094/cams_0094_2000-01_pm25.csv,https://www.tceq.texas.gov/cgi-bin/compliance/monops/monthly_summary.pl,2026-09-09 18:34:40 UTC,ce25448e72b0d39f97f4049e4dfc12dcd4cfd56b7b96f3f5d1b8597abf3e3f74,4126,31,downloaded,
94,48_139_0015,Midlothian Tower C94/A305/X158,2000-02,88101,24hr,maximum|average|standard_deviation,cams_0094/cams_0094_2000-02_pm25.csv,https://www.tceq.texas.gov/cgi-bin/compliance/monops/monthly_summary.pl,2026-09-09 18:34:41 UTC,5669d75582c75244e7790fd58377b4890de8fad0650aca60bc380368f1f13598,4248,29,downloaded,
94,48_139_0015,Midlothian Tower C94/A305/X158,2000-03,88101,24hr,maximum|average|standard_deviation,cams_0094/cams_0094_2000-03_pm25.csv,https://www.tceq.texas.gov/cgi-bin/compliance/monops/monthly_summary.pl,2026-09-09 18:34:42 UTC,bb61249457b3e97581768ef2fd5c7ca973b849dba6280c7ed96ba63c1807a296,4394,31,downloaded,
94,48_139_0015,Midlothian Tower C94/A305/X158,2000-04,88101,24hr,maximum|average|standard_deviation,cams_0094/cams_0094_2000-04_pm25.csv,https://www.tceq.texas.gov/cgi-bin/compliance/monops/monthly_summary.pl,2026-09-09 18:34:44 UTC,289993d3df55edd3e6cd113c567a0c474a2250fb6d81a5bda60f148617a16473,4356,30,downloaded,
94,48_139_0015,Midlothian Tower C94/A305/X158,2000-05,88101,24hr,maximum|average|standard_deviation,cams_0094/cams_0094_2000-05_pm25.csv,https://www.tceq.texas.gov/cgi-bin/compliance/monops/monthly_summary.pl,2026-09-09 18:34:45 UTC,9a471349e11ba2535fda10cbfcc66b74959eae465892112f1d1dd5ccf18c3e1c,4512,31,downloaded,
94,48_139_0015,Midlothian Tower C94/A305/X158,2000-06,88101,24hr,maximum|average|standard_deviation,cams_0094/cams_0094_2000-06_pm25.csv,https://www.tceq.texas.gov/cgi-bin/compliance/monops/monthly_summary.pl,2026-09-09 18:34:46 UTC,1b7acde5cb85904e02cada91c84b5ab12fb8856c763f7b6879635a534b24326f,4376,30,downloaded,
94,48_139_0015,Midlothian Tower C94/A305/X158,2000-07,88101,24hr,maximum|average|standard_deviation,cams_0094/cams_0094_2000-07_pm25.csv,https://www.tceq.texas.gov/cgi-bin/compliance/monops/monthly_summary.pl,2026-09-09 18:34:47 UTC,7475fcf0962a04a5e76d97aeef15825ad427e989dcb0787d0ae10db0ded0c1b2,4615,31,downloaded,
94,48_139_0015,Midlothian Tower C94/A305/X158,2000-08,88101,24hr,maximum|average|standard_deviation,cams_0094/cams_0094_2000-08_pm25.csv,https://www.tceq.texas.gov/cgi-bin/compliance/monops/monthly_summary.pl,2026-09-09 18:34:48 UTC,be60b658dd7ed6b83c141721c05e643d88af1be44275c26b16197558da6c6c2b,4549,31,downloaded,
94,48_139_0015,Midlothian Tower C94/A305/X158,2000-09,88101,24hr,maximum|average|standard_deviation,cams_0094/cams_0094_2000-09_pm25.csv,https://www.tceq.texas.gov/cgi-bin/compliance/monops/monthly_summary.pl,2026-09-09 18:34:49 UTC,ee7e5203079e0c7eaa0395210b64f8e82ec1e6be705ff4f6f52589a9a26b83ae,4411,30,downloaded,
94,48_139_0015,Midlothian Tower C94/A305/X158,2000-10,88101,24hr,maximum|average|standard_deviation,cams_0094/cams_0094_2000-10_pm25.csv,https://www.tceq.texas.gov/cgi-bin/compliance/monops/monthly_summary.pl,2026-09-09 18:34:50 UTC,ac7376fdfdc28b93c71a6f2e342d93b972977fd5e839e1881873a04d5fee7916,4461,31,downloaded,
94,48_139_0015,Midlothian Tower C94/A305/X158,2000-11,88101,24hr,maximum|average|standard_deviation,cams_0094/cams_0094_2000-11_pm25.csv,https://www.tceq.texas.gov/cgi-bin/compliance/monops/monthly_summary.pl,2026-09-09 18:34:51 UTC,597be5b4b6d7915f1fff829b76163af898620489f1270b4d5a45a7e5282071af,4179,30,downloaded,
94,48_139_0015,Midlothian Tower C94/A305/X158,2000-12,88101,24hr,maximum|average|standard_deviation,cams_0094/cams_0094_2000-12_pm25.csv,https://www.tceq.texas.gov/cgi-bin/compliance/monops/monthly_summary.pl,2026-09-09 18:34:52 UTC,8f17b68bb0f4c0f1bb9a60eb4fa04031a89edf2d147025f324a828170e801c9a,4339,31,downloaded,
94,48_139_0015,Midlothian Tower C94/A305/X158,2001-01,88101,24hr,maximum|average|standard_deviation,cams_0094/cams_0094_2001-01_pm25.csv,https://www.tceq.texas.gov/cgi-bin/compliance/monops/monthly_summary.pl,2026-09-09 18:34:54 UTC,93977cafd433532e5459710293774e326e505bd8a0f84023433705b7a4ea1228,4344,31,downloaded,
94,48_139_0015,Midlothian Tower C94/A305/X158,2001-02,88101,24hr,maximum|average|standard_deviation,cams_0094/cams_0094_2001-02_pm25.csv,https://www.tceq.texas.gov/cgi-bin/compliance/monops/monthly_summary.pl,2026-09-09 18:34:55 UTC,5d01b2fc8018df416ba468013812b0cbc1becb15412b839ca176df181cf3b552,3961,28,downloaded,
94,48_139_0015,Midlothian Tower C94/A305/X158,2001-03,88101,24hr,maximum|average|standard_deviation,cams_0094/cams_0094_2001-03_pm25.csv,https://www.tceq.texas.gov/cgi-bin/compliance/monops/monthly_summary.pl,2026-09-09 18:34:56 UTC,554a755f1c939e092836804164664f0a4c91787af56b899fe448452463a5450f,4332,31,downloaded,
94,48_139_0015,Midlothian Tower C94/A305/X158,2001-04,88101,24hr,maximum|average|standard_deviation,cams_0094/cams_0094_2001-04_pm25.csv,https://www.tceq.texas.gov/cgi-bin/compliance/monops/monthly_summary.pl,2026-09-09 18:34:57 UTC,990186ccb916fa1f6a5e4aabe7b5f72f1d9837eee11932d13126160ef369ec93,4559,30,downloaded,
94,48_139_0015,Midlothian Tower C94/A305/X158,2001-05,88101,24hr,maximum|average|standard_deviation,cams_0094/cams_0094_2001-05_pm25.csv,https://www.tceq.texas.gov/cgi-bin/compliance/monops/monthly_summary.pl,2026-09-09 18:34:58 UTC,e94c19194b93c234f8e82c6c2d19784574d9cb82c233c901b8ba9c88c0d6f791,4492,31,downloaded,
94,48_139_0015,Midlothian Tower C94/A305/X158,2001-06,88101,24hr,maximum|average|standard_deviation,cams_0094/cams_0094_2001-06_pm25.csv,https://www.tceq.texas.gov/cgi-bin/compliance/monops/monthly_summary.pl,2026-09-09 18:35:00 UTC,3cb50a5c381d8ef65b6f172dd6b126abd42d756c0d69c5ccdbf9affcdb46ffb0,4413,30,downloaded,
94,48_139_0015,Midlothian Tower C94/A305/X158,2001-07,88101,24hr,maximum|average|standard_deviation,cams_0094/cams_0094_2001-07_pm25.csv,https://www.tceq.texas.gov/cgi-bin/compliance/monops/monthly_summary.pl,2026-09-09 18:35:01 UTC,b96c43a37476d997b3d22a796ccbcb1c736749555910c3bcdc5e837c8563858d,4642,31,downloaded,
94,48_139_0015,Midlothian Tower C94/A305/X158,2001-08,88101,24hr,maximum|average|standard_deviation,cams_0094/cams_0094_2001-08_pm25.csv,https://www.tceq.texas.gov/cgi-bin/compliance/monops/monthly_summary.pl,2026-09-09 18:35:02 UTC,c8b91d62248f17cd4a2a3155b2fda13282e215b2b0662dcadd7e5c1f5106789b,4524,31,downloaded,
94,48_139_0015,Midlothian Tower C94/A305/X158,2001-09,88101,24hr,maximum|average|standard_deviation,cams_0094/cams_0094_2001-09_pm25.csv,https://www.tceq.texas.gov/cgi-bin/compliance/monops/monthly_summary.pl,2026-09-09 18:35:03 UTC,1f2d428796d470d335886a912e0eb8b66f4e9e385117bd30d5e113f155ae156f,4439,30,downloaded,
94,48_139_0015,Midlothian Tower C94/A305/X158,2001-10,88101,24hr,maximum|average|standard_deviation,cams_0094/cams_0094_2001-10_pm25.csv,https://www.tceq.texas.gov/cgi-bin/compliance/monops/monthly_summary.pl,2026-09-09 18:35:05 UTC,ce0344c0c7a94614d2c09ec35922cdc1347e8fcb27c5fae61ec982a449cecbde,4389,31,downloaded,
94,48_139_0015,Midlothian Tower C94/A305/X158,2001-11,88101,24hr,maximum|average|standard_deviation,cams_0094/cams_0094_2001-11_pm25.csv,https://www.tceq.texas.gov/cgi-bin/compliance/monops/monthly_summary.pl,2026-09-09 18:35:06 UTC,e3d229f0c5ffe6c6fe46b8f97c86f704f7b402b115227c489ada5abe44d3bea4,4405,30,downloaded,
94,48_139_0015,Midlothian Tower C94/A305/X158,2001-12,88101,24hr,maximum|average|standard_deviation,cams_0094/cams_0094_2001-12_pm25.csv,https://www.tceq.texas.gov/cgi-bin/compliance/monops/monthly_summary.pl,2026-09-09 18:35:07 UTC,55cc9babeed749aef478ea8ce63d69883cf02fd460614875cd329e2f507475c5,4276,31,downloaded,
94,48_139_0015,Midlothian Tower C94/A305/X158,2002-01,88101,24hr,maximum|average|standard_deviation,cams_0094/cams_0094_2002-01_pm25.csv,https://www.tceq.texas.gov/cgi-bin/compliance/monops/monthly_summary.pl,2026-09-09 18:35:08 UTC,7260ea36e6b5ee65885c8106fa379120cad39056b675d9ca6f0284a5b238554a,4289,31,downloaded,
94,48_139_0015,Midlothian Tower C94/A305/X158,2002-02,88101,24hr,maximum|average|standard_deviation,cams_0094/cams_0094_2002-02_pm25.csv,https://www.tceq.texas.gov/cgi-bin/compliance/monops/monthly_summary.pl,2026-09-09 18:35:09 UTC,a8f629674a635a39035a07aa2bb63ded42ca873a5fb617343b9d4147a6f8bd20,3944,28,downloaded,
94,48_139_0015,Midlothian Tower C94/A305/X158,2002-03,88101,24hr,maximum|average|standard_deviation,cams_0094/cams_0094_2002-03_pm25.csv,https://www.tceq.texas.gov/cgi-bin/compliance/monops/monthly_summary.pl,2026-09-09 18:35:11 UTC,98c446e18514c5a5c0f9fcb76bb8b00f62c6c6a1a99ef7de1087f8f4db2d9da2,4454,31,downloaded,
94,48_139_0015,Midlothian Tower C94/A305/X158,2002-04,88101,24hr,maximum|average|standard_deviation,cams_0094/cams_0094_2002-04_pm25.csv,https://www.tceq.texas.gov/cgi-bin/compliance/monops/monthly_summary.pl,2026-09-09 18:35:12 UTC,56cbaeb9cb0bf6b77d0ebd2df64273c47e2c2971709d08f7f2bae6ae66424106,4431,30,downloaded,
94,48_139_0015,Midlothian Tower C94/A305/X158,2002-05,88101,24hr,maximum|average|standard_deviation,cams_0094/cams_0094_2002-05_pm25.csv,https://www.tceq.texas.gov/cgi-bin/compliance/monops/monthly_summary.pl,2026-09-09 18:35:13 UTC,e32dc976b16de6e75d2918695d0f6ec5405cd6452c8e7706a7b2e8cbf6426221,4567,31,downloaded,
94,48_139_0015,Midlothian Tower C94/A305/X158,2002-06,88101,24hr,maximum|average|standard_deviation,cams_0094/cams_0094_2002-06_pm25.csv,https://www.tceq.texas.gov/cgi-bin/compliance/monops/monthly_summary.pl,2026-09-09 18:35:14 UTC,772bfce8b77481a08833c2d36d6c18d04d0531aa73234d335d4844abc5991614,4401,30,downloaded,
94,48_139_0015,Midlothian Tower C94/A305/X158,2002-07,88101,24hr,maximum|average|standard_deviation,cams_0094/cams_0094_2002-07_pm25.csv,https://www.tceq.texas.gov/cgi-bin/compliance/monops/monthly_summary.pl,2026-09-09 18:35:15 UTC,1b804bfcda510190d762f7bbcd3a91cc7ee88426c928d95fe2b1e1f3513e4e5b,4510,31,downloaded,
94,48_139_0015,Midlothian Tower C94/A305/X158,2002-08,88101,24hr,maximum|average|standard_deviation,cams_0094/cams_0094_2002-08_pm25.csv,https://www.tceq.texas.gov/cgi-bin/compliance/monops/monthly_summary.pl,2026-09-09 18:35:17 UTC,cdd1e89e98e5c92ccb0459577677b64fbf471d45a9f2a2a643e4249be8777ac4,4637,31,downloaded,
94,48_139_0015,Midlothian Tower C94/A305/X158,2002-09,88101,24hr,maximum|average|standard_deviation,cams_0094/cams_0094_2002-09_pm25.csv,https://www.tceq.texas.gov/cgi-bin/compliance/monops/monthly_summary.pl,2026-09-09 18:35:18 UTC,0ad7a7030e8b3be3383b915a2e83065d75bee7ccfb63a7c66f4366913e167fb0,4533,30,downloaded,
94,48_139_0015,Midlothian Tower C94/A305/X158,2002-10,88101,24hr,maximum|average|standard_deviation,cams_0094/cams_0094_2002-10_pm25.csv,https://www.tceq.texas.gov/cgi-bin/compliance/monops/monthly_summary.pl,2026-09-09 18:35:19 UTC,5a20c0face82a2651e5123efc38f5c64a51cf51d92004ca0fd2f67e3ff847fdf,4387,31,downloaded,
94,48_139_0015,Midlothian Tower C94/A305/X158,2002-11,88101,24hr,maximum|average|standard_deviation,cams_0094/cams_0094_2002-11_pm25.csv,https://www.tceq.texas.gov/cgi-bin/compliance/monops/monthly_summary.pl,2026-09-09 18:35:20 UTC,b960ad6cb92ce93a355b59ce0ebe66c374826989a1e38020074d1566e3478e41,4124,30,downloaded,
94,48_139_0015,Midlothian Tower C94/A305/X158,2002-12,88101,24hr,maximum|average|standard_deviation,cams_0094/cams_0094_2002-12_pm25.csv,https://www.tceq.texas.gov/cgi-bin/compliance/monops/monthly_summary.pl,2026-09-09 18:35:21 UTC,1ea49fb7542c7ffa375a2fc376003092b4a19101f0b12033f62ac62454e5224f,4313,31,downloaded,
94,48_139_0015,Midlothian Tower C94/A305/X158,2003-01,88101,24hr,maximum|average|standard_deviation,cams_0094/cams_0094_2003-01_pm25.csv,https://www.tceq.texas.gov/cgi-bin/compliance/monops/monthly_summary.pl,2026-09-09 18:35:23 UTC,9f2cd8bca266d29aa83b96022ea10c3d70122ea96d04c9649e0daf4281c53747,4340,31,downloaded,
94,48_139_0015,Midlothian Tower C94/A305/X158,2003-02,88101,24hr,maximum|average|standard_deviation,cams_0094/cams_0094_2003-02_pm25.csv,https://www.tceq.texas.gov/cgi-bin/compliance/monops/monthly_summary.pl,2026-09-09 18:35:24 UTC,6a2eb247d32fa1bcb50f40f6206d133384df5663012c12a2d104c57496cf5cdc,3979,28,downloaded,
94,48_139_0015,Midlothian Tower C94/A305/X158,2003-03,88101,24hr,maximum|average|standard_deviation,cams_0094/cams_0094_2003-03_pm25.csv,https://www.tceq.texas.gov/cgi-bin/compliance/monops/monthly_summary.pl,2026-09-09 18:35:25 UTC,f5adaaf8c4e5e81ea03475e31e729ed22ad77480ef04c64a35ae5c4d862fa3fa,4493,31,downloaded,
94,48_139_0015,Midlothian Tower C94/A305/X158,2003-04,88101,24hr,maximum|average|standard_deviation,cams_0094/cams_0094_2003-04_pm25.csv,https://www.tceq.texas.gov/cgi-bin/compliance/monops/monthly_summary.pl,2026-09-09 18:35:26 UTC,f0544c4c6a40ceaacd4136250e952759793effcb000fc8d42326a895fd195ef3,4320,30,downloaded,
94,48_139_0015,Midlothian Tower C94/A305/X158,2003-05,88101,24hr,maximum|average|standard_deviation,cams_0094/cams_0094_2003-05_pm25.csv,https://www.tceq.texas.gov/cgi-bin/compliance/monops/monthly_summary.pl,2026-09-09 18:35:27 UTC,d3cafc4fc9ec69d1ac0b3475d2768c574eaad18d960c057c5ce6b1fce85089b7,4755,31,downloaded,
94,48_139_0015,Midlothian Tower C94/A305/X158,2003-06,88101,24hr,maximum|average|standard_deviation,cams_0094/cams_0094_2003-06_pm25.csv,https://www.tceq.texas.gov/cgi-bin/compliance/monops/monthly_summary.pl,2026-09-09 18:35:28 UTC,f14ffae59dbdb907fc97d9503fe8fc609d57e34cbe53ad0e874534f1c2799b54,4381,30,downloaded,
94,48_139_0015,Midlothian Tower C94/A305/X158,2003-07,88101,24hr,maximum|average|standard_deviation,cams_0094/cams_0094_2003-07_pm25.csv,https://www.tceq.texas.gov/cgi-bin/compliance/monops/monthly_summary.pl,2026-09-09 18:35:30 UTC,fd23bfee8d1a07ddfaf6c4e7e1cf7f3dc4afd0f7c404a36e939155cee28bfd01,4617,31,downloaded,
94,48_139_0015,Midlothian Tower C94/A305/X158,2003-08,88101,24hr,maximum|average|standard_deviation,cams_0094/cams_0094_2003-08_pm25.csv,https://www.tceq.texas.gov/cgi-bin/compliance/monops/monthly_summary.pl,2026-09-09 18:35:31 UTC,be586220cd325416db6a3aa066afe9e8f4d5f92fc479b7c4fba3487553ee0d00,4660,31,downloaded,
94,48_139_0015,Midlothian Tower C94/A305/X158,2003-09,88101,24hr,maximum|average|standard_deviation,cams_0094/cams_0094_2003-09_pm25.csv,https://www.tceq.texas.gov/cgi-bin/compliance/monops/monthly_summary.pl,2026-09-09 18:35:32 UTC,079026858772a2ee4246061f4d4af507347f4992f481041b3a9c07ee4e45aa38,4443,30,downloaded,
94,48_139_0015,Midlothian Tower C94/A305/X158,2003-10,88101,24hr,maximum|average|standard_deviation,cams_0094/cams_0094_2003-10_pm25.csv,https://www.tceq.texas.gov/cgi-bin/compliance/monops/monthly_summary.pl,2026-09-09 18:35:33 UTC,a9b32a4b15cc7cd4134746bd81b5d9925a2e68db1ac2264b1c459e2db9fa5d21,4482,31,downloaded,
94,48_139_0015,Midlothian Tower C94/A305/X158,2003-11,88101,24hr,maximum|average|standard_deviation,cams_0094/cams_0094_2003-11_pm25.csv,https://www.tceq.texas.gov/cgi-bin/compliance/monops/monthly_summary.pl,2026-09-09 18:35:34 UTC,2735a719caf3c27be53286935e40edd213217987bc69a47ef795c410da2f7f27,4199,30,downloaded,
94,48_139_0015,Midlothian Tower C94/A305/X158,2003-12,88101,24hr,maximum|average|standard_deviation,cams_0094/cams_0094_2003-12_pm25.csv,https://www.tceq.texas.gov/cgi-bin/compliance/monops/monthly_summary.pl,2026-09-09 18:35:36 UTC,159ccef7391139ec39d9f2ab299582d0a8abfbad1c812ff019a5eb9db3f29f30,4313,31,downloaded,
94,48_139_0015,Midlothian Tower C94/A305/X158,2004-01,88101,24hr,maximum|average|standard_deviation,cams_0094/cams_0094_2004-01_pm25.csv,https://www.tceq.texas.gov/cgi-bin/compliance/monops/monthly_summary.pl,2026-09-09 18:35:37 UTC,4527638e02906665bbcc8b9912d47ffa173fab7413b5c0f7596848de788290dd,4378,31,downloaded,
94,48_139_0015,Midlothian Tower C94/A305/X158,2004-02,88101,24hr,maximum|average|standard_deviation,cams_0094/cams_0094_2004-02_pm25.csv,https://www.tceq.texas.gov/cgi-bin/compliance/monops/monthly_summary.pl,2026-09-09 18:35:38 UTC,6589dd92dc5f1126e5e4c8ce8c0b64504a0d369816a5a7dbcccb9f00145184d8,4252,29,downloaded,
94,48_139_0015,Midlothian Tower C94/A305/X158,2004-03,88101,24hr,maximum|average|standard_deviation,cams_0094/cams_0094_2004-03_pm25.csv,https://www.tceq.texas.gov/cgi-bin/compliance/monops/monthly_summary.pl,2026-09-09 18:35:39 UTC,396084ecca102278d493d2f489edf43793048e0b9eb1e68b753490f1788f2011,4384,31,downloaded,
94,48_139_0015,Midlothian Tower C94/A305/X158,2004-04,88101,24hr,maximum|average|standard_deviation,cams_0094/cams_0094_2004-04_pm25.csv,https://www.tceq.texas.gov/cgi-bin/compliance/monops/monthly_summary.pl,2026-09-09 18:35:40 UTC,f4e7929d7acd98491fe10e2f407634278865b2d38330f2ed4481242d9d97760b,4315,30,downloaded,
94,48_139_0015,Midlothian Tower C94/A305/X158,2004-05,88101,24hr,maximum|average|standard_deviation,cams_0094/cams_0094_2004-05_pm25.csv,https://www.tceq.texas.gov/cgi-bin/compliance/monops/monthly_summary.pl,2026-09-09 18:35:41 UTC,c3f3f471d31f3c7501d83c8788ac9d48ebf25691b4fdc7f9a7027a581b3ec947,4429,31,downloaded,
94,48_139_0015,Midlothian Tower C94/A305/X158,2004-06,88101,24hr,maximum|average|standard_deviation,cams_0094/cams_0094_2004-06_pm25.csv,https://www.tceq.texas.gov/cgi-bin/compliance/monops/monthly_summary.pl,2026-09-09 18:35:43 UTC,2a29ac179fdebd2d5432a31dfdb60a91c338c0eee634691e7f337b38999276ca,4268,30,downloaded,
94,48_139_0015,Midlothian Tower C94/A305/X158,2004-07,88101,24hr,maximum|average|standard_deviation,cams_0094/cams_0094_2004-07_pm25.csv,https://www.tceq.texas.gov/cgi-bin/compliance/monops/monthly_summary.pl,2026-09-09 18:35:44 UTC,34e123b8d2af6c3a3042beb27ac5c699057f56836bcf5399972ec5434ea016b2,4599,31,downloaded,
94,48_139_0015,Midlothian Tower C94/A305/X158,2004-08,88101,24hr,maximum|average|standard_deviation,cams_0094/cams_0094_2004-08_pm25.csv,https://www.tceq.texas.gov/cgi-bin/compliance/monops/monthly_summary.pl,2026-09-09 18:35:45 UTC,b98d7df143c6629bc81def21f2247614ccac01de46fc9ab1e0fff8c37888afd1,4625,31,downloaded,
94,48_139_0015,Midlothian Tower C94/A305/X158,2004-09,88101,24hr,maximum|average|standard_deviation,cams_0094/cams_0094_2004-09_pm25.csv,https://www.tceq.texas.gov/cgi-bin/compliance/monops/monthly_summary.pl,2026-09-09 18:35:46 UTC,1b99de9c8fd014ac97f95ba575e9bff6dd896dfd116013a412e81d9f23b21103,4582,30,downloaded,
94,48_139_0015,Midlothian Tower C94/A305/X158,2004-10,88101,24hr,maximum|average|standard_deviation,cams_0094/cams_0094_2004-10_pm25.csv,https://www.tceq.texas.gov/cgi-bin/compliance/monops/monthly_summary.pl,2026-09-09 18:35:48 UTC,ccf86dea0238a8de07eab7bdcd257d11452e1bdf1e6fcc6681fab89be14bc1bd,4384,31,downloaded,
94,48_139_0015,Midlothian Tower C94/A305/X158,2004-11,88101,24hr,maximum|average|standard_deviation,cams_0094/cams_0094_2004-11_pm25.csv,https://www.tceq.texas.gov/cgi-bin/compliance/monops/monthly_summary.pl,2026-09-09 18:35:49 UTC,2ca8625c056a715fc4f975656155b614917c971bd9b22cdff2c2646b1ebd9fa8,4214,30,downloaded,
94,48_139_0015,Midlothian Tower C94/A305/X158,2004-12,88101,24hr,maximum|average|standard_deviation,cams_0094/cams_0094_2004-12_pm25.csv,https://www.tceq.texas.gov/cgi-bin/compliance/monops/monthly_summary.pl,2026-09-09 18:35:50 UTC,10c3044c9f572030bb6300d8eedddc9703530763ec49e0739cd995f108dbd864,4272,31,downloaded,
94,48_139_0015,Midlothian Tower C94/A305/X158,2005-01,88101,24hr,maximum|average|standard_deviation,cams_0094/cams_0094_2005-01_pm25.csv,https://www.tceq.texas.gov/cgi-bin/compliance/monops/monthly_summary.pl,2026-09-09 18:35:51 UTC,ea5a0490a45d82705b9befe9028404ef7b477cca5ec8a952c70c87b553ced74f,4426,31,downloaded,
94,48_139_0015,Midlothian Tower C94/A305/X158,2005-02,88101,24hr,maximum|average|standard_deviation,cams_0094/cams_0094_2005-02_pm25.csv,https://www.tceq.texas.gov/cgi-bin/compliance/monops/monthly_summary.pl,2026-09-09 18:35:52 UTC,fbc8f0d5e8932775d330388449e2ac910014f46fb6945ee3b55fa11660be5f88,4114,28,downloaded,
94,48_139_0015,Midlothian Tower C94/A305/X158,2005-03,88101,24hr,maximum|average|standard_deviation,cams_0094/cams_0094_2005-03_pm25.csv,https://www.tceq.texas.gov/cgi-bin/compliance/monops/monthly_summary.pl,2026-09-09 18:35:54 UTC,78cb9647efa77fee68d6e5a3492008ceb2f1335174b0787f85448873f4752627,4498,31,downloaded,
94,48_139_0015,Midlothian Tower C94/A305/X158,2005-04,88101,24hr,maximum|average|standard_deviation,cams_0094/cams_0094_2005-04_pm25.csv,https://www.tceq.texas.gov/cgi-bin/compliance/monops/monthly_summary.pl,2026-09-09 18:35:55 UTC,feba8bbba549ce08db00017ba867fb9baa12b8ff804a1a7cce338043088cce08,4495,30,downloaded,
94,48_139_0015,Midlothian Tower C94/A305/X158,2005-05,88101,24hr,maximum|average|standard_deviation,cams_0094/cams_0094_2005-05_pm25.csv,https://www.tceq.texas.gov/cgi-bin/compliance/monops/monthly_summary.pl,2026-09-09 18:35:56 UTC,057e20dbb4b1a9d704e0a382da4fe3ef95823880965eae2d300fdfd01da13d7d,4638,31,downloaded,
94,48_139_0015,Midlothian Tower C94/A305/X158,2005-06,88101,24hr,maximum|average|standard_deviation,cams_0094/cams_0094_2005-06_pm25.csv,https://www.tceq.texas.gov/cgi-bin/compliance/monops/monthly_summary.pl,2026-09-09 18:35:57 UTC,bdc8c42f7263878ba811b65991842ed256dc92f83a5951716ceae9ab8c32536c,4655,30,downloaded,
94,48_139_0015,Midlothian Tower C94/A305/X158,2005-07,88101,24hr,maximum|average|standard_deviation,cams_0094/cams_0094_2005-07_pm25.csv,https://www.tceq.texas.gov/cgi-bin/compliance/monops/monthly_summary.pl,2026-09-09 18:35:59 UTC,d85c763406fa7466fe69ab390b3e3802304789b5319246fc8a35db3dbb7b1510,4652,31,downloaded,
94,48_139_0015,Midlothian Tower C94/A305/X158,2005-08,88101,24hr,maximum|average|standard_deviation,cams_0094/cams_0094_2005-08_pm25.csv,https://www.tceq.texas.gov/cgi-bin/compliance/monops/monthly_summary.pl,2026-09-09 18:36:00 UTC,40ec4660be14a0d9f61acba7f32fc558397b1571b1e1fd6415b2195c8f214f7f,4668,31,downloaded,
94,48_139_0015,Midlothian Tower C94/A305/X158,2005-09,88101,24hr,maximum|average|standard_deviation,cams_0094/cams_0094_2005-09_pm25.csv,https://www.tceq.texas.gov/cgi-bin/compliance/monops/monthly_summary.pl,2026-09-09 18:36:01 UTC,815982f3e749d9cbf9d7f87f46be6eebeee018c06174e5b4e32e8bcb65ada21a,4618,30,downloaded,
94,48_139_0015,Midlothian Tower C94/A305/X158,2005-10,88101,24hr,maximum|average|standard_deviation,cams_0094/cams_0094_2005-10_pm25.csv,https://www.tceq.texas.gov/cgi-bin/compliance/monops/monthly_summary.pl,2026-09-09 18:36:02 UTC,f376d72980fbea3ea6f1f803f92e91f925158e540a9f7ac105ab28a4aaf6c887,4668,31,downloaded,
94,48_139_0015,Midlothian Tower C94/A305/X158,2005-11,88101,24hr,maximum|average|standard_deviation,cams_0094/cams_0094_2005-11_pm25.csv,https://www.tceq.texas.gov/cgi-bin/compliance/monops/monthly_summary.pl,2026-09-09 18:36:03 UTC,e96974ba00a41f5d3a035eb422e17bd4397c925c50177d788ff4fd8371b413b9,4298,30,downloaded,
94,48_139_0015,Midlothian Tower C94/A305/X158,2005-12,88101,24hr,maximum|average|standard_deviation,cams_0094/cams_0094_2005-12_pm25.csv,https://www.tceq.texas.gov/cgi-bin/compliance/monops/monthly_summary.pl,2026-09-09 18:36:05 UTC,1faabadc9f0cf24e008505b1389add02d8f6c6a44dcfcc4ad9deee3264019c47,4419,31,downloaded,
94,48_139_0015,Midlothian Tower C94/A305/X158,2006-01,88101,24hr,maximum|average|standard_deviation,cams_0094/cams_0094_2006-01_pm25.csv,https://www.tceq.texas.gov/cgi-bin/compliance/monops/monthly_summary.pl,2026-09-09 18:36:06 UTC,918ea35f90827469162aaf26bc9870309f52b90e4934cf0b3ad2e093177ccfc7,4361,31,downloaded,
94,48_139_0015,Midlothian Tower C94/A305/X158,2006-02,88101,24hr,maximum|average|standard_deviation,cams_0094/cams_0094_2006-02_pm25.csv,https://www.tceq.texas.gov/cgi-bin/compliance/monops/monthly_summary.pl,2026-09-09 18:36:07 UTC,d07072f13989107c22b69dd86bc44222b4122676c1aa101c4090f0ebc81d89c7,4088,28,downloaded,
94,48_139_0015,Midlothian Tower C94/A305/X158,2006-03,88101,24hr,maximum|average|standard_deviation,cams_0094/cams_0094_2006-03_pm25.csv,https://www.tceq.texas.gov/cgi-bin/compliance/monops/monthly_summary.pl,2026-09-09 18:36:08 UTC,0612fa0b0e83e42bd129be9b81bbca1e08cba40eb0fa3d2e788f1a1239592fbe,4694,31,downloaded,
94,48_139_0015,Midlothian Tower C94/A305/X158,2006-04,88101,24hr,maximum|average|standard_deviation,cams_0094/cams_0094_2006-04_pm25.csv,https://www.tceq.texas.gov/cgi-bin/compliance/monops/monthly_summary.pl,2026-09-09 18:36:09 UTC,3477767cda688b7963011562fa72486f8b1ed7f73ba0c1e16b2b33bb35b757bb,4594,30,downloaded,
94,48_139_0015,Midlothian Tower C94/A305/X158,2006-05,88101,24hr,maximum|average|standard_deviation,cams_0094/cams_0094_2006-05_pm25.csv,https://www.tceq.texas.gov/cgi-bin/compliance/monops/monthly_summary.pl,2026-09-09 18:36:11 UTC,b54218eaad52afa4457c8d2166fb8fb731573533e9886c17c18b0dfe3dace370,4580,31,downloaded,
94,48_139_0015,Midlothian Tower C94/A305/X158,2006-06,88101,24hr,maximum|average|standard_deviation,cams_0094/cams_0094_2006-06_pm25.csv,https://www.tceq.texas.gov/cgi-bin/compliance/monops/monthly_summary.pl,2026-09-09 18:36:12 UTC,4f323d4e256ea0b1339636b89ef8ff34acfb5047ce53587974986a96f62f79bc,4631,30,downloaded,
94,48_139_0015,Midlothian Tower C94/A305/X158,2006-07,88101,24hr,maximum|average|standard_deviation,cams_0094/cams_0094_2006-07_pm25.csv,https://www.tceq.texas.gov/cgi-bin/compliance/monops/monthly_summary.pl,2026-09-09 18:36:13 UTC,5d2147426e88691ece088e0daf03a47d4b1f44f957e12ff040b9aed000fc5a73,4646,31,downloaded,
94,48_139_0015,Midlothian Tower C94/A305/X158,2006-08,88101,24hr,maximum|average|standard_deviation,cams_0094/cams_0094_2006-08_pm25.csv,https://www.tceq.texas.gov/cgi-bin/compliance/monops/monthly_summary.pl,2026-09-09 18:36:14 UTC,a8d3a88604687f44e6d74f3f037cb6c407e31d158dab86b1a26a91df0bc2a68e,4670,31,downloaded,
94,48_139_0015,Midlothian Tower C94/A305/X158,2006-09,88101,24hr,maximum|average|standard_deviation,cams_0094/cams_0094_2006-09_pm25.csv,https://www.tceq.texas.gov/cgi-bin/compliance/monops/monthly_summary.pl,2026-09-09 18:36:15 UTC,c9e1485db0f0c7becc84b32fb3381d565c112f6d7244e51cfd33859ac9d49d19,4480,30,downloaded,
94,48_139_0015,Midlothian Tower C94/A305/X158,2006-10,88101,24hr,maximum|average|standard_deviation,cams_0094/cams_0094_2006-10_pm25.csv,https://www.tceq.texas.gov/cgi-bin/compliance/monops/monthly_summary.pl,2026-09-09 18:36:17 UTC,cb8fbd6907f9d715f54742dfb9a4ffa5423903ed4cb8240bcf8a10848fad60e6,4473,31,downloaded,
94,48_139_0015,Midlothian Tower C94/A305/X158,2006-11,88101,24hr,maximum|average|standard_deviation,cams_0094/cams_0094_2006-11_pm25.csv,https://www.tceq.texas.gov/cgi-bin/compliance/monops/monthly_summary.pl,2026-09-09 18:36:18 UTC,498773bea3bad507b55e88ab619c1304fdf5b36c74453c77cfc93ac36d118df1,4317,30,downloaded,
94,48_139_0015,Midlothian Tower C94/A305/X158,2006-12,88101,24hr,maximum|average|standard_deviation,cams_0094/cams_0094_2006-12_pm25.csv,https://www.tceq.texas.gov/cgi-bin/compliance/monops/monthly_summary.pl,2026-09-09 18:36:19 UTC,a952c7e91a26068dcb016f1df02a2aa3b1262a3c35dc4c62e6e24c8d83f43d0d,4401,31,downloaded,
94,48_139_0015,Midlothian Tower C94/A305/X158,2007-01,88101,24hr,maximum|average|standard_deviation,,https://www.tceq.texas.gov/cgi-bin/compliance/monops/monthly_summary.pl,2026-09-09 18:36:20 UTC,,,0,no_data,
52,48_139_0016,Midlothian OFW C52/A137,2006-04,88101,24hr,maximum|average|standard_deviation,cams_0052/cams_0052_2006-04_pm25.csv,https://www.tceq.texas.gov/cgi-bin/compliance/monops/monthly_summary.pl,2026-09-09 18:36:21 UTC,42d5c2fbd1b29dcf22aa0172d30909f7b53f86b4cd6681afdcde827c78ff26ff,4405,30,downloaded,
52,48_139_0016,Midlothian OFW C52/A137,2006-05,88101,24hr,maximum|average|standard_deviation,cams_0052/cams_0052_2006-05_pm25.csv,https://www.tceq.texas.gov/cgi-bin/compliance/monops/monthly_summary.pl,2026-09-09 18:36:22 UTC,d8889ed8c4f8cddac5497a1302acaeabe70faf1b500a85681b106f599a524a00,4562,31,downloaded,
52,48_139_0016,Midlothian OFW C52/A137,2006-06,88101,24hr,maximum|average|standard_deviation,cams_0052/cams_0052_2006-06_pm25.csv,https://www.tceq.texas.gov/cgi-bin/compliance/monops/monthly_summary.pl,2026-09-09 18:36:23 UTC,9e4c4c17e820412fc4be7de7bd64da92f95d00bd13648918024162fd6f2afb1b,4594,30,downloaded,
52,48_139_0016,Midlothian OFW C52/A137,2006-07,88101,24hr,maximum|average|standard_deviation,cams_0052/cams_0052_2006-07_pm25.csv,https://www.tceq.texas.gov/cgi-bin/compliance/monops/monthly_summary.pl,2026-09-09 18:36:25 UTC,11b946ceddbdc1d138ff96bacde4b398f250f0754579f502c0a4b458832156b3,4634,31,downloaded,
52,48_139_0016,Midlothian OFW C52/A137,2006-08,88101,24hr,maximum|average|standard_deviation,cams_0052/cams_0052_2006-08_pm25.csv,https://www.tceq.texas.gov/cgi-bin/compliance/monops/monthly_summary.pl,2026-09-09 18:36:26 UTC,3bf5ce4c01a1374e068cc376352578be4c72a1c930d592acf07749f130842832,4594,31,downloaded,
52,48_139_0016,Midlothian OFW C52/A137,2006-09,88101,24hr,maximum|average|standard_deviation,cams_0052/cams_0052_2006-09_pm25.csv,https://www.tceq.texas.gov/cgi-bin/compliance/monops/monthly_summary.pl,2026-09-09 18:36:27 UTC,41452ca6c51c99d97988f829fcecd9178535dd7b40e54fee9a59059a3fe24aec,4436,30,downloaded,
52,48_139_0016,Midlothian OFW C52/A137,2006-10,88101,24hr,maximum|average|standard_deviation,cams_0052/cams_0052_2006-10_pm25.csv,https://www.tceq.texas.gov/cgi-bin/compliance/monops/monthly_summary.pl,2026-09-09 18:36:28 UTC,ca18200f2becdeb7bd00fff30b10f0ebedbc3426635d04037865b888aa4cb47c,4211,31,downloaded,
52,48_139_0016,Midlothian OFW C52/A137,2006-11,88101,24hr,maximum|average|standard_deviation,cams_0052/cams_0052_2006-11_pm25.csv,https://www.tceq.texas.gov/cgi-bin/compliance/monops/monthly_summary.pl,2026-09-09 18:36:29 UTC,9d51770394bc5526dc3ba65c6465ee25a27e3fb71deb5bb7bf7cc06ac284e781,4301,30,downloaded,
52,48_139_0016,Midlothian OFW C52/A137,2006-12,88101,24hr,maximum|average|standard_deviation,cams_0052/cams_0052_2006-12_pm25.csv,https://www.tceq.texas.gov/cgi-bin/compliance/monops/monthly_summary.pl,2026-09-09 18:36:30 UTC,0a702a43fc0db66f2af1442ad14fff4a918795635a2a46c19a370dd0ea0516a0,4381,31,downloaded,
52,48_139_0016,Midlothian OFW C52/A137,2007-01,88101,24hr,maximum|average|standard_deviation,,https://www.tceq.texas.gov/cgi-bin/compliance/monops/monthly_summary.pl,2026-09-09 18:36:31 UTC,,,0,no_data,
302,48_139_0017,Midlothian Wyatt Road C302/A306,2000-08,88101,24hr,maximum|average|standard_deviation,cams_0302/cams_0302_2000-08_pm25.csv,https://www.tceq.texas.gov/cgi-bin/compliance/monops/monthly_summary.pl,2026-09-09 18:36:32 UTC,5b979489ae486759ed9dd819bc88e73b7ef38d1a927fe02e90f00f7696f0d8be,4039,31,downloaded,
302,48_139_0017,Midlothian Wyatt Road C302/A306,2000-09,88101,24hr,maximum|average|standard_deviation,cams_0302/cams_0302_2000-09_pm25.csv,https://www.tceq.texas.gov/cgi-bin/compliance/monops/monthly_summary.pl,2026-09-09 18:36:33 UTC,13894a08f5fdda830d4ff9cbbeb2ea970312a9d55eae7534e78d9037bb483d92,4422,30,downloaded,
302,48_139_0017,Midlothian Wyatt Road C302/A306,2000-10,88101,24hr,maximum|average|standard_deviation,cams_0302/cams_0302_2000-10_pm25.csv,https://www.tceq.texas.gov/cgi-bin/compliance/monops/monthly_summary.pl,2026-09-09 18:36:34 UTC,4b01ef975259df180ace7c98dd1e9ee3a314d4f724c0b18cfc689faad11da13c,4541,31,downloaded,
302,48_139_0017,Midlothian Wyatt Road C302/A306,2000-11,88101,24hr,maximum|average|standard_deviation,cams_0302/cams_0302_2000-11_pm25.csv,https://www.tceq.texas.gov/cgi-bin/compliance/monops/monthly_summary.pl,2026-09-09 18:36:34 UTC,50a26b6595f409f359225979839f45ac75633f43c8facd662e980e00d9831e85,4212,30,downloaded,
302,48_139_0017,Midlothian Wyatt Road C302/A306,2000-12,88101,24hr,maximum|average|standard_deviation,cams_0302/cams_0302_2000-12_pm25.csv,https://www.tceq.texas.gov/cgi-bin/compliance/monops/monthly_summary.pl,2026-09-09 18:36:35 UTC,c96b981ea21346dad9b765363a311b93a4b7a94b9667cbd1b2191fb705caa872,4355,31,downloaded,
302,48_139_0017,Midlothian Wyatt Road C302/A306,2001-01,88101,24hr,maximum|average|standard_deviation,cams_0302/cams_0302_2001-01_pm25.csv,https://www.tceq.texas.gov/cgi-bin/compliance/monops/monthly_summary.pl,2026-09-09 18:36:36 UTC,ace2532cd852a9b8219feaadc3da88cbdada54b9c0d2ef03320183d2471ebd32,4380,31,downloaded,
302,48_139_0017,Midlothian Wyatt Road C302/A306,2001-02,88101,24hr,maximum|average|standard_deviation,cams_0302/cams_0302_2001-02_pm25.csv,https://www.tceq.texas.gov/cgi-bin/compliance/monops/monthly_summary.pl,2026-09-09 18:36:37 UTC,59d9cae9b158cf9f432e3f50506b2d36e8a6a8ca235dda3f214d64403c119d56,4008,28,downloaded,
302,48_139_0017,Midlothian Wyatt Road C302/A306,2001-03,88101,24hr,maximum|average|standard_deviation,cams_0302/cams_0302_2001-03_pm25.csv,https://www.tceq.texas.gov/cgi-bin/compliance/monops/monthly_summary.pl,2026-09-09 18:36:37 UTC,ebbda3a666d0b58b8c142e7cd78bbb251dd82aa59504b0a7d26b7236e8098c60,4332,31,downloaded,
302,48_139_0017,Midlothian Wyatt Road C302/A306,2001-04,88101,24hr,maximum|average|standard_deviation,cams_0302/cams_0302_2001-04_pm25.csv,https://www.tceq.texas.gov/cgi-bin/compliance/monops/monthly_summary.pl,2026-09-09 18:36:38 UTC,695db449991a3516592f955b32d3de988dd77c7a71abadf01a46da2a635eb39f,4570,30,downloaded,
302,48_139_0017,Midlothian Wyatt Road C302/A306,2001-05,88101,24hr,maximum|average|standard_deviation,cams_0302/cams_0302_2001-05_pm25.csv,https://www.tceq.texas.gov/cgi-bin/compliance/monops/monthly_summary.pl,2026-09-09 18:36:39 UTC,c5db53acb59bd6d0a4726e7583dd5e15f4449daca43a942c7b4187539f05ce84,4505,31,downloaded,
302,48_139_0017,Midlothian Wyatt Road C302/A306,2001-06,88101,24hr,maximum|average|standard_deviation,cams_0302/cams_0302_2001-06_pm25.csv,https://www.tceq.texas.gov/cgi-bin/compliance/monops/monthly_summary.pl,2026-09-09 18:36:40 UTC,4e555985c276f7c0db07f866141bb7e8317df1715ead0dd227dd0a237e6a106b,4411,30,downloaded,
302,48_139_0017,Midlothian Wyatt Road C302/A306,2001-07,88101,24hr,maximum|average|standard_deviation,cams_0302/cams_0302_2001-07_pm25.csv,https://www.tceq.texas.gov/cgi-bin/compliance/monops/monthly_summary.pl,2026-09-09 18:36:41 UTC,30feaf3d827dbf989f954155843fb9bd0690b9e16f03a3d425bbd5bcc52768ee,4652,31,downloaded,
302,48_139_0017,Midlothian Wyatt Road C302/A306,2001-08,88101,24hr,maximum|average|standard_deviation,cams_0302/cams_0302_2001-08_pm25.csv,https://www.tceq.texas.gov/cgi-bin/compliance/monops/monthly_summary.pl,2026-09-09 18:36:41 UTC,f811fda49c83680ecc1dddb868df1fcf2caeaf40216d51175100644800094e39,4552,31,downloaded,
302,48_139_0017,Midlothian Wyatt Road C302/A306,2001-09,88101,24hr,maximum|average|standard_deviation,cams_0302/cams_0302_2001-09_pm25.csv,https://www.tceq.texas.gov/cgi-bin/compliance/monops/monthly_summary.pl,2026-09-09 18:36:42 UTC,cbfa4aa612d934d78c4bb61d24831c0f67215748a401e681bdb430f13407643b,4405,30,downloaded,
302,48_139_0017,Midlothian Wyatt Road C302/A306,2001-10,88101,24hr,maximum|average|standard_deviation,cams_0302/cams_0302_2001-10_pm25.csv,https://www.tceq.texas.gov/cgi-bin/compliance/monops/monthly_summary.pl,2026-09-09 18:36:43 UTC,96c38f2fd317ed8ea7a83c886492505b664d2d8e8c8ec07aa2da2475b2c13277,4408,31,downloaded,
302,48_139_0017,Midlothian Wyatt Road C302/A306,2001-11,88101,24hr,maximum|average|standard_deviation,cams_0302/cams_0302_2001-11_pm25.csv,https://www.tceq.texas.gov/cgi-bin/compliance/monops/monthly_summary.pl,2026-09-09 18:36:44 UTC,0b2c93b4242a9f7b02eee72b91505c3ea5496c34089d4a125ea9bb85fc8657ef,4404,30,downloaded,
302,48_139_0017,Midlothian Wyatt Road C302/A306,2001-12,88101,24hr,maximum|average|standard_deviation,cams_0302/cams_0302_2001-12_pm25.csv,https://www.tceq.texas.gov/cgi-bin/compliance/monops/monthly_summary.pl,2026-09-09 18:36:44 UTC,319cc97340ed38dec36cbbef8718c5cefdc7f1ef9d85b8d080b91c1208b5acf7,4308,31,downloaded,
302,48_139_0017,Midlothian Wyatt Road C302/A306,2002-01,88101,24hr,maximum|average|standard_deviation,cams_0302/cams_0302_2002-01_pm25.csv,https://www.tceq.texas.gov/cgi-bin/compliance/monops/monthly_summary.pl,2026-09-09 18:36:45 UTC,d1e8e006820d22272a87e0cb122645374037398ce6d1523c76ec1ca346fa189c,4354,31,downloaded,
302,48_139_0017,Midlothian Wyatt Road C302/A306,2002-02,88101,24hr,maximum|average|standard_deviation,cams_0302/cams_0302_2002-02_pm25.csv,https://www.tceq.texas.gov/cgi-bin/compliance/monops/monthly_summary.pl,2026-09-09 18:36:46 UTC,38a4c0e20604654ccd00230d9bf7a2924593ae23e0b7ce18469d97181502f027,3982,28,downloaded,
302,48_139_0017,Midlothian Wyatt Road C302/A306,2002-03,88101,24hr,maximum|average|standard_deviation,cams_0302/cams_0302_2002-03_pm25.csv,https://www.tceq.texas.gov/cgi-bin/compliance/monops/monthly_summary.pl,2026-09-09 18:36:47 UTC,a55f7a21ff9c87c816b3aaab8ffaf379eef9e06eae3f52bf31458293e3966e32,4468,31,downloaded,
302,48_139_0017,Midlothian Wyatt Road C302/A306,2002-04,88101,24hr,maximum|average|standard_deviation,cams_0302/cams_0302_2002-04_pm25.csv,https://www.tceq.texas.gov/cgi-bin/compliance/monops/monthly_summary.pl,2026-09-09 18:36:47 UTC,e8ea1570dd2b2db4055c80e22fc5f9fc7ad03425a70d59ef782dd0b74719b631,4505,30,downloaded,
302,48_139_0017,Midlothian Wyatt Road C302/A306,2002-05,88101,24hr,maximum|average|standard_deviation,cams_0302/cams_0302_2002-05_pm25.csv,https://www.tceq.texas.gov/cgi-bin/compliance/monops/monthly_summary.pl,2026-09-09 18:36:48 UTC,2849f8192045dd9f55eb6fd8ecde56844476590e021aa4bb7bba92b1bbf8dc88,4610,31,downloaded,
302,48_139_0017,Midlothian Wyatt Road C302/A306,2002-06,88101,24hr,maximum|average|standard_deviation,cams_0302/cams_0302_2002-06_pm25.csv,https://www.tceq.texas.gov/cgi-bin/compliance/monops/monthly_summary.pl,2026-09-09 18:36:49 UTC,dd286e5de9cb565463bf73e602bb01c19235174a3d70b20813a65ce4e535aa8c,4493,30,downloaded,
302,48_139_0017,Midlothian Wyatt Road C302/A306,2002-07,88101,24hr,maximum|average|standard_deviation,cams_0302/cams_0302_2002-07_pm25.csv,https://www.tceq.texas.gov/cgi-bin/compliance/monops/monthly_summary.pl,2026-09-09 18:36:50 UTC,1efc93e857063412c7635cebb76f1b42020c228fa73d710c6265d9347212974e,4664,31,downloaded,
302,48_139_0017,Midlothian Wyatt Road C302/A306,2002-08,88101,24hr,maximum|average|standard_deviation,cams_0302/cams_0302_2002-08_pm25.csv,https://www.tceq.texas.gov/cgi-bin/compliance/monops/monthly_summary.pl,2026-09-09 18:36:50 UTC,2c78d1d94460c959242bf71a52fdfb91ac611454366ecab018c7a03dde5549ea,4657,31,downloaded,
302,48_139_0017,Midlothian Wyatt Road C302/A306,2002-09,88101,24hr,maximum|average|standard_deviation,cams_0302/cams_0302_2002-09_pm25.csv,https://www.tceq.texas.gov/cgi-bin/compliance/monops/monthly_summary.pl,2026-09-09 18:36:51 UTC,35fc93f58dc89e051b9c3b4dcb328069dc734aa2d8f7176f00377436aea2da38,4555,30,downloaded,
302,48_139_0017,Midlothian Wyatt Road C302/A306,2002-10,88101,24hr,maximum|average|standard_deviation,cams_0302/cams_0302_2002-10_pm25.csv,https://www.tceq.texas.gov/cgi-bin/compliance/monops/monthly_summary.pl,2026-09-09 18:36:52 UTC,abec3488be42b4c85060204ecf63d03c6d2467372ea89d29f79d6fabef56bd36,4411,31,downloaded,
302,48_139_0017,Midlothian Wyatt Road C302/A306,2002-11,88101,24hr,maximum|average|standard_deviation,cams_0302/cams_0302_2002-11_pm25.csv,https://www.tceq.texas.gov/cgi-bin/compliance/monops/monthly_summary.pl,2026-09-09 18:36:53 UTC,f4a39e2b5744bb2afbbe218a905a3d137e97b6ef78b2fc91117b11ed04748532,4169,30,downloaded,
302,48_139_0017,Midlothian Wyatt Road C302/A306,2002-12,88101,24hr,maximum|average|standard_deviation,cams_0302/cams_0302_2002-12_pm25.csv,https://www.tceq.texas.gov/cgi-bin/compliance/monops/monthly_summary.pl,2026-09-09 18:36:54 UTC,143d4b83373d9717281978fc310ac95ea005b1352c66ec00c30f3c7401f0d28e,4355,31,downloaded,
302,48_139_0017,Midlothian Wyatt Road C302/A306,2003-01,88101,24hr,maximum|average|standard_deviation,cams_0302/cams_0302_2003-01_pm25.csv,https://www.tceq.texas.gov/cgi-bin/compliance/monops/monthly_summary.pl,2026-09-09 18:36:54 UTC,8d3032c6ac7314ea3f71e2ed2b3ffe56335e4197cc5c41d1b1d3a4729dc3df08,4395,31,downloaded,
302,48_139_0017,Midlothian Wyatt Road C302/A306,2003-02,88101,24hr,maximum|average|standard_deviation,cams_0302/cams_0302_2003-02_pm25.csv,https://www.tceq.texas.gov/cgi-bin/compliance/monops/monthly_summary.pl,2026-09-09 18:36:55 UTC,47da2c0bd78a439f8c7599ce1dfe993cb66a087a300ed84de6e3bd6ff54f1093,3973,28,downloaded,
302,48_139_0017,Midlothian Wyatt Road C302/A306,2003-03,88101,24hr,maximum|average|standard_deviation,cams_0302/cams_0302_2003-03_pm25.csv,https://www.tceq.texas.gov/cgi-bin/compliance/monops/monthly_summary.pl,2026-09-09 18:36:56 UTC,66b3ffde60058fb2558ace79ac45b61e0f3e4070f32882c53c6b90ef51c6366d,4527,31,downloaded,
302,48_139_0017,Midlothian Wyatt Road C302/A306,2003-04,88101,24hr,maximum|average|standard_deviation,cams_0302/cams_0302_2003-04_pm25.csv,https://www.tceq.texas.gov/cgi-bin/compliance/monops/monthly_summary.pl,2026-09-09 18:36:56 UTC,f3f96a4fedc465fd85c49ce3720f1a07d54525ce7de588fc263f58968a6139f6,4397,30,downloaded,
302,48_139_0017,Midlothian Wyatt Road C302/A306,2003-05,88101,24hr,maximum|average|standard_deviation,cams_0302/cams_0302_2003-05_pm25.csv,https://www.tceq.texas.gov/cgi-bin/compliance/monops/monthly_summary.pl,2026-09-09 18:36:57 UTC,7d709751dddca93b384a7ec5ae4fa6064bd62dd73250fbfec908f9d9a147221d,4766,31,downloaded,
302,48_139_0017,Midlothian Wyatt Road C302/A306,2003-06,88101,24hr,maximum|average|standard_deviation,cams_0302/cams_0302_2003-06_pm25.csv,https://www.tceq.texas.gov/cgi-bin/compliance/monops/monthly_summary.pl,2026-09-09 18:36:58 UTC,a864e6ff5099a4a9b5f3e19cb2b9ea699ffe48e598de2b5ccfa34ee389cfd80a,4426,30,downloaded,
302,48_139_0017,Midlothian Wyatt Road C302/A306,2003-07,88101,24hr,maximum|average|standard_deviation,cams_0302/cams_0302_2003-07_pm25.csv,https://www.tceq.texas.gov/cgi-bin/compliance/monops/monthly_summary.pl,2026-09-09 18:36:59 UTC,49228dc3ae8b973217be5ee43b40fe405d0c89635b0879c774354645abd4f460,4619,31,downloaded,
302,48_139_0017,Midlothian Wyatt Road C302/A306,2003-08,88101,24hr,maximum|average|standard_deviation,cams_0302/cams_0302_2003-08_pm25.csv,https://www.tceq.texas.gov/cgi-bin/compliance/monops/monthly_summary.pl,2026-09-09 18:37:00 UTC,f99359181c04979a2eda26795befe434a4ee2d20c3e3874ad9dc117e93c4891f,4697,31,downloaded,
302,48_139_0017,Midlothian Wyatt Road C302/A306,2003-09,88101,24hr,maximum|average|standard_deviation,cams_0302/cams_0302_2003-09_pm25.csv,https://www.tceq.texas.gov/cgi-bin/compliance/monops/monthly_summary.pl,2026-09-09 18:37:00 UTC,af8f777146f1abff20a093fbad9d1496f2d9280680ea357cdb0904549f6877ea,4324,30,downloaded,
302,48_139_0017,Midlothian Wyatt Road C302/A306,2003-10,88101,24hr,maximum|average|standard_deviation,cams_0302/cams_0302_2003-10_pm25.csv,https://www.tceq.texas.gov/cgi-bin/compliance/monops/monthly_summary.pl,2026-09-09 18:37:01 UTC,6cb1fb1d5333def04deeb6bd0ab0aa5845209e8774a58680d240e3de31f5c6c3,4513,31,downloaded,
302,48_139_0017,Midlothian Wyatt Road C302/A306,2003-11,88101,24hr,maximum|average|standard_deviation,cams_0302/cams_0302_2003-11_pm25.csv,https://www.tceq.texas.gov/cgi-bin/compliance/monops/monthly_summary.pl,2026-09-09 18:37:02 UTC,69fb4f23d07ec09f673fddf84c2f1d3a74bf6ec0bf7fe73ebd367f8b95f2e2df,4209,30,downloaded,
302,48_139_0017,Midlothian Wyatt Road C302/A306,2003-12,88101,24hr,maximum|average|standard_deviation,cams_0302/cams_0302_2003-12_pm25.csv,https://www.tceq.texas.gov/cgi-bin/compliance/monops/monthly_summary.pl,2026-09-09 18:37:03 UTC,a108d7e102e4e6d4e1861262375926e3415bb67642c2015c0f21ce99fda7737f,4352,31,downloaded,
302,48_139_0017,Midlothian Wyatt Road C302/A306,2004-01,88101,24hr,maximum|average|standard_deviation,cams_0302/cams_0302_2004-01_pm25.csv,https://www.tceq.texas.gov/cgi-bin/compliance/monops/monthly_summary.pl,2026-09-09 18:37:04 UTC,3f21586305861fa7d1b65c43b790e57342fa6c4fafb408d89580e01e347bbcda,4444,31,downloaded,
302,48_139_0017,Midlothian Wyatt Road C302/A306,2004-02,88101,24hr,maximum|average|standard_deviation,cams_0302/cams_0302_2004-02_pm25.csv,https://www.tceq.texas.gov/cgi-bin/compliance/monops/monthly_summary.pl,2026-09-09 18:37:05 UTC,2dc69ad9734c3287e818ad7d8de4e140cb8c7d9bfe0a6873285d0e0bf2e634e6,4198,29,downloaded,
302,48_139_0017,Midlothian Wyatt Road C302/A306,2004-03,88101,24hr,maximum|average|standard_deviation,cams_0302/cams_0302_2004-03_pm25.csv,https://www.tceq.texas.gov/cgi-bin/compliance/monops/monthly_summary.pl,2026-09-09 18:37:05 UTC,93d58822c0e1b4efe99d41b0bf18818c84146cd6ef09dbd2562727ca3c811d76,4494,31,downloaded,
302,48_139_0017,Midlothian Wyatt Road C302/A306,2004-04,88101,24hr,maximum|average|standard_deviation,cams_0302/cams_0302_2004-04_pm25.csv,https://www.tceq.texas.gov/cgi-bin/compliance/monops/monthly_summary.pl,2026-09-09 18:37:06 UTC,72745f410e75cde1af9dd76d19cf1121e2b859778f8afe08290cd108d84f629d,4454,30,downloaded,
302,48_139_0017,Midlothian Wyatt Road C302/A306,2004-05,88101,24hr,maximum|average|standard_deviation,cams_0302/cams_0302_2004-05_pm25.csv,https://www.tceq.texas.gov/cgi-bin/compliance/monops/monthly_summary.pl,2026-09-09 18:37:07 UTC,f5bd666e780e579349b9494fe34fdec10acf366620521256c677245080cd32cd,4594,31,downloaded,
302,48_139_0017,Midlothian Wyatt Road C302/A306,2004-06,88101,24hr,maximum|average|standard_deviation,cams_0302/cams_0302_2004-06_pm25.csv,https://www.tceq.texas.gov/cgi-bin/compliance/monops/monthly_summary.pl,2026-09-09 18:37:08 UTC,af92e9d831fe6ab2cbfd24a9559f19c4e5ed95dd445965d2f3ab318649a0fe2f,4355,30,downloaded,
302,48_139_0017,Midlothian Wyatt Road C302/A306,2004-07,88101,24hr,maximum|average|standard_deviation,cams_0302/cams_0302_2004-07_pm25.csv,https://www.tceq.texas.gov/cgi-bin/compliance/monops/monthly_summary.pl,2026-09-09 18:37:08 UTC,f365e9863a5c8adba3b10f5a0b5aaad8c5653eac60bc55a3493e1d41775ff8e5,4571,31,downloaded,
302,48_139_0017,Midlothian Wyatt Road C302/A306,2004-08,88101,24hr,maximum|average|standard_deviation,cams_0302/cams_0302_2004-08_pm25.csv,https://www.tceq.texas.gov/cgi-bin/compliance/monops/monthly_summary.pl,2026-09-09 18:37:09 UTC,daea0cf22eda09ab503575c3e36b4cd46eee4b0ac7ee84f2de484e261645c9e9,4467,31,downloaded,
302,48_139_0017,Midlothian Wyatt Road C302/A306,2004-09,88101,24hr,maximum|average|standard_deviation,cams_0302/cams_0302_2004-09_pm25.csv,https://www.tceq.texas.gov/cgi-bin/compliance/monops/monthly_summary.pl,2026-09-09 18:37:10 UTC,a961a67701f2af8ce8b6a08c0ca9c74d37127b5d9491dc933f206193de77f373,4439,30,downloaded,
302,48_139_0017,Midlothian Wyatt Road C302/A306,2004-10,88101,24hr,maximum|average|standard_deviation,cams_0302/cams_0302_2004-10_pm25.csv,https://www.tceq.texas.gov/cgi-bin/compliance/monops/monthly_summary.pl,2026-09-09 18:37:11 UTC,17eb04ce1884b9870b52c5e02a22740dbade95fcf7e102a350c119a79ebd2fd9,4286,31,downloaded,
302,48_139_0017,Midlothian Wyatt Road C302/A306,2004-11,88101,24hr,maximum|average|standard_deviation,cams_0302/cams_0302_2004-11_pm25.csv,https://www.tceq.texas.gov/cgi-bin/compliance/monops/monthly_summary.pl,2026-09-09 18:37:12 UTC,daf2be30b282565702cb85c5607d99ff24b95082d308d0e1754901d0f6a41834,4272,30,downloaded,
302,48_139_0017,Midlothian Wyatt Road C302/A306,2004-12,88101,24hr,maximum|average|standard_deviation,cams_0302/cams_0302_2004-12_pm25.csv,https://www.tceq.texas.gov/cgi-bin/compliance/monops/monthly_summary.pl,2026-09-09 18:37:13 UTC,609e5dabbe912e562d02265c77bbd6cd8c638cfa47b7d8cb69a5669af5b02309,4333,31,downloaded,
302,48_139_0017,Midlothian Wyatt Road C302/A306,2005-01,88101,24hr,maximum|average|standard_deviation,cams_0302/cams_0302_2005-01_pm25.csv,https://www.tceq.texas.gov/cgi-bin/compliance/monops/monthly_summary.pl,2026-09-09 18:37:14 UTC,cb6bcc38c7453f52399737b6a3ee036be6b58e88da16d045262bea21d03cff65,4491,31,downloaded,
302,48_139_0017,Midlothian Wyatt Road C302/A306,2005-02,88101,24hr,maximum|average|standard_deviation,cams_0302/cams_0302_2005-02_pm25.csv,https://www.tceq.texas.gov/cgi-bin/compliance/monops/monthly_summary.pl,2026-09-09 18:37:15 UTC,6036c2b5fbff6b51725d0c9ab36146a2b6a09dd038bcf0bd337f9b694ec5d9a7,4176,28,downloaded,
302,48_139_0017,Midlothian Wyatt Road C302/A306,2005-03,88101,24hr,maximum|average|standard_deviation,cams_0302/cams_0302_2005-03_pm25.csv,https://www.tceq.texas.gov/cgi-bin/compliance/monops/monthly_summary.pl,2026-09-09 18:37:16 UTC,ad9c009932f841701cc2f9295dc7c2d793a01887c0c8e990063ef68c611d6aef,4566,31,downloaded,
302,48_139_0017,Midlothian Wyatt Road C302/A306,2005-04,88101,24hr,maximum|average|standard_deviation,cams_0302/cams_0302_2005-04_pm25.csv,https://www.tceq.texas.gov/cgi-bin/compliance/monops/monthly_summary.pl,2026-09-09 18:37:18 UTC,120a2874ad556ee1e9a4b2b0ed3eaac94fdd5b175cbba72de55e983daf2efb8e,4541,30,downloaded,
302,48_139_0017,Midlothian Wyatt Road C302/A306,2005-05,88101,24hr,maximum|average|standard_deviation,cams_0302/cams_0302_2005-05_pm25.csv,https://www.tceq.texas.gov/cgi-bin/compliance/monops/monthly_summary.pl,2026-09-09 18:37:19 UTC,b8605a016b29bddea833a62747b41b16ff6f1b4ff9618d14f23b8483db428b7b,4736,31,downloaded,
302,48_139_0017,Midlothian Wyatt Road C302/A306,2005-06,88101,24hr,maximum|average|standard_deviation,cams_0302/cams_0302_2005-06_pm25.csv,https://www.tceq.texas.gov/cgi-bin/compliance/monops/monthly_summary.pl,2026-09-09 18:37:20 UTC,77a18024f564d066b45a4d7b5a0f1684b3cde99abfa29dcbf2836548f52837d6,4670,30,downloaded,
302,48_139_0017,Midlothian Wyatt Road C302/A306,2005-07,88101,24hr,maximum|average|standard_deviation,cams_0302/cams_0302_2005-07_pm25.csv,https://www.tceq.texas.gov/cgi-bin/compliance/monops/monthly_summary.pl,2026-09-09 18:37:21 UTC,3bd068bd81876e1a8fcc21307317e59e3925938d7f48d73cdec07833b92f7f46,4697,31,downloaded,
302,48_139_0017,Midlothian Wyatt Road C302/A306,2005-08,88101,24hr,maximum|average|standard_deviation,cams_0302/cams_0302_2005-08_pm25.csv,https://www.tceq.texas.gov/cgi-bin/compliance/monops/monthly_summary.pl,2026-09-09 18:37:22 UTC,cbf36a72f576bc21c3608e5fbbbdff4969935881b748a3d9eae623232726c44a,4767,31,downloaded,
302,48_139_0017,Midlothian Wyatt Road C302/A306,2005-09,88101,24hr,maximum|average|standard_deviation,cams_0302/cams_0302_2005-09_pm25.csv,https://www.tceq.texas.gov/cgi-bin/compliance/monops/monthly_summary.pl,2026-09-09 18:37:23 UTC,9ae156906a50b003e242cfc6c267fb344ca27dac3a337323892ff04a2aee6791,4663,30,downloaded,
302,48_139_0017,Midlothian Wyatt Road C302/A306,2005-10,88101,24hr,maximum|average|standard_deviation,cams_0302/cams_0302_2005-10_pm25.csv,https://www.tceq.texas.gov/cgi-bin/compliance/monops/monthly_summary.pl,2026-09-09 18:37:24 UTC,b85b6047126fcce42fd73d3c6b6abe6477c65c7beaeef4c405294a748f32034e,4590,31,downloaded,
302,48_139_0017,Midlothian Wyatt Road C302/A306,2005-11,88101,24hr,maximum|average|standard_deviation,cams_0302/cams_0302_2005-11_pm25.csv,https://www.tceq.texas.gov/cgi-bin/compliance/monops/monthly_summary.pl,2026-09-09 18:37:25 UTC,026d460348a14a85c45b6069babe82021131f9dbb77360315979f5d04edc61a8,4355,30,downloaded,
302,48_139_0017,Midlothian Wyatt Road C302/A306,2005-12,88101,24hr,maximum|average|standard_deviation,cams_0302/cams_0302_2005-12_pm25.csv,https://www.tceq.texas.gov/cgi-bin/compliance/monops/monthly_summary.pl,2026-09-09 18:37:26 UTC,43bbd2c617be7b9d30d9423d019882811e27e1b461d35a814e0ca969640dfdc4,4460,31,downloaded,
302,48_139_0017,Midlothian Wyatt Road C302/A306,2006-01,88101,24hr,maximum|average|standard_deviation,cams_0302/cams_0302_2006-01_pm25.csv,https://www.tceq.texas.gov/cgi-bin/compliance/monops/monthly_summary.pl,2026-09-09 18:37:28 UTC,837829ede71587550937ceda3c1445a5448d0f8b531d5d2865472ac010b3d88c,4395,31,downloaded,
302,48_139_0017,Midlothian Wyatt Road C302/A306,2006-02,88101,24hr,maximum|average|standard_deviation,cams_0302/cams_0302_2006-02_pm25.csv,https://www.tceq.texas.gov/cgi-bin/compliance/monops/monthly_summary.pl,2026-09-09 18:37:29 UTC,935dcdc35c9d5a4a9a64d9e51da4bd9a0c3001116c2d67238d490a1a70202100,4057,28,downloaded,
302,48_139_0017,Midlothian Wyatt Road C302/A306,2006-03,88101,24hr,maximum|average|standard_deviation,cams_0302/cams_0302_2006-03_pm25.csv,https://www.tceq.texas.gov/cgi-bin/compliance/monops/monthly_summary.pl,2026-09-09 18:37:30 UTC,91e3942f8f9299504a2987b782d64215464db923c286b69c862d3e028cb6a741,4621,31,downloaded,
71,48_257_0005,Kaufman C71/A304/X071,2022-04,88101,24hr,maximum|average|standard_deviation,cams_0071/cams_0071_2022-04_pm25.csv,https://www.tceq.texas.gov/cgi-bin/compliance/monops/monthly_summary.pl,2026-09-09 18:37:31 UTC,6c626376549ccf4dc862fba3411c71b2a9f3f9f7f440b95bc64e7d19ccdd3ec1,3854,30,downloaded,
71,48_257_0005,Kaufman C71/A304/X071,2022-05,88101,24hr,maximum|average|standard_deviation,cams_0071/cams_0071_2022-05_pm25.csv,https://www.tceq.texas.gov/cgi-bin/compliance/monops/monthly_summary.pl,2026-09-09 18:37:32 UTC,00f4173785870ca7b5080f9fd30dec82c409115d6dfa8045dfaade33d3b1a0c2,4469,31,downloaded,
71,48_257_0005,Kaufman C71/A304/X071,2022-06,88101,24hr,maximum|average|standard_deviation,cams_0071/cams_0071_2022-06_pm25.csv,https://www.tceq.texas.gov/cgi-bin/compliance/monops/monthly_summary.pl,2026-09-09 18:37:33 UTC,bf2a750d0fc182d4220447332ea579b78fbc2c10bcfb4749ec9610d5e263a9e9,4503,30,downloaded,
71,48_257_0005,Kaufman C71/A304/X071,2022-07,88101,24hr,maximum|average|standard_deviation,cams_0071/cams_0071_2022-07_pm25.csv,https://www.tceq.texas.gov/cgi-bin/compliance/monops/monthly_summary.pl,2026-09-09 18:37:34 UTC,6f5e64c65321cc2bdbee9937febcd3bd7e2f50efbdfda79637f64366b1b93166,4396,31,downloaded,
71,48_257_0005,Kaufman C71/A304/X071,2022-08,88101,24hr,maximum|average|standard_deviation,cams_0071/cams_0071_2022-08_pm25.csv,https://www.tceq.texas.gov/cgi-bin/compliance/monops/monthly_summary.pl,2026-09-09 18:37:35 UTC,2090e200c9a0847dc461061ee4f3d976b347a97bc0f081f0f7d4fb8ff25ec6a6,4340,31,downloaded,
71,48_257_0005,Kaufman C71/A304/X071,2022-09,88101,24hr,maximum|average|standard_deviation,cams_0071/cams_0071_2022-09_pm25.csv,https://www.tceq.texas.gov/cgi-bin/compliance/monops/monthly_summary.pl,2026-09-09 18:37:36 UTC,de93d0c9208ab2f815d36d5615135fc97465e0c94e207c3846aeb73fcfb1e464,4270,30,downloaded,
71,48_257_0005,Kaufman C71/A304/X071,2022-10,88101,24hr,maximum|average|standard_deviation,cams_0071/cams_0071_2022-10_pm25.csv,https://www.tceq.texas.gov/cgi-bin/compliance/monops/monthly_summary.pl,2026-09-09 18:37:38 UTC,7a808550611eb0bc17c57c04df5f334b6258e7c0c74506fa8e0f8ef5611cef69,4408,31,downloaded,
71,48_257_0005,Kaufman C71/A304/X071,2022-11,88101,24hr,maximum|average|standard_deviation,cams_0071/cams_0071_2022-11_pm25.csv,https://www.tceq.texas.gov/cgi-bin/compliance/monops/monthly_summary.pl,2026-09-09 18:37:39 UTC,d663ec8de15d716d72ddfecd72dd5a8c24abeeaa5b271c6bf22295d603a4cb37,4288,30,downloaded,
71,48_257_0005,Kaufman C71/A304/X071,2022-12,88101,24hr,maximum|average|standard_deviation,cams_0071/cams_0071_2022-12_pm25.csv,https://www.tceq.texas.gov/cgi-bin/compliance/monops/monthly_summary.pl,2026-09-09 18:37:40 UTC,4113f2c989b843d7019584a9e3f5644c0262061a2ab3a255f3a1036711cf1076,4368,31,downloaded,
71,48_257_0005,Kaufman C71/A304/X071,2023-01,88101,24hr,maximum|average|standard_deviation,cams_0071/cams_0071_2023-01_pm25.csv,https://www.tceq.texas.gov/cgi-bin/compliance/monops/monthly_summary.pl,2026-09-09 18:37:41 UTC,96717042e21127c0b10f0bcf5d2377a808a8f9a196ce76c469221f6396c4f4e2,4343,31,downloaded,
71,48_257_0005,Kaufman C71/A304/X071,2023-02,88101,24hr,maximum|average|standard_deviation,cams_0071/cams_0071_2023-02_pm25.csv,https://www.tceq.texas.gov/cgi-bin/compliance/monops/monthly_summary.pl,2026-09-09 18:37:42 UTC,4ca9108ed4e30c5e548e11c12aaf48709122d1f341c08f8e212c5a62b2e0107e,3982,28,downloaded,
71,48_257_0005,Kaufman C71/A304/X071,2023-03,88101,24hr,maximum|average|standard_deviation,cams_0071/cams_0071_2023-03_pm25.csv,https://www.tceq.texas.gov/cgi-bin/compliance/monops/monthly_summary.pl,2026-09-09 18:37:43 UTC,f347a557c0a41f683fd28e1a0f6655fb039b634eab87f041c808e3271d865763,4429,31,downloaded,
71,48_257_0005,Kaufman C71/A304/X071,2023-04,88101,24hr,maximum|average|standard_deviation,cams_0071/cams_0071_2023-04_pm25.csv,https://www.tceq.texas.gov/cgi-bin/compliance/monops/monthly_summary.pl,2026-09-09 18:37:44 UTC,a76bec2f9e7597a9935f12b5b7bfa13acfa3716695adf32f285ed48bd97256ed,4225,30,downloaded,
71,48_257_0005,Kaufman C71/A304/X071,2023-05,88101,24hr,maximum|average|standard_deviation,cams_0071/cams_0071_2023-05_pm25.csv,https://www.tceq.texas.gov/cgi-bin/compliance/monops/monthly_summary.pl,2026-09-09 18:37:45 UTC,35a58476edabbcc1aedf13706ffbd22d02c333f83ba426ddf1a7dd4cd8c7a1fb,4636,31,downloaded,
71,48_257_0005,Kaufman C71/A304/X071,2023-06,88101,24hr,maximum|average|standard_deviation,cams_0071/cams_0071_2023-06_pm25.csv,https://www.tceq.texas.gov/cgi-bin/compliance/monops/monthly_summary.pl,2026-09-09 18:37:46 UTC,1fbaceabe9dbf5ad4469467c9672e524bc56ba9ac6adf88e78207e9550db68c7,4451,30,downloaded,
71,48_257_0005,Kaufman C71/A304/X071,2023-07,88101,24hr,maximum|average|standard_deviation,cams_0071/cams_0071_2023-07_pm25.csv,https://www.tceq.texas.gov/cgi-bin/compliance/monops/monthly_summary.pl,2026-09-09 18:37:48 UTC,b0003eef1acef2a87d9e1a2f23a938b91cdb084c581e39f18ce804995a4792ba,4638,31,downloaded,
71,48_257_0005,Kaufman C71/A304/X071,2023-08,88101,24hr,maximum|average|standard_deviation,cams_0071/cams_0071_2023-08_pm25.csv,https://www.tceq.texas.gov/cgi-bin/compliance/monops/monthly_summary.pl,2026-09-09 18:37:49 UTC,6d33f83f5791412bd43194fab46d03b34a15e47b5b4f2663510199aee3386b9a,4561,31,downloaded,
71,48_257_0005,Kaufman C71/A304/X071,2023-09,88101,24hr,maximum|average|standard_deviation,cams_0071/cams_0071_2023-09_pm25.csv,https://www.tceq.texas.gov/cgi-bin/compliance/monops/monthly_summary.pl,2026-09-09 18:37:50 UTC,09ab4b57e3c35c87b64c54da4c768e796d2ed819b1d908235dc55eac188ea393,4352,30,downloaded,
71,48_257_0005,Kaufman C71/A304/X071,2023-10,88101,24hr,maximum|average|standard_deviation,cams_0071/cams_0071_2023-10_pm25.csv,https://www.tceq.texas.gov/cgi-bin/compliance/monops/monthly_summary.pl,2026-09-09 18:37:51 UTC,3246d70c0b7c0c4455f3438f40be0b78e6c8dcca6bf6ad30613991767550dc52,4303,31,downloaded,
71,48_257_0005,Kaufman C71/A304/X071,2023-11,88101,24hr,maximum|average|standard_deviation,cams_0071/cams_0071_2023-11_pm25.csv,https://www.tceq.texas.gov/cgi-bin/compliance/monops/monthly_summary.pl,2026-09-09 18:37:52 UTC,e24ed5355182ab74af1ccd035f5e1a435687d09b5afb47c4ea2a26a008bc20fb,4253,30,downloaded,
71,48_257_0005,Kaufman C71/A304/X071,2023-12,88101,24hr,maximum|average|standard_deviation,cams_0071/cams_0071_2023-12_pm25.csv,https://www.tceq.texas.gov/cgi-bin/compliance/monops/monthly_summary.pl,2026-09-09 18:37:53 UTC,0d3c5b6fd12831cb80e919aba0a9244a29575693f7f58e9ce519fef1bda5ba0d,4360,31,downloaded,
71,48_257_0005,Kaufman C71/A304/X071,2024-01,88101,24hr,maximum|average|standard_deviation,cams_0071/cams_0071_2024-01_pm25.csv,https://www.tceq.texas.gov/cgi-bin/compliance/monops/monthly_summary.pl,2026-09-09 18:37:55 UTC,7982b09c9b3cb43f0682c6c94db669a3dc33e77359097768e0ca2a80df14f421,4315,31,downloaded,
71,48_257_0005,Kaufman C71/A304/X071,2024-02,88101,24hr,maximum|average|standard_deviation,cams_0071/cams_0071_2024-02_pm25.csv,https://www.tceq.texas.gov/cgi-bin/compliance/monops/monthly_summary.pl,2026-09-09 18:37:56 UTC,f25c048ec4d4e8b59120c54db1a8dcf46697f98b6b9d6f0cb5b1245ac6d78866,4080,29,downloaded,
71,48_257_0005,Kaufman C71/A304/X071,2024-03,88101,24hr,maximum|average|standard_deviation,cams_0071/cams_0071_2024-03_pm25.csv,https://www.tceq.texas.gov/cgi-bin/compliance/monops/monthly_summary.pl,2026-09-09 18:37:57 UTC,e9863b55b09189068e4d03275e4ef9465b9887d2e6202f092106b79910c42ce9,4489,31,downloaded,
71,48_257_0005,Kaufman C71/A304/X071,2024-04,88101,24hr,maximum|average|standard_deviation,cams_0071/cams_0071_2024-04_pm25.csv,https://www.tceq.texas.gov/cgi-bin/compliance/monops/monthly_summary.pl,2026-09-09 18:37:58 UTC,9309bb58e49ac81c1eb36b6e3938ef887412308d0e48df3b114af02b77324b5f,4271,30,downloaded,
71,48_257_0005,Kaufman C71/A304/X071,2024-05,88101,24hr,maximum|average|standard_deviation,cams_0071/cams_0071_2024-05_pm25.csv,https://www.tceq.texas.gov/cgi-bin/compliance/monops/monthly_summary.pl,2026-09-09 18:37:59 UTC,3603e40b04ae4047fabbe17869e09d9faf2475e5aa4c0e5ad0c75530cb41155b,4563,31,downloaded,
71,48_257_0005,Kaufman C71/A304/X071,2024-06,88101,24hr,maximum|average|standard_deviation,cams_0071/cams_0071_2024-06_pm25.csv,https://www.tceq.texas.gov/cgi-bin/compliance/monops/monthly_summary.pl,2026-09-09 18:38:01 UTC,7e8c7db97fcac2948b349d1db5a86abbdeee9634aaea484811db428b567ba631,4363,30,downloaded,
71,48_257_0005,Kaufman C71/A304/X071,2024-07,88101,24hr,maximum|average|standard_deviation,cams_0071/cams_0071_2024-07_pm25.csv,https://www.tceq.texas.gov/cgi-bin/compliance/monops/monthly_summary.pl,2026-09-09 18:38:02 UTC,ccd8403fe56166cf8bcd57cab22d14658f976a5366053e8993e041d486affc7b,4505,31,downloaded,
71,48_257_0005,Kaufman C71/A304/X071,2024-08,88101,24hr,maximum|average|standard_deviation,cams_0071/cams_0071_2024-08_pm25.csv,https://www.tceq.texas.gov/cgi-bin/compliance/monops/monthly_summary.pl,2026-09-09 18:38:03 UTC,b4dc794621b3ed51ace0c96ec4cc6d6a476266a63505116f5312615e7a70b89b,4575,31,downloaded,
71,48_257_0005,Kaufman C71/A304/X071,2024-09,88101,24hr,maximum|average|standard_deviation,cams_0071/cams_0071_2024-09_pm25.csv,https://www.tceq.texas.gov/cgi-bin/compliance/monops/monthly_summary.pl,2026-09-09 18:38:04 UTC,c2f9661c0736d1b230d2bb9db0d5ab33b503e1fa3f2be9e46bbc6add73db278d,4105,30,downloaded,
71,48_257_0005,Kaufman C71/A304/X071,2024-10,88101,24hr,maximum|average|standard_deviation,cams_0071/cams_0071_2024-10_pm25.csv,https://www.tceq.texas.gov/cgi-bin/compliance/monops/monthly_summary.pl,2026-09-09 18:38:05 UTC,f5889a92da936256504cf4de74a377a0dfab21ddf5196cf08bc32b3dbcf80ea7,4348,31,downloaded,
71,48_257_0005,Kaufman C71/A304/X071,2024-11,88101,24hr,maximum|average|standard_deviation,cams_0071/cams_0071_2024-11_pm25.csv,https://www.tceq.texas.gov/cgi-bin/compliance/monops/monthly_summary.pl,2026-09-09 18:38:07 UTC,88ab942267b18292cf0a024a9b88bee4f7a8e1a5354481cf5b1c235210312896,4221,30,downloaded,
71,48_257_0005,Kaufman C71/A304/X071,2024-12,88101,24hr,maximum|average|standard_deviation,cams_0071/cams_0071_2024-12_pm25.csv,https://www.tceq.texas.gov/cgi-bin/compliance/monops/monthly_summary.pl,2026-09-09 18:38:08 UTC,85f5c53e1e88556a7b685e56e0d2fe051d68bd494ac393dfd28dc5cad7635692,4345,31,downloaded,
71,48_257_0005,Kaufman C71/A304/X071,2025-01,88101,24hr,maximum|average|standard_deviation,cams_0071/cams_0071_2025-01_pm25.csv,https://www.tceq.texas.gov/cgi-bin/compliance/monops/monthly_summary.pl,2026-09-09 18:38:09 UTC,af24499f1c2135c5e29367f4c27e9a08d35b586e5d14b2a93422068b66635d1d,4408,31,downloaded,
71,48_257_0005,Kaufman C71/A304/X071,2025-02,88101,24hr,maximum|average|standard_deviation,cams_0071/cams_0071_2025-02_pm25.csv,https://www.tceq.texas.gov/cgi-bin/compliance/monops/monthly_summary.pl,2026-09-09 18:38:10 UTC,7fc5b68dcbecd7350e9fb0853aa76f93ec6ee754cb46232fbfb4922eb0702360,3973,28,downloaded,
71,48_257_0005,Kaufman C71/A304/X071,2025-03,88101,24hr,maximum|average|standard_deviation,cams_0071/cams_0071_2025-03_pm25.csv,https://www.tceq.texas.gov/cgi-bin/compliance/monops/monthly_summary.pl,2026-09-09 18:38:11 UTC,62f02596aa65480bca98ebbf94ffb76fa5c356761ab972c6c72e3f5021ab2dfd,4373,31,downloaded,
71,48_257_0005,Kaufman C71/A304/X071,2025-04,88101,24hr,maximum|average|standard_deviation,cams_0071/cams_0071_2025-04_pm25.csv,https://www.tceq.texas.gov/cgi-bin/compliance/monops/monthly_summary.pl,2026-09-09 18:38:13 UTC,05c97fea6268ecad42908e3ce5a8fcf9562463096f620a89dcf823e067f43ba6,4395,30,downloaded,
71,48_257_0005,Kaufman C71/A304/X071,2025-05,88101,24hr,maximum|average|standard_deviation,cams_0071/cams_0071_2025-05_pm25.csv,https://www.tceq.texas.gov/cgi-bin/compliance/monops/monthly_summary.pl,2026-09-09 18:38:14 UTC,ff26737560c6caafa714f4747347a1383db9c17789d1b4851f3544b98c5c87f0,4400,31,downloaded,
71,48_257_0005,Kaufman C71/A304/X071,2025-06,88101,24hr,maximum|average|standard_deviation,cams_0071/cams_0071_2025-06_pm25.csv,https://www.tceq.texas.gov/cgi-bin/compliance/monops/monthly_summary.pl,2026-09-09 18:38:15 UTC,03a1cb42c32c01e924258c53fe75d549562e5038f429b3ab618a4fbede7f1037,4357,30,downloaded,
71,48_257_0005,Kaufman C71/A304/X071,2025-07,88101,24hr,maximum|average|standard_deviation,cams_0071/cams_0071_2025-07_pm25.csv,https://www.tceq.texas.gov/cgi-bin/compliance/monops/monthly_summary.pl,2026-09-09 18:38:16 UTC,512e555e0b9b2314e34399448b1162fed9d246287895fae6b98f8a92a0ad8b19,4507,31,downloaded,
71,48_257_0005,Kaufman C71/A304/X071,2025-08,88101,24hr,maximum|average|standard_deviation,cams_0071/cams_0071_2025-08_pm25.csv,https://www.tceq.texas.gov/cgi-bin/compliance/monops/monthly_summary.pl,2026-09-09 18:38:18 UTC,d707a1cddef01762dd2bc48aec540413af0c5616cdb9a84a1d95ce44e9ff9f41,4531,31,downloaded,
71,48_257_0005,Kaufman C71/A304/X071,2025-09,88101,24hr,maximum|average|standard_deviation,cams_0071/cams_0071_2025-09_pm25.csv,https://www.tceq.texas.gov/cgi-bin/compliance/monops/monthly_summary.pl,2026-09-09 18:38:19 UTC,0c0745cd6f715e73bfd1965f2ef3cf8728dec6deca08e09029d5affbfbdc8f60,4291,30,downloaded,
71,48_257_0005,Kaufman C71/A304/X071,2025-10,88101,24hr,maximum|average|standard_deviation,cams_0071/cams_0071_2025-10_pm25.csv,https://www.tceq.texas.gov/cgi-bin/compliance/monops/monthly_summary.pl,2026-09-09 18:38:20 UTC,a75bf5877a736b8e6b4c720420e251e627cc4b4e54be4c423e1b00b7e98781bb,4393,31,downloaded,
71,48_257_0005,Kaufman C71/A304/X071,2025-11,88101,24hr,maximum|average|standard_deviation,cams_0071/cams_0071_2025-11_pm25.csv,https://www.tceq.texas.gov/cgi-bin/compliance/monops/monthly_summary.pl,2026-09-09 18:38:21 UTC,c842dd4989313cc437e4f597c04df90437700032e224eefe031ce085fa641213,4188,30,downloaded,
71,48_257_0005,Kaufman C71/A304/X071,2025-12,88101,24hr,maximum|average|standard_deviation,cams_0071/cams_0071_2025-12_pm25.csv,https://www.tceq.texas.gov/cgi-bin/compliance/monops/monthly_summary.pl,2026-09-09 18:38:23 UTC,a4441ee6db15a54a29e1891cedd5459c4ed54671863dc04a1a2a9b7a752c0a3c,4389,31,downloaded,
71,48_257_0005,Kaufman C71/A304/X071,2026-01,88101,24hr,maximum|average|standard_deviation,cams_0071/cams_0071_2026-01_pm25.csv,https://www.tceq.texas.gov/cgi-bin/compliance/monops/monthly_summary.pl,2026-09-09 18:38:24 UTC,993994c0fb233621f8f3a5572661a9e1ad6b0cefb0546373b085b761075d073c,4455,31,downloaded,
71,48_257_0005,Kaufman C71/A304/X071,2026-02,88101,24hr,maximum|average|standard_deviation,cams_0071/cams_0071_2026-02_pm25.csv,https://www.tceq.texas.gov/cgi-bin/compliance/monops/monthly_summary.pl,2026-09-09 18:38:25 UTC,19741fc00d0f44a52e3f869e576933705999ca6895e11ef5c90fa9150b28d90c,3993,28,downloaded,
71,48_257_0005,Kaufman C71/A304/X071,2026-03,88101,24hr,maximum|average|standard_deviation,cams_0071/cams_0071_2026-03_pm25.csv,https://www.tceq.texas.gov/cgi-bin/compliance/monops/monthly_summary.pl,2026-09-09 18:38:27 UTC,5431be1081d10489fc264b1381ec636248be6326234d41913053ae29c44cc461,4343,31,downloaded,
71,48_257_0005,Kaufman C71/A304/X071,2026-04,88101,24hr,maximum|average|standard_deviation,cams_0071/cams_0071_2026-04_pm25.csv,https://www.tceq.texas.gov/cgi-bin/compliance/monops/monthly_summary.pl,2026-09-09 18:38:28 UTC,0868aa201adcbad604e4fb6cdb1621d92bc8a45abac82ae683d8093cb95be9d6,4313,30,downloaded,
71,48_257_0005,Kaufman C71/A304/X071,2026-05,88101,24hr,maximum|average|standard_deviation,cams_0071/cams_0071_2026-05_pm25.csv,https://www.tceq.texas.gov/cgi-bin/compliance/monops/monthly_summary.pl,2026-09-09 18:38:29 UTC,1079ff6c2bec14720170ccf6eb4d3b13f3c7e1cb96a3f807df6c7767c92928df,4364,31,downloaded,
71,48_257_0005,Kaufman C71/A304/X071,2026-06,88101,24hr,maximum|average|standard_deviation,cams_0071/cams_0071_2026-06_pm25.csv,https://www.tceq.texas.gov/cgi-bin/compliance/monops/monthly_summary.pl,2026-09-09 18:38:30 UTC,8a111a921172bbb6bd656ff9f89d4bdeee51366d3f7a9aeb4bb728f51ffd7532,4390,30,downloaded,
71,48_257_0005,Kaufman C71/A304/X071,2026-07,88101,24hr,maximum|average|standard_deviation,cams_0071/cams_0071_2026-07_pm25.csv,https://www.tceq.texas.gov/cgi-bin/compliance/monops/monthly_summary.pl,2026-09-09 18:38:32 UTC,fb43dfc0a106905a695ca1d1cc96c276b3495fcc44f395ca149788cbd529f352,4557,31,downloaded,
71,48_257_0005,Kaufman C71/A304/X071,2026-08,88101,24hr,maximum|average|standard_deviation,cams_0071/cams_0071_2026-08_pm25.csv,https://www.tceq.texas.gov/cgi-bin/compliance/monops/monthly_summary.pl,2026-09-09 18:38:33 UTC,5e6975f5164bdabf6fd7332c4510b3f89499027d5cf3bcb6bad994835c58ab2f,4558,31,downloaded,
1051,48_349_1051,Corsicana Airport C1051,2022-04,88101,24hr,maximum|average|standard_deviation,cams_1051/cams_1051_2022-04_pm25.csv,https://www.tceq.texas.gov/cgi-bin/compliance/monops/monthly_summary.pl,2026-09-09 18:38:34 UTC,664e8c06353540569b3496224e2bf76d037b5d2c793cf61cd19af218594c221d,3853,30,downloaded,
1051,48_349_1051,Corsicana Airport C1051,2022-05,88101,24hr,maximum|average|standard_deviation,cams_1051/cams_1051_2022-05_pm25.csv,https://www.tceq.texas.gov/cgi-bin/compliance/monops/monthly_summary.pl,2026-09-09 18:38:35 UTC,549ad37e2daa3e9c6dce1338b45be827bfc9597a9e2ae35099451a18ec2afb8f,4511,31,downloaded,
1051,48_349_1051,Corsicana Airport C1051,2022-06,88101,24hr,maximum|average|standard_deviation,cams_1051/cams_1051_2022-06_pm25.csv,https://www.tceq.texas.gov/cgi-bin/compliance/monops/monthly_summary.pl,2026-09-09 18:38:37 UTC,9fb3608ed481104251c91b26bd6a09e4003e1183430b3f98c2c3e5741855147e,4506,30,downloaded,
1051,48_349_1051,Corsicana Airport C1051,2022-07,88101,24hr,maximum|average|standard_deviation,cams_1051/cams_1051_2022-07_pm25.csv,https://www.tceq.texas.gov/cgi-bin/compliance/monops/monthly_summary.pl,2026-09-09 18:38:38 UTC,da5a2582758aa1e55afb18cbc28d1c765b390a7760f4494ff3859c7dccad7524,4460,31,downloaded,
1051,48_349_1051,Corsicana Airport C1051,2022-08,88101,24hr,maximum|average|standard_deviation,cams_1051/cams_1051_2022-08_pm25.csv,https://www.tceq.texas.gov/cgi-bin/compliance/monops/monthly_summary.pl,2026-09-09 18:38:39 UTC,58ce764897f19f3b506b7c949a88b5919b33bd3c0988021a5dbcba18476bd6a9,4339,31,downloaded,
1051,48_349_1051,Corsicana Airport C1051,2022-09,88101,24hr,maximum|average|standard_deviation,cams_1051/cams_1051_2022-09_pm25.csv,https://www.tceq.texas.gov/cgi-bin/compliance/monops/monthly_summary.pl,2026-09-09 18:38:40 UTC,97c27167395c16024733772625a93c3373d45a8b2b710eb782dfb3f3ed64b516,4291,30,downloaded,
1051,48_349_1051,Corsicana Airport C1051,2022-10,88101,24hr,maximum|average|standard_deviation,cams_1051/cams_1051_2022-10_pm25.csv,https://www.tceq.texas.gov/cgi-bin/compliance/monops/monthly_summary.pl,2026-09-09 18:38:41 UTC,317c8492e3b25eff7a5ab23ae7ca1a6f13bf812f8a3405e2be3814665fd2e63c,4439,31,downloaded,
1051,48_349_1051,Corsicana Airport C1051,2022-11,88101,24hr,maximum|average|standard_deviation,cams_1051/cams_1051_2022-11_pm25.csv,https://www.tceq.texas.gov/cgi-bin/compliance/monops/monthly_summary.pl,2026-09-09 18:38:42 UTC,5878d64fb95fe2e948908c80d8c0e7eef4060fe35d01803cdab6e04d851307bf,4283,30,downloaded,
1051,48_349_1051,Corsicana Airport C1051,2022-12,88101,24hr,maximum|average|standard_deviation,cams_1051/cams_1051_2022-12_pm25.csv,https://www.tceq.texas.gov/cgi-bin/compliance/monops/monthly_summary.pl,2026-09-09 18:38:43 UTC,29803b6bdd8294bbc2a6af466386f7fc38bdc3a60014e5a47bcb4b283b7389c5,4369,31,downloaded,
1051,48_349_1051,Corsicana Airport C1051,2023-01,88101,24hr,maximum|average|standard_deviation,cams_1051/cams_1051_2023-01_pm25.csv,https://www.tceq.texas.gov/cgi-bin/compliance/monops/monthly_summary.pl,2026-09-09 18:38:45 UTC,dc9a33c6fc239fa60b91221873534d32321e79a69e115bb047463927a22befba,4381,31,downloaded,
1051,48_349_1051,Corsicana Airport C1051,2023-02,88101,24hr,maximum|average|standard_deviation,cams_1051/cams_1051_2023-02_pm25.csv,https://www.tceq.texas.gov/cgi-bin/compliance/monops/monthly_summary.pl,2026-09-09 18:38:46 UTC,293f0b58bbceecd5c5b2f05dc7fc7a98d36ed3af72291de264d21d2cdab93049,3674,28,downloaded,
1051,48_349_1051,Corsicana Airport C1051,2023-03,88101,24hr,maximum|average|standard_deviation,cams_1051/cams_1051_2023-03_pm25.csv,https://www.tceq.texas.gov/cgi-bin/compliance/monops/monthly_summary.pl,2026-09-09 18:38:47 UTC,1710a31686740106fb51164bb28e7ecdcce0687ad0556021a013ce7658b88be5,4165,31,downloaded,
1051,48_349_1051,Corsicana Airport C1051,2023-04,88101,24hr,maximum|average|standard_deviation,cams_1051/cams_1051_2023-04_pm25.csv,https://www.tceq.texas.gov/cgi-bin/compliance/monops/monthly_summary.pl,2026-09-09 18:38:48 UTC,294b3fea6f3a01a2024e9667878fe12540ed5e01bfc959319a689a62fe8a1717,4268,30,downloaded,
1051,48_349_1051,Corsicana Airport C1051,2023-05,88101,24hr,maximum|average|standard_deviation,cams_1051/cams_1051_2023-05_pm25.csv,https://www.tceq.texas.gov/cgi-bin/compliance/monops/monthly_summary.pl,2026-09-09 18:38:49 UTC,0061589b093c8d95b731e1a127cd790a28ecce8f0dcd67b4ce2f7a7d18561e16,4657,31,downloaded,
1051,48_349_1051,Corsicana Airport C1051,2023-06,88101,24hr,maximum|average|standard_deviation,cams_1051/cams_1051_2023-06_pm25.csv,https://www.tceq.texas.gov/cgi-bin/compliance/monops/monthly_summary.pl,2026-09-09 18:38:50 UTC,4228a3a2e3900a04ab8ce8b83e708a45d0a1deae7583576df2381af4c3382678,4536,30,downloaded,
1051,48_349_1051,Corsicana Airport C1051,2023-07,88101,24hr,maximum|average|standard_deviation,cams_1051/cams_1051_2023-07_pm25.csv,https://www.tceq.texas.gov/cgi-bin/compliance/monops/monthly_summary.pl,2026-09-09 18:38:51 UTC,ea83bfa4fd6e5c09873c471be14c9381f74ab0086d84cb07acd64c9cb19d58bd,4620,31,downloaded,
1051,48_349_1051,Corsicana Airport C1051,2023-08,88101,24hr,maximum|average|standard_deviation,cams_1051/cams_1051_2023-08_pm25.csv,https://www.tceq.texas.gov/cgi-bin/compliance/monops/monthly_summary.pl,2026-09-09 18:38:53 UTC,f7363a73485bac5c66241f0db1d51717d1e4f0f05fda427c9579d185fd938c08,4554,31,downloaded,
1051,48_349_1051,Corsicana Airport C1051,2023-09,88101,24hr,maximum|average|standard_deviation,cams_1051/cams_1051_2023-09_pm25.csv,https://www.tceq.texas.gov/cgi-bin/compliance/monops/monthly_summary.pl,2026-09-09 18:38:54 UTC,e57ee4036e2261d429ac82e66f5d2cb12fc0382bcbd091b76b01366370b8aa3b,4415,30,downloaded,
1051,48_349_1051,Corsicana Airport C1051,2023-10,88101,24hr,maximum|average|standard_deviation,cams_1051/cams_1051_2023-10_pm25.csv,https://www.tceq.texas.gov/cgi-bin/compliance/monops/monthly_summary.pl,2026-09-09 18:38:55 UTC,b7cdd4a5b62884aab344041413149dec503f4ab1a499dce0f9cfedd003100c28,4335,31,downloaded,
1051,48_349_1051,Corsicana Airport C1051,2023-11,88101,24hr,maximum|average|standard_deviation,cams_1051/cams_1051_2023-11_pm25.csv,https://www.tceq.texas.gov/cgi-bin/compliance/monops/monthly_summary.pl,2026-09-09 18:38:56 UTC,426fe7a09ed420ee69ebfbba77d8e6e0959869f019ed3fee0fd8986beaaeec9b,4331,30,downloaded,
1051,48_349_1051,Corsicana Airport C1051,2023-12,88101,24hr,maximum|average|standard_deviation,cams_1051/cams_1051_2023-12_pm25.csv,https://www.tceq.texas.gov/cgi-bin/compliance/monops/monthly_summary.pl,2026-09-09 18:38:57 UTC,20f7827edfb667b44e5c23c5d2551dc64f4f0659019f82f16b7b99eaffb659ce,4356,31,downloaded,
1051,48_349_1051,Corsicana Airport C1051,2024-01,88101,24hr,maximum|average|standard_deviation,cams_1051/cams_1051_2024-01_pm25.csv,https://www.tceq.texas.gov/cgi-bin/compliance/monops/monthly_summary.pl,2026-09-09 18:38:59 UTC,d00b23e449f89352ce5caffac7fff0cd689ab8a65e00c1e95e9cd6caac30c5e7,4317,31,downloaded,
1051,48_349_1051,Corsicana Airport C1051,2024-02,88101,24hr,maximum|average|standard_deviation,cams_1051/cams_1051_2024-02_pm25.csv,https://www.tceq.texas.gov/cgi-bin/compliance/monops/monthly_summary.pl,2026-09-09 18:39:00 UTC,c78fabf1b800a6e2dee768ae13c2fa37aa9ec4c8c2f233116c5774095d9e3e60,4105,29,downloaded,
1051,48_349_1051,Corsicana Airport C1051,2024-03,88101,24hr,maximum|average|standard_deviation,cams_1051/cams_1051_2024-03_pm25.csv,https://www.tceq.texas.gov/cgi-bin/compliance/monops/monthly_summary.pl,2026-09-09 18:39:01 UTC,ed0a7a3702864be39233cd70fdbc7211c1dddbe3dbeaed9f10b510543679685a,4509,31,downloaded,
1051,48_349_1051,Corsicana Airport C1051,2024-04,88101,24hr,maximum|average|standard_deviation,cams_1051/cams_1051_2024-04_pm25.csv,https://www.tceq.texas.gov/cgi-bin/compliance/monops/monthly_summary.pl,2026-09-09 18:39:02 UTC,9cd47e8bb4c72b2946bcf146a283fafd3cee67ab7ffbcc34a67c042e9b995a34,4351,30,downloaded,
1051,48_349_1051,Corsicana Airport C1051,2024-05,88101,24hr,maximum|average|standard_deviation,cams_1051/cams_1051_2024-05_pm25.csv,https://www.tceq.texas.gov/cgi-bin/compliance/monops/monthly_summary.pl,2026-09-09 18:39:03 UTC,2e949de9e4d79c6746bd4e1eda33479b18b6d57fe9f6d68c73cc94b4fc6149f2,4617,31,downloaded,
1051,48_349_1051,Corsicana Airport C1051,2024-06,88101,24hr,maximum|average|standard_deviation,cams_1051/cams_1051_2024-06_pm25.csv,https://www.tceq.texas.gov/cgi-bin/compliance/monops/monthly_summary.pl,2026-09-09 18:39:05 UTC,77edc30b7b009249316be21bf3f1852c49567693baba375c950a9b91c66b0ef9,4463,30,downloaded,
1051,48_349_1051,Corsicana Airport C1051,2024-07,88101,24hr,maximum|average|standard_deviation,cams_1051/cams_1051_2024-07_pm25.csv,https://www.tceq.texas.gov/cgi-bin/compliance/monops/monthly_summary.pl,2026-09-09 18:39:06 UTC,9e437513838d8b3b3376308cb0bd130244dc25beb6ea0639255d243604f830f2,4590,31,downloaded,
1051,48_349_1051,Corsicana Airport C1051,2024-08,88101,24hr,maximum|average|standard_deviation,cams_1051/cams_1051_2024-08_pm25.csv,https://www.tceq.texas.gov/cgi-bin/compliance/monops/monthly_summary.pl,2026-09-09 18:39:07 UTC,2f9a15d9395af597e9a68fbdae7cf293857d374c17cc3d3215795410aa9fc33d,4568,31,downloaded,
1051,48_349_1051,Corsicana Airport C1051,2024-09,88101,24hr,maximum|average|standard_deviation,cams_1051/cams_1051_2024-09_pm25.csv,https://www.tceq.texas.gov/cgi-bin/compliance/monops/monthly_summary.pl,2026-09-09 18:39:08 UTC,df7aa861c6445736aee83589c5a9089eeeda369bccb3ee317c035418bb73c865,4220,30,downloaded,
1051,48_349_1051,Corsicana Airport C1051,2024-10,88101,24hr,maximum|average|standard_deviation,cams_1051/cams_1051_2024-10_pm25.csv,https://www.tceq.texas.gov/cgi-bin/compliance/monops/monthly_summary.pl,2026-09-09 18:39:09 UTC,667263e42a768164d322c3488184754c77c471447a84f041a65d4c33bd572033,4400,31,downloaded,
1051,48_349_1051,Corsicana Airport C1051,2024-11,88101,24hr,maximum|average|standard_deviation,cams_1051/cams_1051_2024-11_pm25.csv,https://www.tceq.texas.gov/cgi-bin/compliance/monops/monthly_summary.pl,2026-09-09 18:39:11 UTC,b41b82fae1dde4f223e009b4a7ef4c84c9c38d6d235e625f97ec78a8a75ec4d8,4243,30,downloaded,
1051,48_349_1051,Corsicana Airport C1051,2024-12,88101,24hr,maximum|average|standard_deviation,cams_1051/cams_1051_2024-12_pm25.csv,https://www.tceq.texas.gov/cgi-bin/compliance/monops/monthly_summary.pl,2026-09-09 18:39:12 UTC,d50f9773c466d5b5ceb7ff3786382c6a3b7c9feffcbdbae96cc795426f566c36,4339,31,downloaded,
1051,48_349_1051,Corsicana Airport C1051,2025-01,88101,24hr,maximum|average|standard_deviation,cams_1051/cams_1051_2025-01_pm25.csv,https://www.tceq.texas.gov/cgi-bin/compliance/monops/monthly_summary.pl,2026-09-09 18:39:13 UTC,d49fa24e3ad94c7eafb6d5d700ad5d7dfb28574464b56131ed309bad278911a4,4374,31,downloaded,
1051,48_349_1051,Corsicana Airport C1051,2025-02,88101,24hr,maximum|average|standard_deviation,cams_1051/cams_1051_2025-02_pm25.csv,https://www.tceq.texas.gov/cgi-bin/compliance/monops/monthly_summary.pl,2026-09-09 18:39:14 UTC,f8c5019ecededa86148828a08bfd70ba42346ada0263cc0a07a5eae9eeeb9ebc,3999,28,downloaded,
1051,48_349_1051,Corsicana Airport C1051,2025-03,88101,24hr,maximum|average|standard_deviation,cams_1051/cams_1051_2025-03_pm25.csv,https://www.tceq.texas.gov/cgi-bin/compliance/monops/monthly_summary.pl,2026-09-09 18:39:15 UTC,7586b71954562eb9da8d5316bee8a69bbbe0460dbf17e90badc4717c80b8236f,4393,31,downloaded,
1051,48_349_1051,Corsicana Airport C1051,2025-04,88101,24hr,maximum|average|standard_deviation,cams_1051/cams_1051_2025-04_pm25.csv,https://www.tceq.texas.gov/cgi-bin/compliance/monops/monthly_summary.pl,2026-09-09 18:39:17 UTC,1546f2c6137abaa680120853e826eaba183586b7d50f92309aac0644d93d933d,4350,30,downloaded,
1051,48_349_1051,Corsicana Airport C1051,2025-05,88101,24hr,maximum|average|standard_deviation,cams_1051/cams_1051_2025-05_pm25.csv,https://www.tceq.texas.gov/cgi-bin/compliance/monops/monthly_summary.pl,2026-09-09 18:39:18 UTC,8d9a1f45db5ca04b6bbd195afebe0a1320cd82335e7ba312fe718bf62cdad075,4451,31,downloaded,
1051,48_349_1051,Corsicana Airport C1051,2025-06,88101,24hr,maximum|average|standard_deviation,cams_1051/cams_1051_2025-06_pm25.csv,https://www.tceq.texas.gov/cgi-bin/compliance/monops/monthly_summary.pl,2026-09-09 18:39:19 UTC,c39e8d3ca9c7f6ed9967333f97f183fa1d27417f7cbc853000ca0c84cab14ca3,4373,30,downloaded,
1051,48_349_1051,Corsicana Airport C1051,2025-07,88101,24hr,maximum|average|standard_deviation,cams_1051/cams_1051_2025-07_pm25.csv,https://www.tceq.texas.gov/cgi-bin/compliance/monops/monthly_summary.pl,2026-09-09 18:39:20 UTC,8d2b6e157cf8a35575cc8dac6711f6bd43eca4ae50e4c78566478ac6d01046c5,4557,31,downloaded,
1051,48_349_1051,Corsicana Airport C1051,2025-08,88101,24hr,maximum|average|standard_deviation,cams_1051/cams_1051_2025-08_pm25.csv,https://www.tceq.texas.gov/cgi-bin/compliance/monops/monthly_summary.pl,2026-09-09 18:39:21 UTC,6dacc6bda2ad1fc99561efe724b7f50804a4b59155fed9989c6fbcb4c8b4de4d,4480,31,downloaded,
1051,48_349_1051,Corsicana Airport C1051,2025-09,88101,24hr,maximum|average|standard_deviation,cams_1051/cams_1051_2025-09_pm25.csv,https://www.tceq.texas.gov/cgi-bin/compliance/monops/monthly_summary.pl,2026-09-09 18:39:22 UTC,1751b1798016e009e6d9aa284831afc21569b8d34530405c4fe1f30d3f960d0f,4396,30,downloaded,
1051,48_349_1051,Corsicana Airport C1051,2025-10,88101,24hr,maximum|average|standard_deviation,cams_1051/cams_1051_2025-10_pm25.csv,https://www.tceq.texas.gov/cgi-bin/compliance/monops/monthly_summary.pl,2026-09-09 18:39:24 UTC,0338145070e53a01a84fa4f201c32530ffa34561468d130f5d617052643ecd12,4406,31,downloaded,
1051,48_349_1051,Corsicana Airport C1051,2025-11,88101,24hr,maximum|average|standard_deviation,cams_1051/cams_1051_2025-11_pm25.csv,https://www.tceq.texas.gov/cgi-bin/compliance/monops/monthly_summary.pl,2026-09-09 18:39:25 UTC,82d121d59624b05eff16c2d1e00ce1ccde551bbeee3403ebb148ef34ad14bcbe,4194,30,downloaded,
1051,48_349_1051,Corsicana Airport C1051,2025-12,88101,24hr,maximum|average|standard_deviation,cams_1051/cams_1051_2025-12_pm25.csv,https://www.tceq.texas.gov/cgi-bin/compliance/monops/monthly_summary.pl,2026-09-09 18:39:26 UTC,9d4b2fe769ecc25d785f56e5ad952d1cceec5972a6c47b3e50d219d5e66eb1ae,4392,31,downloaded,
1051,48_349_1051,Corsicana Airport C1051,2026-01,88101,24hr,maximum|average|standard_deviation,cams_1051/cams_1051_2026-01_pm25.csv,https://www.tceq.texas.gov/cgi-bin/compliance/monops/monthly_summary.pl,2026-09-09 18:39:27 UTC,197dcd4d6041cb9be2626af0bdae051fc4f0754866ee472573dd796a46eaa4c0,4408,31,downloaded,
1051,48_349_1051,Corsicana Airport C1051,2026-02,88101,24hr,maximum|average|standard_deviation,cams_1051/cams_1051_2026-02_pm25.csv,https://www.tceq.texas.gov/cgi-bin/compliance/monops/monthly_summary.pl,2026-09-09 18:39:28 UTC,6150c493d9775daf5196ed08a47ecb6eb2cb49e0f0a68cce3338a755d6893cf7,4030,28,downloaded,
1051,48_349_1051,Corsicana Airport C1051,2026-03,88101,24hr,maximum|average|standard_deviation,cams_1051/cams_1051_2026-03_pm25.csv,https://www.tceq.texas.gov/cgi-bin/compliance/monops/monthly_summary.pl,2026-09-09 18:39:30 UTC,00896bf35f7eef0a465b064c7468a493114cb7c8ab8af0ad98ee3e0ab7e95d5d,4335,31,downloaded,
1051,48_349_1051,Corsicana Airport C1051,2026-04,88101,24hr,maximum|average|standard_deviation,cams_1051/cams_1051_2026-04_pm25.csv,https://www.tceq.texas.gov/cgi-bin/compliance/monops/monthly_summary.pl,2026-09-09 18:39:31 UTC,28099ea66cfd3e5120b65ec37fc88471ee053f7398fdc8f27a98cf8eddd8aae5,4328,30,downloaded,
1051,48_349_1051,Corsicana Airport C1051,2026-05,88101,24hr,maximum|average|standard_deviation,cams_1051/cams_1051_2026-05_pm25.csv,https://www.tceq.texas.gov/cgi-bin/compliance/monops/monthly_summary.pl,2026-09-09 18:39:32 UTC,fb5d0476babcd06844e3b3becffd1f868a3df7989d4bb272063b719d315347b3,4471,31,downloaded,
1051,48_349_1051,Corsicana Airport C1051,2026-06,88101,24hr,maximum|average|standard_deviation,cams_1051/cams_1051_2026-06_pm25.csv,https://www.tceq.texas.gov/cgi-bin/compliance/monops/monthly_summary.pl,2026-09-09 18:39:33 UTC,dda4ca8471d12741efb4ac91125bfca79bcf6ee56670d63bab359ce550c5785b,4423,30,downloaded,
1051,48_349_1051,Corsicana Airport C1051,2026-07,88101,24hr,maximum|average|standard_deviation,cams_1051/cams_1051_2026-07_pm25.csv,https://www.tceq.texas.gov/cgi-bin/compliance/monops/monthly_summary.pl,2026-09-09 18:39:34 UTC,0069d5781446fd33db178d6d22491ff6d0ad0615eb15d6ade840f5b2e99f1a33,4598,31,downloaded,
1051,48_349_1051,Corsicana Airport C1051,2026-08,88101,24hr,maximum|average|standard_deviation,cams_1051/cams_1051_2026-08_pm25.csv,https://www.tceq.texas.gov/cgi-bin/compliance/monops/monthly_summary.pl,2026-09-09 18:39:36 UTC,fbac442ece8b3c2f932de634f73e83b3bbfc1fadf0579e71cc43f63df25eb2c0,4360,31,downloaded,
13,48_439_1002,Ft. Worth Northwest C13/AH302,2019-07,88101,24hr,maximum|average|standard_deviation,cams_0013/cams_0013_2019-07_pm25.csv,https://www.tceq.texas.gov/cgi-bin/compliance/monops/monthly_summary.pl,2026-09-09 18:39:37 UTC,f8317c4014143582864d3adba8e991a51a02d28173149675c38ac33b2ac665b4,3920,31,downloaded,
13,48_439_1002,Ft. Worth Northwest C13/AH302,2019-08,88101,24hr,maximum|average|standard_deviation,cams_0013/cams_0013_2019-08_pm25.csv,https://www.tceq.texas.gov/cgi-bin/compliance/monops/monthly_summary.pl,2026-09-09 18:39:38 UTC,be67335ea460ee3ae6e23e6e416c1b617c25358e56704d72246c915badf3539c,4658,31,downloaded,
13,48_439_1002,Ft. Worth Northwest C13/AH302,2019-09,88101,24hr,maximum|average|standard_deviation,cams_0013/cams_0013_2019-09_pm25.csv,https://www.tceq.texas.gov/cgi-bin/compliance/monops/monthly_summary.pl,2026-09-09 18:39:39 UTC,16d6fc7e7e2da7b9d1cbb93cb6b76cb89b009629c5a9fe6f57e8553fc8ea7a03,4399,30,downloaded,
13,48_439_1002,Ft. Worth Northwest C13/AH302,2019-10,88101,24hr,maximum|average|standard_deviation,cams_0013/cams_0013_2019-10_pm25.csv,https://www.tceq.texas.gov/cgi-bin/compliance/monops/monthly_summary.pl,2026-09-09 18:39:40 UTC,166d6a95d6370fcc71c3468afae651c460033131f6690548f6f132802a2276f1,4445,31,downloaded,
13,48_439_1002,Ft. Worth Northwest C13/AH302,2019-11,88101,24hr,maximum|average|standard_deviation,cams_0013/cams_0013_2019-11_pm25.csv,https://www.tceq.texas.gov/cgi-bin/compliance/monops/monthly_summary.pl,2026-09-09 18:39:42 UTC,43cbbee22a8a83a5a2841b51eed58492d2b57bfbb507fe70c2ddfcc0ec9e1d5c,4488,30,downloaded,
13,48_439_1002,Ft. Worth Northwest C13/AH302,2019-12,88101,24hr,maximum|average|standard_deviation,cams_0013/cams_0013_2019-12_pm25.csv,https://www.tceq.texas.gov/cgi-bin/compliance/monops/monthly_summary.pl,2026-09-09 18:39:43 UTC,efe17bc4b266e5d4d822a7857d80d2acf0e13a84f3d1ac816f08080715309f4e,4653,31,downloaded,
13,48_439_1002,Ft. Worth Northwest C13/AH302,2020-01,88101,24hr,maximum|average|standard_deviation,cams_0013/cams_0013_2020-01_pm25.csv,https://www.tceq.texas.gov/cgi-bin/compliance/monops/monthly_summary.pl,2026-09-09 18:39:44 UTC,2de83cd267c477c5e54a3f5e47a71523c6a581da423a59b36fb66b617f003a4a,4566,31,downloaded,
13,48_439_1002,Ft. Worth Northwest C13/AH302,2020-02,88101,24hr,maximum|average|standard_deviation,cams_0013/cams_0013_2020-02_pm25.csv,https://www.tceq.texas.gov/cgi-bin/compliance/monops/monthly_summary.pl,2026-09-09 18:39:45 UTC,278181d41132346e58aeb198b852bf36563a804edf7a7e72f328b4a2d4283aeb,4212,29,downloaded,
13,48_439_1002,Ft. Worth Northwest C13/AH302,2020-03,88101,24hr,maximum|average|standard_deviation,cams_0013/cams_0013_2020-03_pm25.csv,https://www.tceq.texas.gov/cgi-bin/compliance/monops/monthly_summary.pl,2026-09-09 18:39:47 UTC,200877ddeed7d83ac56c1b701995e5b494f8d0f4c944b6dc0cec1bc8b3de57eb,4606,31,downloaded,
13,48_439_1002,Ft. Worth Northwest C13/AH302,2020-04,88101,24hr,maximum|average|standard_deviation,cams_0013/cams_0013_2020-04_pm25.csv,https://www.tceq.texas.gov/cgi-bin/compliance/monops/monthly_summary.pl,2026-09-09 18:39:48 UTC,259d102e7410c17842d5e5f1f02d7f0558e932e9375f07fc5b137c52203891b8,4456,30,downloaded,
13,48_439_1002,Ft. Worth Northwest C13/AH302,2020-05,88101,24hr,maximum|average|standard_deviation,cams_0013/cams_0013_2020-05_pm25.csv,https://www.tceq.texas.gov/cgi-bin/compliance/monops/monthly_summary.pl,2026-09-09 18:39:49 UTC,68480f235b59bdad30cd58116fac1ace55733f6f057d9f0c9e9395ff25eb360f,4510,31,downloaded,
13,48_439_1002,Ft. Worth Northwest C13/AH302,2020-06,88101,24hr,maximum|average|standard_deviation,cams_0013/cams_0013_2020-06_pm25.csv,https://www.tceq.texas.gov/cgi-bin/compliance/monops/monthly_summary.pl,2026-09-09 18:39:50 UTC,88f94f55a582ebed67042e728586ec9b32cebe8590cf69fa0e09bb4936584460,4544,30,downloaded,
13,48_439_1002,Ft. Worth Northwest C13/AH302,2020-07,88101,24hr,maximum|average|standard_deviation,cams_0013/cams_0013_2020-07_pm25.csv,https://www.tceq.texas.gov/cgi-bin/compliance/monops/monthly_summary.pl,2026-09-09 18:39:51 UTC,732444b616033a01274884992e56101b3b5307af26b74325a47daab539ef8623,4641,31,downloaded,
13,48_439_1002,Ft. Worth Northwest C13/AH302,2020-08,88101,24hr,maximum|average|standard_deviation,cams_0013/cams_0013_2020-08_pm25.csv,https://www.tceq.texas.gov/cgi-bin/compliance/monops/monthly_summary.pl,2026-09-09 18:39:53 UTC,2e8e9063a83776d86db9c00e73fed2cd3c7872396905cce2ba846cf12a37326d,4416,31,downloaded,
13,48_439_1002,Ft. Worth Northwest C13/AH302,2020-09,88101,24hr,maximum|average|standard_deviation,cams_0013/cams_0013_2020-09_pm25.csv,https://www.tceq.texas.gov/cgi-bin/compliance/monops/monthly_summary.pl,2026-09-09 18:39:54 UTC,b12754d3577aea9ab89b770f37e3d6e515c50910534bed9eec0a4998d60b1d52,4391,30,downloaded,
13,48_439_1002,Ft. Worth Northwest C13/AH302,2020-10,88101,24hr,maximum|average|standard_deviation,cams_0013/cams_0013_2020-10_pm25.csv,https://www.tceq.texas.gov/cgi-bin/compliance/monops/monthly_summary.pl,2026-09-09 18:39:55 UTC,3d3dc3b7e2dbb4d3ca3ee7e851afe6426e496fb4edba6c6f058175b1b8b73079,4529,31,downloaded,
13,48_439_1002,Ft. Worth Northwest C13/AH302,2020-11,88101,24hr,maximum|average|standard_deviation,cams_0013/cams_0013_2020-11_pm25.csv,https://www.tceq.texas.gov/cgi-bin/compliance/monops/monthly_summary.pl,2026-09-09 18:39:56 UTC,2160db04d507833f4edd5e08895713be9df06c5bb4d063d57b6ba6e93c14e055,4406,30,downloaded,
13,48_439_1002,Ft. Worth Northwest C13/AH302,2020-12,88101,24hr,maximum|average|standard_deviation,cams_0013/cams_0013_2020-12_pm25.csv,https://www.tceq.texas.gov/cgi-bin/compliance/monops/monthly_summary.pl,2026-09-09 18:39:58 UTC,9c4b6a8362befef24066a3b4740cc82baa5d2967b1ca91eb80e3c6c7df292578,4465,31,downloaded,
13,48_439_1002,Ft. Worth Northwest C13/AH302,2021-01,88101,24hr,maximum|average|standard_deviation,cams_0013/cams_0013_2021-01_pm25.csv,https://www.tceq.texas.gov/cgi-bin/compliance/monops/monthly_summary.pl,2026-09-09 18:39:59 UTC,ad23d8105057b8bbf3db46903cb9d2d812852f139e58450aedf9f41f88df6f80,4554,31,downloaded,
13,48_439_1002,Ft. Worth Northwest C13/AH302,2021-02,88101,24hr,maximum|average|standard_deviation,cams_0013/cams_0013_2021-02_pm25.csv,https://www.tceq.texas.gov/cgi-bin/compliance/monops/monthly_summary.pl,2026-09-09 18:40:00 UTC,95c34330ebf6c1b4103b5feb3e71ee448f4b29a2327fabdc7981bec937bc3f6e,4155,28,downloaded,
13,48_439_1002,Ft. Worth Northwest C13/AH302,2021-03,88101,24hr,maximum|average|standard_deviation,cams_0013/cams_0013_2021-03_pm25.csv,https://www.tceq.texas.gov/cgi-bin/compliance/monops/monthly_summary.pl,2026-09-09 18:40:01 UTC,0e8eba37d0acce1cf74be3b7e4be1cc62dcf2a82bd8a086713ee4d31f24c3074,4543,31,downloaded,
13,48_439_1002,Ft. Worth Northwest C13/AH302,2021-04,88101,24hr,maximum|average|standard_deviation,cams_0013/cams_0013_2021-04_pm25.csv,https://www.tceq.texas.gov/cgi-bin/compliance/monops/monthly_summary.pl,2026-09-09 18:40:03 UTC,ed91d348ffa9ed0a04ea8ee8881f7e672e7bef3f5b6ad913382fef3cb6325530,4393,30,downloaded,
13,48_439_1002,Ft. Worth Northwest C13/AH302,2021-05,88101,24hr,maximum|average|standard_deviation,cams_0013/cams_0013_2021-05_pm25.csv,https://www.tceq.texas.gov/cgi-bin/compliance/monops/monthly_summary.pl,2026-09-09 18:40:04 UTC,46381d30805a8b3b0437bda54b378afe1448a3d42ae780542b3fa0fd2adb2783,4405,31,downloaded,
13,48_439_1002,Ft. Worth Northwest C13/AH302,2021-06,88101,24hr,maximum|average|standard_deviation,cams_0013/cams_0013_2021-06_pm25.csv,https://www.tceq.texas.gov/cgi-bin/compliance/monops/monthly_summary.pl,2026-09-09 18:40:05 UTC,bf6dc89bc64f9451fa9073cca5f654bafb6b73344732133f9fcb5c0d4a61defb,4455,30,downloaded,
13,48_439_1002,Ft. Worth Northwest C13/AH302,2021-07,88101,24hr,maximum|average|standard_deviation,cams_0013/cams_0013_2021-07_pm25.csv,https://www.tceq.texas.gov/cgi-bin/compliance/monops/monthly_summary.pl,2026-09-09 18:40:07 UTC,45e352796862cf9f37c377fdd995956b3d67ff11a54026850cb8ad8ce4fbadd5,4723,31,downloaded,
13,48_439_1002,Ft. Worth Northwest C13/AH302,2021-08,88101,24hr,maximum|average|standard_deviation,cams_0013/cams_0013_2021-08_pm25.csv,https://www.tceq.texas.gov/cgi-bin/compliance/monops/monthly_summary.pl,2026-09-09 18:40:08 UTC,02bc59ca22882ecdc33a4fdde38769884fd541b767224e69318b2ffa2645ec65,4448,31,downloaded,
13,48_439_1002,Ft. Worth Northwest C13/AH302,2021-09,88101,24hr,maximum|average|standard_deviation,cams_0013/cams_0013_2021-09_pm25.csv,https://www.tceq.texas.gov/cgi-bin/compliance/monops/monthly_summary.pl,2026-09-09 18:40:09 UTC,248cc8ba273af304a03346641e3b57a6a780099c9e5825be13f3958d49330c49,4429,30,downloaded,
13,48_439_1002,Ft. Worth Northwest C13/AH302,2021-10,88101,24hr,maximum|average|standard_deviation,cams_0013/cams_0013_2021-10_pm25.csv,https://www.tceq.texas.gov/cgi-bin/compliance/monops/monthly_summary.pl,2026-09-09 18:40:11 UTC,a1e5bf1469b26f20e5593f929057b2df4f7b3ba1eb189e428952fd81e35baa70,4452,31,downloaded,
13,48_439_1002,Ft. Worth Northwest C13/AH302,2021-11,88101,24hr,maximum|average|standard_deviation,cams_0013/cams_0013_2021-11_pm25.csv,https://www.tceq.texas.gov/cgi-bin/compliance/monops/monthly_summary.pl,2026-09-09 18:40:12 UTC,9c739eb3eb62c7ae904bae904d8bf149153b57190e8239b36cbbf26eb6a19dcb,4280,30,downloaded,
13,48_439_1002,Ft. Worth Northwest C13/AH302,2021-12,88101,24hr,maximum|average|standard_deviation,cams_0013/cams_0013_2021-12_pm25.csv,https://www.tceq.texas.gov/cgi-bin/compliance/monops/monthly_summary.pl,2026-09-09 18:40:14 UTC,30f440182bbd39a0b6297d044e1ef1dcfb02b1cc8ebf966f7feb6a97fe25e76b,4592,31,downloaded,
13,48_439_1002,Ft. Worth Northwest C13/AH302,2022-01,88101,24hr,maximum|average|standard_deviation,cams_0013/cams_0013_2022-01_pm25.csv,https://www.tceq.texas.gov/cgi-bin/compliance/monops/monthly_summary.pl,2026-09-09 18:40:15 UTC,599660e4746738c5e310d4ae3ded40170f3dcf1fa860baccb0256352cb4e3178,4527,31,downloaded,
13,48_439_1002,Ft. Worth Northwest C13/AH302,2022-02,88101,24hr,maximum|average|standard_deviation,cams_0013/cams_0013_2022-02_pm25.csv,https://www.tceq.texas.gov/cgi-bin/compliance/monops/monthly_summary.pl,2026-09-09 18:40:16 UTC,54cf74525e2287eb76db10a6f606f8bf34f7ba8cf049daa681649f89f9d728b3,4066,28,downloaded,
13,48_439_1002,Ft. Worth Northwest C13/AH302,2022-03,88101,24hr,maximum|average|standard_deviation,cams_0013/cams_0013_2022-03_pm25.csv,https://www.tceq.texas.gov/cgi-bin/compliance/monops/monthly_summary.pl,2026-09-09 18:40:18 UTC,ede44621fcb4d49924fbf86e6f3f158ad2b567f4f1b2d1433247641f78b2d723,4487,31,downloaded,
13,48_439_1002,Ft. Worth Northwest C13/AH302,2022-04,88101,24hr,maximum|average|standard_deviation,cams_0013/cams_0013_2022-04_pm25.csv,https://www.tceq.texas.gov/cgi-bin/compliance/monops/monthly_summary.pl,2026-09-09 18:40:19 UTC,edb78cfa934560a12a8a4f2397365a1ecb318528d7f2a5221af834acfd9ec667,4415,30,downloaded,
13,48_439_1002,Ft. Worth Northwest C13/AH302,2022-05,88101,24hr,maximum|average|standard_deviation,cams_0013/cams_0013_2022-05_pm25.csv,https://www.tceq.texas.gov/cgi-bin/compliance/monops/monthly_summary.pl,2026-09-09 18:40:21 UTC,c5755f8afe6e0eddefd01f13ac277fdbe3a4a64030c125eb75f19222e9eb0050,4539,31,downloaded,
13,48_439_1002,Ft. Worth Northwest C13/AH302,2022-06,88101,24hr,maximum|average|standard_deviation,cams_0013/cams_0013_2022-06_pm25.csv,https://www.tceq.texas.gov/cgi-bin/compliance/monops/monthly_summary.pl,2026-09-09 18:40:22 UTC,c79cc484b48187d0699084967b17cf585cb5484aa77d24677a99cd7b40b3ab44,4500,30,downloaded,
13,48_439_1002,Ft. Worth Northwest C13/AH302,2022-07,88101,24hr,maximum|average|standard_deviation,cams_0013/cams_0013_2022-07_pm25.csv,https://www.tceq.texas.gov/cgi-bin/compliance/monops/monthly_summary.pl,2026-09-09 18:40:23 UTC,58551949d53574abe7e3a4d1706714174fc9f86bb7d720deaa2d6e5574e06734,4514,31,downloaded,
13,48_439_1002,Ft. Worth Northwest C13/AH302,2022-08,88101,24hr,maximum|average|standard_deviation,cams_0013/cams_0013_2022-08_pm25.csv,https://www.tceq.texas.gov/cgi-bin/compliance/monops/monthly_summary.pl,2026-09-09 18:40:25 UTC,b52edf63951925b1cba098d9c4787e4355301e7f7a0c672e3ecb053ffd9c2526,4420,31,downloaded,
13,48_439_1002,Ft. Worth Northwest C13/AH302,2022-09,88101,24hr,maximum|average|standard_deviation,cams_0013/cams_0013_2022-09_pm25.csv,https://www.tceq.texas.gov/cgi-bin/compliance/monops/monthly_summary.pl,2026-09-09 18:40:26 UTC,b1511979c093c68f940fce8c2e3744371417a7fd76fadc23209ee05d431f0ce2,4195,30,downloaded,
13,48_439_1002,Ft. Worth Northwest C13/AH302,2022-10,88101,24hr,maximum|average|standard_deviation,cams_0013/cams_0013_2022-10_pm25.csv,https://www.tceq.texas.gov/cgi-bin/compliance/monops/monthly_summary.pl,2026-09-09 18:40:27 UTC,07821c450241ce6bcfeb0c8a106b1d4447a4d02731a5ee979a61b520fb14f66e,4536,31,downloaded,
13,48_439_1002,Ft. Worth Northwest C13/AH302,2022-11,88101,24hr,maximum|average|standard_deviation,cams_0013/cams_0013_2022-11_pm25.csv,https://www.tceq.texas.gov/cgi-bin/compliance/monops/monthly_summary.pl,2026-09-09 18:40:28 UTC,4a0f028072a0a95dd9c3d9e5e3fdc42af905972f8166bfc2352baab7e05dda79,4368,30,downloaded,
13,48_439_1002,Ft. Worth Northwest C13/AH302,2022-12,88101,24hr,maximum|average|standard_deviation,cams_0013/cams_0013_2022-12_pm25.csv,https://www.tceq.texas.gov/cgi-bin/compliance/monops/monthly_summary.pl,2026-09-09 18:40:30 UTC,eccdb2959270c49e1114921a078c968087c3fad026fe8435ac1b564a0d2c54db,4497,31,downloaded,
13,48_439_1002,Ft. Worth Northwest C13/AH302,2023-01,88101,24hr,maximum|average|standard_deviation,cams_0013/cams_0013_2023-01_pm25.csv,https://www.tceq.texas.gov/cgi-bin/compliance/monops/monthly_summary.pl,2026-09-09 18:40:31 UTC,df52a640f6c643c76e04f78fa6fe9f50bce282b694d18aeda85215953aca31bc,4457,31,downloaded,
13,48_439_1002,Ft. Worth Northwest C13/AH302,2023-02,88101,24hr,maximum|average|standard_deviation,cams_0013/cams_0013_2023-02_pm25.csv,https://www.tceq.texas.gov/cgi-bin/compliance/monops/monthly_summary.pl,2026-09-09 18:40:32 UTC,6221ad9883283001c102d3a99c5eb201a5be9f591dc1e654b4b67314655de01c,4106,28,downloaded,
13,48_439_1002,Ft. Worth Northwest C13/AH302,2023-03,88101,24hr,maximum|average|standard_deviation,cams_0013/cams_0013_2023-03_pm25.csv,https://www.tceq.texas.gov/cgi-bin/compliance/monops/monthly_summary.pl,2026-09-09 18:40:34 UTC,0f66fd34f53d497fd9519fda6cb096da5bb487736fe12f82fc32c0263f5be625,4532,31,downloaded,
13,48_439_1002,Ft. Worth Northwest C13/AH302,2023-04,88101,24hr,maximum|average|standard_deviation,cams_0013/cams_0013_2023-04_pm25.csv,https://www.tceq.texas.gov/cgi-bin/compliance/monops/monthly_summary.pl,2026-09-09 18:40:35 UTC,f455722e8e947523f1b6d45228bdfed4ee2f068e49c3a1c7a899f58542e06229,4374,30,downloaded,
13,48_439_1002,Ft. Worth Northwest C13/AH302,2023-05,88101,24hr,maximum|average|standard_deviation,cams_0013/cams_0013_2023-05_pm25.csv,https://www.tceq.texas.gov/cgi-bin/compliance/monops/monthly_summary.pl,2026-09-09 18:40:36 UTC,5eb9c9cd66248258f3ed1c13d82fbae79eabb85206b77655a85fd12a5ae0c6fc,4696,31,downloaded,
13,48_439_1002,Ft. Worth Northwest C13/AH302,2023-06,88101,24hr,maximum|average|standard_deviation,cams_0013/cams_0013_2023-06_pm25.csv,https://www.tceq.texas.gov/cgi-bin/compliance/monops/monthly_summary.pl,2026-09-09 18:40:37 UTC,0546c7372269e1a399f4aa4f09d4f5aaad19a315e1b0880e6c880477eaa23ca9,4534,30,downloaded,
13,48_439_1002,Ft. Worth Northwest C13/AH302,2023-07,88101,24hr,maximum|average|standard_deviation,cams_0013/cams_0013_2023-07_pm25.csv,https://www.tceq.texas.gov/cgi-bin/compliance/monops/monthly_summary.pl,2026-09-09 18:40:39 UTC,a2b60a457355a75afa84a3338573370543ec9f51c3b22e469d694f22210c6c8a,4490,31,downloaded,
13,48_439_1002,Ft. Worth Northwest C13/AH302,2023-08,88101,24hr,maximum|average|standard_deviation,cams_0013/cams_0013_2023-08_pm25.csv,https://www.tceq.texas.gov/cgi-bin/compliance/monops/monthly_summary.pl,2026-09-09 18:40:40 UTC,4f4bfb044439555f4a1f50ca627c90ad291c75999f385396dc61f6058786c2c1,4541,31,downloaded,
13,48_439_1002,Ft. Worth Northwest C13/AH302,2023-09,88101,24hr,maximum|average|standard_deviation,cams_0013/cams_0013_2023-09_pm25.csv,https://www.tceq.texas.gov/cgi-bin/compliance/monops/monthly_summary.pl,2026-09-09 18:40:41 UTC,b13b98c168c1557051283fe94da1ac1ee9e3cdd79e5b701acc8b21ae6bce43e7,4444,30,downloaded,
13,48_439_1002,Ft. Worth Northwest C13/AH302,2023-10,88101,24hr,maximum|average|standard_deviation,cams_0013/cams_0013_2023-10_pm25.csv,https://www.tceq.texas.gov/cgi-bin/compliance/monops/monthly_summary.pl,2026-09-09 18:40:43 UTC,5c3e5d7ad9cbb7a74670c54d61ed15c7f542e66cd6e0f430adc254631658ff2e,4362,31,downloaded,
13,48_439_1002,Ft. Worth Northwest C13/AH302,2023-11,88101,24hr,maximum|average|standard_deviation,cams_0013/cams_0013_2023-11_pm25.csv,https://www.tceq.texas.gov/cgi-bin/compliance/monops/monthly_summary.pl,2026-09-09 18:40:44 UTC,026ad25bbda40abb0d60d0eb1d94b41e80770816542e473c535f32df436f8443,4409,30,downloaded,
13,48_439_1002,Ft. Worth Northwest C13/AH302,2023-12,88101,24hr,maximum|average|standard_deviation,cams_0013/cams_0013_2023-12_pm25.csv,https://www.tceq.texas.gov/cgi-bin/compliance/monops/monthly_summary.pl,2026-09-09 18:40:46 UTC,6832e6b52f481bce917979cb3b4e01dce0033928280fdf74257142dd9ac9686e,4487,31,downloaded,
13,48_439_1002,Ft. Worth Northwest C13/AH302,2024-01,88101,24hr,maximum|average|standard_deviation,cams_0013/cams_0013_2024-01_pm25.csv,https://www.tceq.texas.gov/cgi-bin/compliance/monops/monthly_summary.pl,2026-09-09 18:40:47 UTC,d9184d4506e98f1f61a1aa416078450ef3a613c12dd31146387fd9e4d9be1781,4472,31,downloaded,
13,48_439_1002,Ft. Worth Northwest C13/AH302,2024-02,88101,24hr,maximum|average|standard_deviation,cams_0013/cams_0013_2024-02_pm25.csv,https://www.tceq.texas.gov/cgi-bin/compliance/monops/monthly_summary.pl,2026-09-09 18:40:48 UTC,acfb3151826b2f3075d4f28d13b9a83204917806d2c9ce9eadcb603c3a024755,4177,29,downloaded,
13,48_439_1002,Ft. Worth Northwest C13/AH302,2024-03,88101,24hr,maximum|average|standard_deviation,cams_0013/cams_0013_2024-03_pm25.csv,https://www.tceq.texas.gov/cgi-bin/compliance/monops/monthly_summary.pl,2026-09-09 18:40:50 UTC,547868014da1b11a906b0639794483bb42f7f96eb0d2d65395406c913166b304,4525,31,downloaded,
13,48_439_1002,Ft. Worth Northwest C13/AH302,2024-04,88101,24hr,maximum|average|standard_deviation,cams_0013/cams_0013_2024-04_pm25.csv,https://www.tceq.texas.gov/cgi-bin/compliance/monops/monthly_summary.pl,2026-09-09 18:40:51 UTC,5fbde1a457b46121ba663486ce283d7f2287ca2ac06b9e6885d857aa4b4c8163,4339,30,downloaded,
13,48_439_1002,Ft. Worth Northwest C13/AH302,2024-05,88101,24hr,maximum|average|standard_deviation,cams_0013/cams_0013_2024-05_pm25.csv,https://www.tceq.texas.gov/cgi-bin/compliance/monops/monthly_summary.pl,2026-09-09 18:40:52 UTC,6a3059d84f0c5e016cc8788e92754b3a3333247179f980381f3f3ac4740ffa91,4751,31,downloaded,
13,48_439_1002,Ft. Worth Northwest C13/AH302,2024-06,88101,24hr,maximum|average|standard_deviation,cams_0013/cams_0013_2024-06_pm25.csv,https://www.tceq.texas.gov/cgi-bin/compliance/monops/monthly_summary.pl,2026-09-09 18:40:54 UTC,653123a3aae052abed06ebe81891971af8c67ae2d8a11c759344a76064304b33,4540,30,downloaded,
13,48_439_1002,Ft. Worth Northwest C13/AH302,2024-07,88101,24hr,maximum|average|standard_deviation,cams_0013/cams_0013_2024-07_pm25.csv,https://www.tceq.texas.gov/cgi-bin/compliance/monops/monthly_summary.pl,2026-09-09 18:40:55 UTC,694174338a59d6d4fdb7d46a0505a295ceb920fa80db6a8f5756c4a1fd0c04b4,4760,31,downloaded,
13,48_439_1002,Ft. Worth Northwest C13/AH302,2024-08,88101,24hr,maximum|average|standard_deviation,cams_0013/cams_0013_2024-08_pm25.csv,https://www.tceq.texas.gov/cgi-bin/compliance/monops/monthly_summary.pl,2026-09-09 18:40:57 UTC,b49ad088cc70ea16db272a7b807026420a989f21d061967afa16eb38a96abcdb,4727,31,downloaded,
13,48_439_1002,Ft. Worth Northwest C13/AH302,2024-09,88101,24hr,maximum|average|standard_deviation,cams_0013/cams_0013_2024-09_pm25.csv,https://www.tceq.texas.gov/cgi-bin/compliance/monops/monthly_summary.pl,2026-09-09 18:40:58 UTC,76c9ed42c2a681c6ab1914b5844e89962c18d1c65c365e6d89a7c2cdfa8c0446,4224,30,downloaded,
13,48_439_1002,Ft. Worth Northwest C13/AH302,2024-10,88101,24hr,maximum|average|standard_deviation,cams_0013/cams_0013_2024-10_pm25.csv,https://www.tceq.texas.gov/cgi-bin/compliance/monops/monthly_summary.pl,2026-09-09 18:40:59 UTC,c06ff53c94401fd7e88d731f491e5c88e67bdfedce49875ac0ca44444ffe723a,4321,31,downloaded,
13,48_439_1002,Ft. Worth Northwest C13/AH302,2024-11,88101,24hr,maximum|average|standard_deviation,cams_0013/cams_0013_2024-11_pm25.csv,https://www.tceq.texas.gov/cgi-bin/compliance/monops/monthly_summary.pl,2026-09-09 18:41:01 UTC,0e1b6a06e7394619346e3709a5142f35dae573b4c72c2ed35b964672ae84abdc,4306,30,downloaded,
13,48_439_1002,Ft. Worth Northwest C13/AH302,2024-12,88101,24hr,maximum|average|standard_deviation,cams_0013/cams_0013_2024-12_pm25.csv,https://www.tceq.texas.gov/cgi-bin/compliance/monops/monthly_summary.pl,2026-09-09 18:41:02 UTC,f8ab95687986ac40bb17f636696578f47f4fb6df980293ed02c741b2cddc9097,4446,31,downloaded,
13,48_439_1002,Ft. Worth Northwest C13/AH302,2025-01,88101,24hr,maximum|average|standard_deviation,cams_0013/cams_0013_2025-01_pm25.csv,https://www.tceq.texas.gov/cgi-bin/compliance/monops/monthly_summary.pl,2026-09-09 18:41:04 UTC,a2e5ae28936d3c79ee710b016de08caa14cfdecad5dc1c6383c1a8168b3ac627,4502,31,downloaded,
13,48_439_1002,Ft. Worth Northwest C13/AH302,2025-02,88101,24hr,maximum|average|standard_deviation,cams_0013/cams_0013_2025-02_pm25.csv,https://www.tceq.texas.gov/cgi-bin/compliance/monops/monthly_summary.pl,2026-09-09 18:41:05 UTC,31aa2d1e2113dddc9cd38b008df4b5357f9ebdab490fa2a70a014dc7b3a434f9,3986,28,downloaded,
13,48_439_1002,Ft. Worth Northwest C13/AH302,2025-03,88101,24hr,maximum|average|standard_deviation,cams_0013/cams_0013_2025-03_pm25.csv,https://www.tceq.texas.gov/cgi-bin/compliance/monops/monthly_summary.pl,2026-09-09 18:41:06 UTC,b1a3f694742013d082373f2b4dc57cc8e441e31a039bd9ca068ff7c553666c8c,4443,31,downloaded,
13,48_439_1002,Ft. Worth Northwest C13/AH302,2025-04,88101,24hr,maximum|average|standard_deviation,cams_0013/cams_0013_2025-04_pm25.csv,https://www.tceq.texas.gov/cgi-bin/compliance/monops/monthly_summary.pl,2026-09-09 18:41:07 UTC,78ac14c97c25436f6c598e7151f06cd7b2f577c8b28b1d16ecf05e0010d6c519,4326,30,downloaded,
13,48_439_1002,Ft. Worth Northwest C13/AH302,2025-05,88101,24hr,maximum|average|standard_deviation,cams_0013/cams_0013_2025-05_pm25.csv,https://www.tceq.texas.gov/cgi-bin/compliance/monops/monthly_summary.pl,2026-09-09 18:41:09 UTC,dc26ef19ea8d3ee11a36b2cf6f1fa797445376aa05f838733c22765b20eeadcb,4467,31,downloaded,
13,48_439_1002,Ft. Worth Northwest C13/AH302,2025-06,88101,24hr,maximum|average|standard_deviation,cams_0013/cams_0013_2025-06_pm25.csv,https://www.tceq.texas.gov/cgi-bin/compliance/monops/monthly_summary.pl,2026-09-09 18:41:10 UTC,9ac309a56805a537845e4b38d53396741a07dc496e414d46a6d447937d27c76a,4282,30,downloaded,
13,48_439_1002,Ft. Worth Northwest C13/AH302,2025-07,88101,24hr,maximum|average|standard_deviation,cams_0013/cams_0013_2025-07_pm25.csv,https://www.tceq.texas.gov/cgi-bin/compliance/monops/monthly_summary.pl,2026-09-09 18:41:11 UTC,6cb833c4770f0d117be1944818986aba7b47aa0ef3a7992f84cefd0a6017251f,4453,31,downloaded,
13,48_439_1002,Ft. Worth Northwest C13/AH302,2025-08,88101,24hr,maximum|average|standard_deviation,cams_0013/cams_0013_2025-08_pm25.csv,https://www.tceq.texas.gov/cgi-bin/compliance/monops/monthly_summary.pl,2026-09-09 18:41:13 UTC,113252a5c9d2b88f3eed4d8eb5f04e6ef954e5b2e7d2c10f54374d58e7fff7d9,4557,31,downloaded,
13,48_439_1002,Ft. Worth Northwest C13/AH302,2025-09,88101,24hr,maximum|average|standard_deviation,cams_0013/cams_0013_2025-09_pm25.csv,https://www.tceq.texas.gov/cgi-bin/compliance/monops/monthly_summary.pl,2026-09-09 18:41:14 UTC,4e9bc27cefc7d85c9a07eaed0c82a7d89a11e626d26d62f7c58e9c757e42a75c,4478,30,downloaded,
13,48_439_1002,Ft. Worth Northwest C13/AH302,2025-10,88101,24hr,maximum|average|standard_deviation,cams_0013/cams_0013_2025-10_pm25.csv,https://www.tceq.texas.gov/cgi-bin/compliance/monops/monthly_summary.pl,2026-09-09 18:41:15 UTC,972e40389a4b711be5c19cb5983650eb3c4e4ddf8ca7ce219ea3b72d7b7c784d,4538,31,downloaded,
13,48_439_1002,Ft. Worth Northwest C13/AH302,2025-11,88101,24hr,maximum|average|standard_deviation,cams_0013/cams_0013_2025-11_pm25.csv,https://www.tceq.texas.gov/cgi-bin/compliance/monops/monthly_summary.pl,2026-09-09 18:41:17 UTC,68c0db41968bcea99e36746b6d0df0e2d11a173d84ecaea7ad20785eedc2e474,4296,30,downloaded,
13,48_439_1002,Ft. Worth Northwest C13/AH302,2025-12,88101,24hr,maximum|average|standard_deviation,cams_0013/cams_0013_2025-12_pm25.csv,https://www.tceq.texas.gov/cgi-bin/compliance/monops/monthly_summary.pl,2026-09-09 18:41:18 UTC,7a5d626ce0e9f510e5eb75f92b019ea08b9aefda03cc9ac85cbf3ede93b56a5d,4466,31,downloaded,
13,48_439_1002,Ft. Worth Northwest C13/AH302,2026-01,88101,24hr,maximum|average|standard_deviation,cams_0013/cams_0013_2026-01_pm25.csv,https://www.tceq.texas.gov/cgi-bin/compliance/monops/monthly_summary.pl,2026-09-09 18:41:20 UTC,0248e74a74584bcdc5aa46e062e5dce6ccaa7e12a9fed6562391a52e74cc6f53,4488,31,downloaded,
13,48_439_1002,Ft. Worth Northwest C13/AH302,2026-02,88101,24hr,maximum|average|standard_deviation,cams_0013/cams_0013_2026-02_pm25.csv,https://www.tceq.texas.gov/cgi-bin/compliance/monops/monthly_summary.pl,2026-09-09 18:41:21 UTC,5680d0d4819ad7b07e92b343b513b5301a6c0ff44935615f4c5efcfca148dd65,4013,28,downloaded,
13,48_439_1002,Ft. Worth Northwest C13/AH302,2026-03,88101,24hr,maximum|average|standard_deviation,cams_0013/cams_0013_2026-03_pm25.csv,https://www.tceq.texas.gov/cgi-bin/compliance/monops/monthly_summary.pl,2026-09-09 18:41:22 UTC,843576691a4483fe58d7ba2ccc4bd072f5ff578bc44d4895661e4d43e5a49452,4386,31,downloaded,
13,48_439_1002,Ft. Worth Northwest C13/AH302,2026-04,88101,24hr,maximum|average|standard_deviation,cams_0013/cams_0013_2026-04_pm25.csv,https://www.tceq.texas.gov/cgi-bin/compliance/monops/monthly_summary.pl,2026-09-09 18:41:23 UTC,a3260f26cb419101d19ca842a7f0940c2dff13b4339d0a82e3a5d87a89d78770,4323,30,downloaded,
13,48_439_1002,Ft. Worth Northwest C13/AH302,2026-05,88101,24hr,maximum|average|standard_deviation,cams_0013/cams_0013_2026-05_pm25.csv,https://www.tceq.texas.gov/cgi-bin/compliance/monops/monthly_summary.pl,2026-09-09 18:41:25 UTC,f5c1c3da809f8991aa4b30649029e8514b9ce411791fc5d74bfe60bcea4c7dc9,4432,31,downloaded,
13,48_439_1002,Ft. Worth Northwest C13/AH302,2026-06,88101,24hr,maximum|average|standard_deviation,cams_0013/cams_0013_2026-06_pm25.csv,https://www.tceq.texas.gov/cgi-bin/compliance/monops/monthly_summary.pl,2026-09-09 18:41:26 UTC,ae551f324bf51ad93d4399b9d82b4a84ee811b384e6abc869938879e1c510ffa,4433,30,downloaded,
13,48_439_1002,Ft. Worth Northwest C13/AH302,2026-07,88101,24hr,maximum|average|standard_deviation,cams_0013/cams_0013_2026-07_pm25.csv,https://www.tceq.texas.gov/cgi-bin/compliance/monops/monthly_summary.pl,2026-09-09 18:41:28 UTC,6d91373dfac41fea0331659da383c0ea865ae8c26850bb71cf63577ae4d26b82,4641,31,downloaded,
13,48_439_1002,Ft. Worth Northwest C13/AH302,2026-08,88101,24hr,maximum|average|standard_deviation,cams_0013/cams_0013_2026-08_pm25.csv,https://www.tceq.texas.gov/cgi-bin/compliance/monops/monthly_summary.pl,2026-09-09 18:41:29 UTC,30bfd2d44f5094a26b1d42f284b9831d4a3be2c153d485ccdf21a0e11742cffd,4613,31,downloaded,
310,48_439_1006,Haws Athletic Center C310,2001-04,88101,24hr,maximum|average|standard_deviation,cams_0310/cams_0310_2001-04_pm25.csv,https://www.tceq.texas.gov/cgi-bin/compliance/monops/monthly_summary.pl,2026-09-09 18:41:30 UTC,d83736e18de7b221030e32f916af21a8c2a0353071dbd0453874cf0a5a106069,4206,30,downloaded,
310,48_439_1006,Haws Athletic Center C310,2001-05,88101,24hr,maximum|average|standard_deviation,cams_0310/cams_0310_2001-05_pm25.csv,https://www.tceq.texas.gov/cgi-bin/compliance/monops/monthly_summary.pl,2026-09-09 18:41:31 UTC,13fb9576623a20dd1bf36ec6040230c6cc4880594025d068fba469423d01b851,4479,31,downloaded,
310,48_439_1006,Haws Athletic Center C310,2001-06,88101,24hr,maximum|average|standard_deviation,cams_0310/cams_0310_2001-06_pm25.csv,https://www.tceq.texas.gov/cgi-bin/compliance/monops/monthly_summary.pl,2026-09-09 18:41:32 UTC,793ebc34b31e1b4fc0a5d760e5281b849910bc1323a3e634c5a5ed46a1a6359c,4439,30,downloaded,
310,48_439_1006,Haws Athletic Center C310,2001-07,88101,24hr,maximum|average|standard_deviation,cams_0310/cams_0310_2001-07_pm25.csv,https://www.tceq.texas.gov/cgi-bin/compliance/monops/monthly_summary.pl,2026-09-09 18:41:32 UTC,a12a64a3be49d9efae1c3958e2212ca5ea564545ce700a422dd965d43b61d193,4669,31,downloaded,
310,48_439_1006,Haws Athletic Center C310,2001-08,88101,24hr,maximum|average|standard_deviation,cams_0310/cams_0310_2001-08_pm25.csv,https://www.tceq.texas.gov/cgi-bin/compliance/monops/monthly_summary.pl,2026-09-09 18:41:33 UTC,e3e55101a3f345d11c2bd7ab31aa7727bb90be4eee552581fed7b0ac8cd09d93,4516,31,downloaded,
310,48_439_1006,Haws Athletic Center C310,2001-09,88101,24hr,maximum|average|standard_deviation,cams_0310/cams_0310_2001-09_pm25.csv,https://www.tceq.texas.gov/cgi-bin/compliance/monops/monthly_summary.pl,2026-09-09 18:41:34 UTC,8d853cdea80c79d005b86a7eb77a87a95b6c154e16161886aeee9b167c9c6354,4443,30,downloaded,
310,48_439_1006,Haws Athletic Center C310,2001-10,88101,24hr,maximum|average|standard_deviation,cams_0310/cams_0310_2001-10_pm25.csv,https://www.tceq.texas.gov/cgi-bin/compliance/monops/monthly_summary.pl,2026-09-09 18:41:35 UTC,8a5e8b0aa6e9422027dda9e5b707a07d45b4aa4184e6616f82e0922599499bce,4401,31,downloaded,
310,48_439_1006,Haws Athletic Center C310,2001-11,88101,24hr,maximum|average|standard_deviation,cams_0310/cams_0310_2001-11_pm25.csv,https://www.tceq.texas.gov/cgi-bin/compliance/monops/monthly_summary.pl,2026-09-09 18:41:36 UTC,2ca2a86d404e8fd4d7d4f66e140944b3e38df835a0abd40a54b4dd5e838333e4,4462,30,downloaded,
310,48_439_1006,Haws Athletic Center C310,2001-12,88101,24hr,maximum|average|standard_deviation,cams_0310/cams_0310_2001-12_pm25.csv,https://www.tceq.texas.gov/cgi-bin/compliance/monops/monthly_summary.pl,2026-09-09 18:41:36 UTC,f60e66cfaeef8c8c3f5b3cfe8df67663ae813052641c422d2e3f6d3b2b13e21f,4363,31,downloaded,
310,48_439_1006,Haws Athletic Center C310,2002-01,88101,24hr,maximum|average|standard_deviation,cams_0310/cams_0310_2002-01_pm25.csv,https://www.tceq.texas.gov/cgi-bin/compliance/monops/monthly_summary.pl,2026-09-09 18:41:37 UTC,b5c7cb05463199580d9893b334dcb6e12370b61e73f4f0eb40de35c82793233f,4359,31,downloaded,
310,48_439_1006,Haws Athletic Center C310,2002-02,88101,24hr,maximum|average|standard_deviation,cams_0310/cams_0310_2002-02_pm25.csv,https://www.tceq.texas.gov/cgi-bin/compliance/monops/monthly_summary.pl,2026-09-09 18:41:38 UTC,17c26fc34db4b36acfc9da5b8814d6c4f31544fdd5744122aace5356706a58a9,3973,28,downloaded,
310,48_439_1006,Haws Athletic Center C310,2002-03,88101,24hr,maximum|average|standard_deviation,cams_0310/cams_0310_2002-03_pm25.csv,https://www.tceq.texas.gov/cgi-bin/compliance/monops/monthly_summary.pl,2026-09-09 18:41:39 UTC,72ff3dc74fc86f632161c250ff0285adb61097b4545526525eedabf6a0265576,4410,31,downloaded,
310,48_439_1006,Haws Athletic Center C310,2002-04,88101,24hr,maximum|average|standard_deviation,cams_0310/cams_0310_2002-04_pm25.csv,https://www.tceq.texas.gov/cgi-bin/compliance/monops/monthly_summary.pl,2026-09-09 18:41:39 UTC,19d48a32e9f02c2d7a4b6ac9b6d762a2c28c1069627da4404ed29b6d908c88a8,4411,30,downloaded,
310,48_439_1006,Haws Athletic Center C310,2002-05,88101,24hr,maximum|average|standard_deviation,cams_0310/cams_0310_2002-05_pm25.csv,https://www.tceq.texas.gov/cgi-bin/compliance/monops/monthly_summary.pl,2026-09-09 18:41:40 UTC,5db955c8c640a4ef9773530e5ae7121d5a9bd52b190ae7b86385ecfadb5a8e2f,4502,31,downloaded,
310,48_439_1006,Haws Athletic Center C310,2002-06,88101,24hr,maximum|average|standard_deviation,cams_0310/cams_0310_2002-06_pm25.csv,https://www.tceq.texas.gov/cgi-bin/compliance/monops/monthly_summary.pl,2026-09-09 18:41:41 UTC,3c192957ca6d089e57690640dddba02c7161c4f5d17398a4fc047a91cc0bbf68,4432,30,downloaded,
310,48_439_1006,Haws Athletic Center C310,2002-07,88101,24hr,maximum|average|standard_deviation,cams_0310/cams_0310_2002-07_pm25.csv,https://www.tceq.texas.gov/cgi-bin/compliance/monops/monthly_summary.pl,2026-09-09 18:41:42 UTC,1b1bb530f4eea798745da2ebefa911e6245b21667c4e239707b644414155c68a,4514,31,downloaded,
310,48_439_1006,Haws Athletic Center C310,2002-08,88101,24hr,maximum|average|standard_deviation,cams_0310/cams_0310_2002-08_pm25.csv,https://www.tceq.texas.gov/cgi-bin/compliance/monops/monthly_summary.pl,2026-09-09 18:41:43 UTC,63dc8c8d2c4b1d0c397e5372b3a5d935bd76f0283c19706d89d13790ff5e0762,4582,31,downloaded,
310,48_439_1006,Haws Athletic Center C310,2002-09,88101,24hr,maximum|average|standard_deviation,cams_0310/cams_0310_2002-09_pm25.csv,https://www.tceq.texas.gov/cgi-bin/compliance/monops/monthly_summary.pl,2026-09-09 18:41:43 UTC,ffaff06a9ff5bc8599b147d9dd6ed0abfd33eff8081fd6c2fbe5b5ab97b02358,4547,30,downloaded,
310,48_439_1006,Haws Athletic Center C310,2002-10,88101,24hr,maximum|average|standard_deviation,cams_0310/cams_0310_2002-10_pm25.csv,https://www.tceq.texas.gov/cgi-bin/compliance/monops/monthly_summary.pl,2026-09-09 18:41:44 UTC,87ff4c768248b65d269ad530bce1693de7b6fe1a861be028e94ee9c0d89ee891,4401,31,downloaded,
310,48_439_1006,Haws Athletic Center C310,2002-11,88101,24hr,maximum|average|standard_deviation,cams_0310/cams_0310_2002-11_pm25.csv,https://www.tceq.texas.gov/cgi-bin/compliance/monops/monthly_summary.pl,2026-09-09 18:41:45 UTC,720d528992e2e88111930896a2aa02a97309015d85cbd7c909928f9c1b147731,4185,30,downloaded,
310,48_439_1006,Haws Athletic Center C310,2002-12,88101,24hr,maximum|average|standard_deviation,cams_0310/cams_0310_2002-12_pm25.csv,https://www.tceq.texas.gov/cgi-bin/compliance/monops/monthly_summary.pl,2026-09-09 18:41:46 UTC,1a5b9b7ec67ddb51bba5366bdde4328f6ff682544ce0a7b5d67a3b708ef69bdc,4352,31,downloaded,
310,48_439_1006,Haws Athletic Center C310,2003-01,88101,24hr,maximum|average|standard_deviation,cams_0310/cams_0310_2003-01_pm25.csv,https://www.tceq.texas.gov/cgi-bin/compliance/monops/monthly_summary.pl,2026-09-09 18:41:47 UTC,7948182a0fd7272f58d6615e57f4bd6f251f03903f1123d31d8ee0e144294e04,4400,31,downloaded,
310,48_439_1006,Haws Athletic Center C310,2003-02,88101,24hr,maximum|average|standard_deviation,cams_0310/cams_0310_2003-02_pm25.csv,https://www.tceq.texas.gov/cgi-bin/compliance/monops/monthly_summary.pl,2026-09-09 18:41:47 UTC,60aa6e5c8b2871813521dea554cdd5dc693032d2b9d10803cd4c1865838f407d,3988,28,downloaded,
310,48_439_1006,Haws Athletic Center C310,2003-03,88101,24hr,maximum|average|standard_deviation,cams_0310/cams_0310_2003-03_pm25.csv,https://www.tceq.texas.gov/cgi-bin/compliance/monops/monthly_summary.pl,2026-09-09 18:41:48 UTC,d03707725733724389afd5d8e9cca46b07489ca59eeef1bd6b0283852f621193,4496,31,downloaded,
310,48_439_1006,Haws Athletic Center C310,2003-04,88101,24hr,maximum|average|standard_deviation,cams_0310/cams_0310_2003-04_pm25.csv,https://www.tceq.texas.gov/cgi-bin/compliance/monops/monthly_summary.pl,2026-09-09 18:41:49 UTC,4d395edf34c4cd7ce8c1f0791d5c2da4ef69a7cae7360f021a02a51b90dd7139,4338,30,downloaded,
310,48_439_1006,Haws Athletic Center C310,2003-05,88101,24hr,maximum|average|standard_deviation,cams_0310/cams_0310_2003-05_pm25.csv,https://www.tceq.texas.gov/cgi-bin/compliance/monops/monthly_summary.pl,2026-09-09 18:41:50 UTC,72e664b9bbad96ec34da9fad892c2747cfd2cd2a17d7de3e6d5c5a5f1cf13f47,4703,31,downloaded,
310,48_439_1006,Haws Athletic Center C310,2003-06,88101,24hr,maximum|average|standard_deviation,cams_0310/cams_0310_2003-06_pm25.csv,https://www.tceq.texas.gov/cgi-bin/compliance/monops/monthly_summary.pl,2026-09-09 18:41:50 UTC,364d53b6eb8a8311f407adabc69fcdc333d7ca89caec85a0026e6935d8a28faa,4376,30,downloaded,
310,48_439_1006,Haws Athletic Center C310,2003-07,88101,24hr,maximum|average|standard_deviation,cams_0310/cams_0310_2003-07_pm25.csv,https://www.tceq.texas.gov/cgi-bin/compliance/monops/monthly_summary.pl,2026-09-09 18:41:51 UTC,ede453d50665938ece06e3181469fc8db8c40a83e3959e323ddcdbfc6ac28284,4674,31,downloaded,
310,48_439_1006,Haws Athletic Center C310,2003-08,88101,24hr,maximum|average|standard_deviation,cams_0310/cams_0310_2003-08_pm25.csv,https://www.tceq.texas.gov/cgi-bin/compliance/monops/monthly_summary.pl,2026-09-09 18:41:52 UTC,ac6141e32f263616424c15a6ff83e023cb075eaf08ca8dd18ba74857d32476c9,4720,31,downloaded,
310,48_439_1006,Haws Athletic Center C310,2003-09,88101,24hr,maximum|average|standard_deviation,cams_0310/cams_0310_2003-09_pm25.csv,https://www.tceq.texas.gov/cgi-bin/compliance/monops/monthly_summary.pl,2026-09-09 18:41:53 UTC,0d119e55449484a0260e1222fd0ffdc7889f69742586c23b1b168e296c43a8ad,4438,30,downloaded,
310,48_439_1006,Haws Athletic Center C310,2003-10,88101,24hr,maximum|average|standard_deviation,cams_0310/cams_0310_2003-10_pm25.csv,https://www.tceq.texas.gov/cgi-bin/compliance/monops/monthly_summary.pl,2026-09-09 18:41:54 UTC,c4dfd17cca62d1c386d6e243b6c251683d58b789750b3ff7b01c3c0984d4f712,4493,31,downloaded,
310,48_439_1006,Haws Athletic Center C310,2003-11,88101,24hr,maximum|average|standard_deviation,cams_0310/cams_0310_2003-11_pm25.csv,https://www.tceq.texas.gov/cgi-bin/compliance/monops/monthly_summary.pl,2026-09-09 18:41:54 UTC,3aa8c7ce2e9a79c029ec7434bec4bb84452e9474c8eacf304314c63c5493f646,4242,30,downloaded,
310,48_439_1006,Haws Athletic Center C310,2003-12,88101,24hr,maximum|average|standard_deviation,cams_0310/cams_0310_2003-12_pm25.csv,https://www.tceq.texas.gov/cgi-bin/compliance/monops/monthly_summary.pl,2026-09-09 18:41:55 UTC,1d3ccedcb60cf244713ac7588733f7f3bbc686c6c18775c5b46abffb2198c70b,4387,31,downloaded,
310,48_439_1006,Haws Athletic Center C310,2004-01,88101,24hr,maximum|average|standard_deviation,cams_0310/cams_0310_2004-01_pm25.csv,https://www.tceq.texas.gov/cgi-bin/compliance/monops/monthly_summary.pl,2026-09-09 18:41:56 UTC,e31f8ec20b3020d9d47013800877a848805c39e2680aeb2c5bac45bc5c5274a2,4460,31,downloaded,
310,48_439_1006,Haws Athletic Center C310,2004-02,88101,24hr,maximum|average|standard_deviation,cams_0310/cams_0310_2004-02_pm25.csv,https://www.tceq.texas.gov/cgi-bin/compliance/monops/monthly_summary.pl,2026-09-09 18:41:57 UTC,6f5cf0051bd95126b091ca43f6152301fb2a151cce953a871e0aa5413d1814bc,4206,29,downloaded,
310,48_439_1006,Haws Athletic Center C310,2004-03,88101,24hr,maximum|average|standard_deviation,cams_0310/cams_0310_2004-03_pm25.csv,https://www.tceq.texas.gov/cgi-bin/compliance/monops/monthly_summary.pl,2026-09-09 18:41:58 UTC,5d75d54f2845d11e42533ede2844c07cd254197324aa79e6daaac1482172c1c9,4463,31,downloaded,
310,48_439_1006,Haws Athletic Center C310,2004-04,88101,24hr,maximum|average|standard_deviation,cams_0310/cams_0310_2004-04_pm25.csv,https://www.tceq.texas.gov/cgi-bin/compliance/monops/monthly_summary.pl,2026-09-09 18:41:58 UTC,2a1e77b70ef611ba655b8c918887b1f31cdf22bf8acfbb815f08742f6e8d13de,4424,30,downloaded,
310,48_439_1006,Haws Athletic Center C310,2004-05,88101,24hr,maximum|average|standard_deviation,cams_0310/cams_0310_2004-05_pm25.csv,https://www.tceq.texas.gov/cgi-bin/compliance/monops/monthly_summary.pl,2026-09-09 18:41:59 UTC,2dcf06de987fc634d7a4b4d3e13c51f40d5d876a86744c28749651669403e69e,4496,31,downloaded,
310,48_439_1006,Haws Athletic Center C310,2004-06,88101,24hr,maximum|average|standard_deviation,cams_0310/cams_0310_2004-06_pm25.csv,https://www.tceq.texas.gov/cgi-bin/compliance/monops/monthly_summary.pl,2026-09-09 18:42:00 UTC,5352f1b99c60d490e8a852f525189a5ae0724b71526ef2969ecb2e87e7e2993c,4331,30,downloaded,
310,48_439_1006,Haws Athletic Center C310,2004-07,88101,24hr,maximum|average|standard_deviation,cams_0310/cams_0310_2004-07_pm25.csv,https://www.tceq.texas.gov/cgi-bin/compliance/monops/monthly_summary.pl,2026-09-09 18:42:01 UTC,8b79a175c0accf32407819360ed6f0a200b2d7874f6aa4627577a0a3a58e2e40,4569,31,downloaded,
310,48_439_1006,Haws Athletic Center C310,2004-08,88101,24hr,maximum|average|standard_deviation,cams_0310/cams_0310_2004-08_pm25.csv,https://www.tceq.texas.gov/cgi-bin/compliance/monops/monthly_summary.pl,2026-09-09 18:42:02 UTC,f576ed2e64393621bba27c287bd8fdf8cc20bff5550cfb34c3136febefbd1834,4661,31,downloaded,
310,48_439_1006,Haws Athletic Center C310,2004-09,88101,24hr,maximum|average|standard_deviation,cams_0310/cams_0310_2004-09_pm25.csv,https://www.tceq.texas.gov/cgi-bin/compliance/monops/monthly_summary.pl,2026-09-09 18:42:02 UTC,2111bb8a1804276d4f945ceb614926e819f354214ebcd08b23c4ed77e3d964e6,4608,30,downloaded,
310,48_439_1006,Haws Athletic Center C310,2004-10,88101,24hr,maximum|average|standard_deviation,cams_0310/cams_0310_2004-10_pm25.csv,https://www.tceq.texas.gov/cgi-bin/compliance/monops/monthly_summary.pl,2026-09-09 18:42:03 UTC,7c71c3afb29eedd0de7e0c8d95bd5162819a07b0debf22a8ca65b371a28096f9,4416,31,downloaded,
310,48_439_1006,Haws Athletic Center C310,2004-11,88101,24hr,maximum|average|standard_deviation,cams_0310/cams_0310_2004-11_pm25.csv,https://www.tceq.texas.gov/cgi-bin/compliance/monops/monthly_summary.pl,2026-09-09 18:42:04 UTC,75190e26b2ef4f0cc95e48c1e1360bee1afb7388d7f61a141f74e25ebb5851a5,4293,30,downloaded,
310,48_439_1006,Haws Athletic Center C310,2004-12,88101,24hr,maximum|average|standard_deviation,cams_0310/cams_0310_2004-12_pm25.csv,https://www.tceq.texas.gov/cgi-bin/compliance/monops/monthly_summary.pl,2026-09-09 18:42:05 UTC,9788ecd097a39530887dcae69131b440baf70e35f8b4b43ff8df93f3e81a2c34,4359,31,downloaded,
310,48_439_1006,Haws Athletic Center C310,2005-01,88101,24hr,maximum|average|standard_deviation,cams_0310/cams_0310_2005-01_pm25.csv,https://www.tceq.texas.gov/cgi-bin/compliance/monops/monthly_summary.pl,2026-09-09 18:42:06 UTC,e66b7a9bd44fe9fabdbef887150bc60e52a0f323a16532f0f2d63b5eeab86616,4488,31,downloaded,
310,48_439_1006,Haws Athletic Center C310,2005-02,88101,24hr,maximum|average|standard_deviation,cams_0310/cams_0310_2005-02_pm25.csv,https://www.tceq.texas.gov/cgi-bin/compliance/monops/monthly_summary.pl,2026-09-09 18:42:06 UTC,9f8471d69d7d5d39a2148197d2a08755be9a2044fb2a1297da36fda0c2a2262b,4175,28,downloaded,
310,48_439_1006,Haws Athletic Center C310,2005-03,88101,24hr,maximum|average|standard_deviation,cams_0310/cams_0310_2005-03_pm25.csv,https://www.tceq.texas.gov/cgi-bin/compliance/monops/monthly_summary.pl,2026-09-09 18:42:07 UTC,2511a87dd1570dc13afc008a647134e624a19de8c04e8dd587ee5d2defaa6d30,4552,31,downloaded,
310,48_439_1006,Haws Athletic Center C310,2005-04,88101,24hr,maximum|average|standard_deviation,cams_0310/cams_0310_2005-04_pm25.csv,https://www.tceq.texas.gov/cgi-bin/compliance/monops/monthly_summary.pl,2026-09-09 18:42:08 UTC,c726166ebd95ca9340eb82304b58d900699b03ed3f1b76398107d7db0362848e,4494,30,downloaded,
310,48_439_1006,Haws Athletic Center C310,2005-05,88101,24hr,maximum|average|standard_deviation,cams_0310/cams_0310_2005-05_pm25.csv,https://www.tceq.texas.gov/cgi-bin/compliance/monops/monthly_summary.pl,2026-09-09 18:42:09 UTC,b5587db4c8173acf6a01cf5211b92992c708d06cf980762f22f2d74c782a9ada,4764,31,downloaded,
310,48_439_1006,Haws Athletic Center C310,2005-06,88101,24hr,maximum|average|standard_deviation,cams_0310/cams_0310_2005-06_pm25.csv,https://www.tceq.texas.gov/cgi-bin/compliance/monops/monthly_summary.pl,2026-09-09 18:42:10 UTC,c4228caf85cd3a7dad97a49f26523999e7052b8ad5c96ebff02baf3eb57e6a3c,4655,30,downloaded,
310,48_439_1006,Haws Athletic Center C310,2005-07,88101,24hr,maximum|average|standard_deviation,cams_0310/cams_0310_2005-07_pm25.csv,https://www.tceq.texas.gov/cgi-bin/compliance/monops/monthly_summary.pl,2026-09-09 18:42:10 UTC,a2a291028c1e1d8f2d3e601eacf07aad3a09cb8a331b04d1671aa7a25709f77b,4670,31,downloaded,
310,48_439_1006,Haws Athletic Center C310,2005-08,88101,24hr,maximum|average|standard_deviation,cams_0310/cams_0310_2005-08_pm25.csv,https://www.tceq.texas.gov/cgi-bin/compliance/monops/monthly_summary.pl,2026-09-09 18:42:11 UTC,147b31a89801c7d5487e98c5a3a29be2c9cde68090be007caf93087121766fac,4709,31,downloaded,
310,48_439_1006,Haws Athletic Center C310,2005-09,88101,24hr,maximum|average|standard_deviation,cams_0310/cams_0310_2005-09_pm25.csv,https://www.tceq.texas.gov/cgi-bin/compliance/monops/monthly_summary.pl,2026-09-09 18:42:12 UTC,8b19a3e282b531026b5bd824f5865de8e8e858949436472e3fde02d7071dfa29,4611,30,downloaded,
310,48_439_1006,Haws Athletic Center C310,2005-10,88101,24hr,maximum|average|standard_deviation,cams_0310/cams_0310_2005-10_pm25.csv,https://www.tceq.texas.gov/cgi-bin/compliance/monops/monthly_summary.pl,2026-09-09 18:42:13 UTC,697f41d05d3846139349e3acd9a36568d6c8434a79348ae86a485dfaad9af2ba,4650,31,downloaded,
310,48_439_1006,Haws Athletic Center C310,2005-11,88101,24hr,maximum|average|standard_deviation,cams_0310/cams_0310_2005-11_pm25.csv,https://www.tceq.texas.gov/cgi-bin/compliance/monops/monthly_summary.pl,2026-09-09 18:42:14 UTC,171c6320833f71bbeab77e3e15440bb274601dc9549b51e473ff89be353d9051,4313,30,downloaded,
310,48_439_1006,Haws Athletic Center C310,2005-12,88101,24hr,maximum|average|standard_deviation,cams_0310/cams_0310_2005-12_pm25.csv,https://www.tceq.texas.gov/cgi-bin/compliance/monops/monthly_summary.pl,2026-09-09 18:42:14 UTC,3ebd14a71fe1511c1b1467d079e2c99758823be868c03b19fb717441ad47b4a8,4419,31,downloaded,
310,48_439_1006,Haws Athletic Center C310,2006-01,88101,24hr,maximum|average|standard_deviation,cams_0310/cams_0310_2006-01_pm25.csv,https://www.tceq.texas.gov/cgi-bin/compliance/monops/monthly_summary.pl,2026-09-09 18:42:15 UTC,21f289966b9cdd2eb9c2ffd55ecf92c31fe1db6395f8e0b0f23282ff301028e6,4367,31,downloaded,
310,48_439_1006,Haws Athletic Center C310,2006-02,88101,24hr,maximum|average|standard_deviation,cams_0310/cams_0310_2006-02_pm25.csv,https://www.tceq.texas.gov/cgi-bin/compliance/monops/monthly_summary.pl,2026-09-09 18:42:16 UTC,a8249da500264cb76b1b746a7d098454863ea6a7a2af2befa203086c7ea225f7,4016,28,downloaded,
310,48_439_1006,Haws Athletic Center C310,2006-03,88101,24hr,maximum|average|standard_deviation,cams_0310/cams_0310_2006-03_pm25.csv,https://www.tceq.texas.gov/cgi-bin/compliance/monops/monthly_summary.pl,2026-09-09 18:42:17 UTC,92db794539b09ac388934686456783361f3debd3c7d846e5bf3f4193bcff1dbf,4469,31,downloaded,
310,48_439_1006,Haws Athletic Center C310,2006-04,88101,24hr,maximum|average|standard_deviation,cams_0310/cams_0310_2006-04_pm25.csv,https://www.tceq.texas.gov/cgi-bin/compliance/monops/monthly_summary.pl,2026-09-09 18:42:17 UTC,7fcebb6fd1f2ee0686774e087fc88b11a7fbfe958fae6b2797271da8ee144f8b,4568,30,downloaded,
310,48_439_1006,Haws Athletic Center C310,2006-05,88101,24hr,maximum|average|standard_deviation,cams_0310/cams_0310_2006-05_pm25.csv,https://www.tceq.texas.gov/cgi-bin/compliance/monops/monthly_summary.pl,2026-09-09 18:42:18 UTC,378afada984bcb3dd0620b1d1c8e17b7f676bb8002794d1b7ec457392aa330ca,4584,31,downloaded,
310,48_439_1006,Haws Athletic Center C310,2006-06,88101,24hr,maximum|average|standard_deviation,cams_0310/cams_0310_2006-06_pm25.csv,https://www.tceq.texas.gov/cgi-bin/compliance/monops/monthly_summary.pl,2026-09-09 18:42:19 UTC,cb15262fc51a0fcfe16773ccde6dc86a9caa2836fac3dac3d04e938334912b90,4632,30,downloaded,
310,48_439_1006,Haws Athletic Center C310,2006-07,88101,24hr,maximum|average|standard_deviation,cams_0310/cams_0310_2006-07_pm25.csv,https://www.tceq.texas.gov/cgi-bin/compliance/monops/monthly_summary.pl,2026-09-09 18:42:20 UTC,624112ca90d80fd1d1cd7d7824e4779054313b9c425f98f4c62445c23f11f66c,4684,31,downloaded,
310,48_439_1006,Haws Athletic Center C310,2006-08,88101,24hr,maximum|average|standard_deviation,cams_0310/cams_0310_2006-08_pm25.csv,https://www.tceq.texas.gov/cgi-bin/compliance/monops/monthly_summary.pl,2026-09-09 18:42:20 UTC,c7a64c6832c7050574e1e5cfcd105e7816faaf9f631bac464366943839616e93,4701,31,downloaded,
310,48_439_1006,Haws Athletic Center C310,2006-09,88101,24hr,maximum|average|standard_deviation,cams_0310/cams_0310_2006-09_pm25.csv,https://www.tceq.texas.gov/cgi-bin/compliance/monops/monthly_summary.pl,2026-09-09 18:42:21 UTC,08a6571f366ebe52985200a6988bac47c09eb313fbf34faae290248c29fac466,4500,30,downloaded,
310,48_439_1006,Haws Athletic Center C310,2006-10,88101,24hr,maximum|average|standard_deviation,cams_0310/cams_0310_2006-10_pm25.csv,https://www.tceq.texas.gov/cgi-bin/compliance/monops/monthly_summary.pl,2026-09-09 18:42:22 UTC,a3d035475db73279150cb438fe235048417bb8c19877273afdd5438d0f2913a9,4540,31,downloaded,
310,48_439_1006,Haws Athletic Center C310,2006-11,88101,24hr,maximum|average|standard_deviation,cams_0310/cams_0310_2006-11_pm25.csv,https://www.tceq.texas.gov/cgi-bin/compliance/monops/monthly_summary.pl,2026-09-09 18:42:23 UTC,a68e710fab812054acf6c57612583149370441ea636bb3f8b9be09a5a04c5e8b,4380,30,downloaded,
310,48_439_1006,Haws Athletic Center C310,2006-12,88101,24hr,maximum|average|standard_deviation,cams_0310/cams_0310_2006-12_pm25.csv,https://www.tceq.texas.gov/cgi-bin/compliance/monops/monthly_summary.pl,2026-09-09 18:42:24 UTC,2debc5cf2065af4b94b1c193b37258881a260de875934a80580daf3e7a8cfa4f,4482,31,downloaded,
310,48_439_1006,Haws Athletic Center C310,2007-01,88101,24hr,maximum|average|standard_deviation,,https://www.tceq.texas.gov/cgi-bin/compliance/monops/monthly_summary.pl,2026-09-09 18:42:24 UTC,,,0,no_data,
310,48_439_1006,Haws Athletic Center C310,2007-02,88101,24hr,maximum|average|standard_deviation,,https://www.tceq.texas.gov/cgi-bin/compliance/monops/monthly_summary.pl,2026-09-09 18:42:25 UTC,,,0,no_data,
310,48_439_1006,Haws Athletic Center C310,2007-03,88101,24hr,maximum|average|standard_deviation,,https://www.tceq.texas.gov/cgi-bin/compliance/monops/monthly_summary.pl,2026-09-09 18:42:26 UTC,,,0,no_data,
310,48_439_1006,Haws Athletic Center C310,2007-04,88101,24hr,maximum|average|standard_deviation,,https://www.tceq.texas.gov/cgi-bin/compliance/monops/monthly_summary.pl,2026-09-09 18:42:26 UTC,,,0,no_data,
310,48_439_1006,Haws Athletic Center C310,2007-05,88101,24hr,maximum|average|standard_deviation,,https://www.tceq.texas.gov/cgi-bin/compliance/monops/monthly_summary.pl,2026-09-09 18:42:27 UTC,,,0,no_data,
310,48_439_1006,Haws Athletic Center C310,2007-06,88101,24hr,maximum|average|standard_deviation,,https://www.tceq.texas.gov/cgi-bin/compliance/monops/monthly_summary.pl,2026-09-09 18:42:28 UTC,,,0,no_data,
310,48_439_1006,Haws Athletic Center C310,2007-07,88101,24hr,maximum|average|standard_deviation,,https://www.tceq.texas.gov/cgi-bin/compliance/monops/monthly_summary.pl,2026-09-09 18:42:29 UTC,,,0,no_data,
310,48_439_1006,Haws Athletic Center C310,2007-08,88101,24hr,maximum|average|standard_deviation,,https://www.tceq.texas.gov/cgi-bin/compliance/monops/monthly_summary.pl,2026-09-09 18:42:29 UTC,,,0,no_data,
310,48_439_1006,Haws Athletic Center C310,2007-09,88101,24hr,maximum|average|standard_deviation,,https://www.tceq.texas.gov/cgi-bin/compliance/monops/monthly_summary.pl,2026-09-09 18:42:30 UTC,,,0,no_data,
310,48_439_1006,Haws Athletic Center C310,2007-10,88101,24hr,maximum|average|standard_deviation,,https://www.tceq.texas.gov/cgi-bin/compliance/monops/monthly_summary.pl,2026-09-09 18:42:31 UTC,,,0,no_data,
310,48_439_1006,Haws Athletic Center C310,2007-11,88101,24hr,maximum|average|standard_deviation,,https://www.tceq.texas.gov/cgi-bin/compliance/monops/monthly_summary.pl,2026-09-09 18:42:31 UTC,,,0,no_data,
310,48_439_1006,Haws Athletic Center C310,2007-12,88101,24hr,maximum|average|standard_deviation,,https://www.tceq.texas.gov/cgi-bin/compliance/monops/monthly_summary.pl,2026-09-09 18:42:32 UTC,,,0,no_data,
310,48_439_1006,Haws Athletic Center C310,2008-01,88101,24hr,maximum|average|standard_deviation,,https://www.tceq.texas.gov/cgi-bin/compliance/monops/monthly_summary.pl,2026-09-09 18:42:33 UTC,,,0,no_data,
310,48_439_1006,Haws Athletic Center C310,2008-02,88101,24hr,maximum|average|standard_deviation,,https://www.tceq.texas.gov/cgi-bin/compliance/monops/monthly_summary.pl,2026-09-09 18:42:34 UTC,,,0,no_data,
310,48_439_1006,Haws Athletic Center C310,2008-03,88101,24hr,maximum|average|standard_deviation,,https://www.tceq.texas.gov/cgi-bin/compliance/monops/monthly_summary.pl,2026-09-09 18:42:34 UTC,,,0,no_data,
310,48_439_1006,Haws Athletic Center C310,2008-04,88101,24hr,maximum|average|standard_deviation,,https://www.tceq.texas.gov/cgi-bin/compliance/monops/monthly_summary.pl,2026-09-09 18:42:35 UTC,,,0,no_data,
310,48_439_1006,Haws Athletic Center C310,2008-05,88101,24hr,maximum|average|standard_deviation,,https://www.tceq.texas.gov/cgi-bin/compliance/monops/monthly_summary.pl,2026-09-09 18:42:36 UTC,,,0,no_data,
310,48_439_1006,Haws Athletic Center C310,2008-06,88101,24hr,maximum|average|standard_deviation,,https://www.tceq.texas.gov/cgi-bin/compliance/monops/monthly_summary.pl,2026-09-09 18:42:36 UTC,,,0,no_data,
310,48_439_1006,Haws Athletic Center C310,2008-07,88101,24hr,maximum|average|standard_deviation,,https://www.tceq.texas.gov/cgi-bin/compliance/monops/monthly_summary.pl,2026-09-09 18:42:37 UTC,,,0,no_data,
310,48_439_1006,Haws Athletic Center C310,2008-08,88101,24hr,maximum|average|standard_deviation,,https://www.tceq.texas.gov/cgi-bin/compliance/monops/monthly_summary.pl,2026-09-09 18:42:38 UTC,,,0,no_data,
310,48_439_1006,Haws Athletic Center C310,2008-09,88101,24hr,maximum|average|standard_deviation,,https://www.tceq.texas.gov/cgi-bin/compliance/monops/monthly_summary.pl,2026-09-09 18:42:38 UTC,,,0,no_data,
310,48_439_1006,Haws Athletic Center C310,2008-10,88101,24hr,maximum|average|standard_deviation,,https://www.tceq.texas.gov/cgi-bin/compliance/monops/monthly_summary.pl,2026-09-09 18:42:39 UTC,,,0,no_data,
310,48_439_1006,Haws Athletic Center C310,2008-11,88101,24hr,maximum|average|standard_deviation,,https://www.tceq.texas.gov/cgi-bin/compliance/monops/monthly_summary.pl,2026-09-09 18:42:40 UTC,,,0,no_data,
310,48_439_1006,Haws Athletic Center C310,2008-12,88101,24hr,maximum|average|standard_deviation,,https://www.tceq.texas.gov/cgi-bin/compliance/monops/monthly_summary.pl,2026-09-09 18:42:41 UTC,,,0,no_data,
310,48_439_1006,Haws Athletic Center C310,2009-01,88101,24hr,maximum|average|standard_deviation,,https://www.tceq.texas.gov/cgi-bin/compliance/monops/monthly_summary.pl,2026-09-09 18:42:41 UTC,,,0,no_data,
310,48_439_1006,Haws Athletic Center C310,2009-02,88101,24hr,maximum|average|standard_deviation,,https://www.tceq.texas.gov/cgi-bin/compliance/monops/monthly_summary.pl,2026-09-09 18:42:42 UTC,,,0,no_data,
310,48_439_1006,Haws Athletic Center C310,2009-03,88101,24hr,maximum|average|standard_deviation,,https://www.tceq.texas.gov/cgi-bin/compliance/monops/monthly_summary.pl,2026-09-09 18:42:43 UTC,,,0,no_data,
310,48_439_1006,Haws Athletic Center C310,2009-04,88101,24hr,maximum|average|standard_deviation,,https://www.tceq.texas.gov/cgi-bin/compliance/monops/monthly_summary.pl,2026-09-09 18:42:43 UTC,,,0,no_data,
310,48_439_1006,Haws Athletic Center C310,2009-05,88101,24hr,maximum|average|standard_deviation,,https://www.tceq.texas.gov/cgi-bin/compliance/monops/monthly_summary.pl,2026-09-09 18:42:44 UTC,,,0,no_data,
310,48_439_1006,Haws Athletic Center C310,2009-06,88101,24hr,maximum|average|standard_deviation,,https://www.tceq.texas.gov/cgi-bin/compliance/monops/monthly_summary.pl,2026-09-09 18:42:45 UTC,,,0,no_data,
310,48_439_1006,Haws Athletic Center C310,2009-07,88101,24hr,maximum|average|standard_deviation,,https://www.tceq.texas.gov/cgi-bin/compliance/monops/monthly_summary.pl,2026-09-09 18:42:46 UTC,,,0,no_data,
310,48_439_1006,Haws Athletic Center C310,2009-08,88101,24hr,maximum|average|standard_deviation,,https://www.tceq.texas.gov/cgi-bin/compliance/monops/monthly_summary.pl,2026-09-09 18:42:46 UTC,,,0,no_data,
310,48_439_1006,Haws Athletic Center C310,2009-09,88101,24hr,maximum|average|standard_deviation,,https://www.tceq.texas.gov/cgi-bin/compliance/monops/monthly_summary.pl,2026-09-09 18:42:47 UTC,,,0,no_data,
310,48_439_1006,Haws Athletic Center C310,2009-10,88101,24hr,maximum|average|standard_deviation,,https://www.tceq.texas.gov/cgi-bin/compliance/monops/monthly_summary.pl,2026-09-09 18:42:48 UTC,,,0,no_data,
310,48_439_1006,Haws Athletic Center C310,2009-11,88101,24hr,maximum|average|standard_deviation,,https://www.tceq.texas.gov/cgi-bin/compliance/monops/monthly_summary.pl,2026-09-09 18:42:48 UTC,,,0,no_data,
310,48_439_1006,Haws Athletic Center C310,2009-12,88101,24hr,maximum|average|standard_deviation,,https://www.tceq.texas.gov/cgi-bin/compliance/monops/monthly_summary.pl,2026-09-09 18:42:49 UTC,,,0,no_data,
310,48_439_1006,Haws Athletic Center C310,2010-01,88101,24hr,maximum|average|standard_deviation,,https://www.tceq.texas.gov/cgi-bin/compliance/monops/monthly_summary.pl,2026-09-09 18:42:50 UTC,,,0,no_data,
310,48_439_1006,Haws Athletic Center C310,2010-02,88101,24hr,maximum|average|standard_deviation,,https://www.tceq.texas.gov/cgi-bin/compliance/monops/monthly_summary.pl,2026-09-09 18:42:50 UTC,,,0,no_data,
310,48_439_1006,Haws Athletic Center C310,2010-03,88101,24hr,maximum|average|standard_deviation,,https://www.tceq.texas.gov/cgi-bin/compliance/monops/monthly_summary.pl,2026-09-09 18:42:51 UTC,,,0,no_data,
310,48_439_1006,Haws Athletic Center C310,2010-04,88101,24hr,maximum|average|standard_deviation,,https://www.tceq.texas.gov/cgi-bin/compliance/monops/monthly_summary.pl,2026-09-09 18:42:52 UTC,,,0,no_data,
310,48_439_1006,Haws Athletic Center C310,2010-05,88101,24hr,maximum|average|standard_deviation,,https://www.tceq.texas.gov/cgi-bin/compliance/monops/monthly_summary.pl,2026-09-09 18:42:53 UTC,,,0,no_data,
310,48_439_1006,Haws Athletic Center C310,2010-06,88101,24hr,maximum|average|standard_deviation,,https://www.tceq.texas.gov/cgi-bin/compliance/monops/monthly_summary.pl,2026-09-09 18:42:53 UTC,,,0,no_data,
310,48_439_1006,Haws Athletic Center C310,2010-07,88101,24hr,maximum|average|standard_deviation,,https://www.tceq.texas.gov/cgi-bin/compliance/monops/monthly_summary.pl,2026-09-09 18:42:54 UTC,,,0,no_data,
310,48_439_1006,Haws Athletic Center C310,2010-08,88101,24hr,maximum|average|standard_deviation,,https://www.tceq.texas.gov/cgi-bin/compliance/monops/monthly_summary.pl,2026-09-09 18:42:55 UTC,,,0,no_data,
310,48_439_1006,Haws Athletic Center C310,2010-09,88101,24hr,maximum|average|standard_deviation,,https://www.tceq.texas.gov/cgi-bin/compliance/monops/monthly_summary.pl,2026-09-09 18:42:56 UTC,,,0,no_data,
310,48_439_1006,Haws Athletic Center C310,2010-10,88101,24hr,maximum|average|standard_deviation,,https://www.tceq.texas.gov/cgi-bin/compliance/monops/monthly_summary.pl,2026-09-09 18:42:56 UTC,,,0,no_data,
310,48_439_1006,Haws Athletic Center C310,2010-11,88101,24hr,maximum|average|standard_deviation,,https://www.tceq.texas.gov/cgi-bin/compliance/monops/monthly_summary.pl,2026-09-09 18:42:57 UTC,,,0,no_data,
310,48_439_1006,Haws Athletic Center C310,2010-12,88101,24hr,maximum|average|standard_deviation,,https://www.tceq.texas.gov/cgi-bin/compliance/monops/monthly_summary.pl,2026-09-09 18:42:58 UTC,,,0,no_data,
310,48_439_1006,Haws Athletic Center C310,2011-01,88101,24hr,maximum|average|standard_deviation,,https://www.tceq.texas.gov/cgi-bin/compliance/monops/monthly_summary.pl,2026-09-09 18:42:58 UTC,,,0,no_data,
310,48_439_1006,Haws Athletic Center C310,2011-02,88101,24hr,maximum|average|standard_deviation,,https://www.tceq.texas.gov/cgi-bin/compliance/monops/monthly_summary.pl,2026-09-09 18:42:59 UTC,,,0,no_data,
310,48_439_1006,Haws Athletic Center C310,2011-03,88101,24hr,maximum|average|standard_deviation,,https://www.tceq.texas.gov/cgi-bin/compliance/monops/monthly_summary.pl,2026-09-09 18:43:00 UTC,,,0,no_data,
310,48_439_1006,Haws Athletic Center C310,2011-04,88101,24hr,maximum|average|standard_deviation,,https://www.tceq.texas.gov/cgi-bin/compliance/monops/monthly_summary.pl,2026-09-09 18:43:00 UTC,,,0,no_data,
310,48_439_1006,Haws Athletic Center C310,2011-05,88101,24hr,maximum|average|standard_deviation,,https://www.tceq.texas.gov/cgi-bin/compliance/monops/monthly_summary.pl,2026-09-09 18:43:01 UTC,,,0,no_data,
310,48_439_1006,Haws Athletic Center C310,2011-06,88101,24hr,maximum|average|standard_deviation,,https://www.tceq.texas.gov/cgi-bin/compliance/monops/monthly_summary.pl,2026-09-09 18:43:02 UTC,,,0,no_data,
310,48_439_1006,Haws Athletic Center C310,2011-07,88101,24hr,maximum|average|standard_deviation,,https://www.tceq.texas.gov/cgi-bin/compliance/monops/monthly_summary.pl,2026-09-09 18:43:03 UTC,,,0,no_data,
310,48_439_1006,Haws Athletic Center C310,2011-08,88101,24hr,maximum|average|standard_deviation,,https://www.tceq.texas.gov/cgi-bin/compliance/monops/monthly_summary.pl,2026-09-09 18:43:04 UTC,,,0,no_data,
310,48_439_1006,Haws Athletic Center C310,2011-09,88101,24hr,maximum|average|standard_deviation,,https://www.tceq.texas.gov/cgi-bin/compliance/monops/monthly_summary.pl,2026-09-09 18:43:05 UTC,,,0,no_data,
310,48_439_1006,Haws Athletic Center C310,2011-10,88101,24hr,maximum|average|standard_deviation,,https://www.tceq.texas.gov/cgi-bin/compliance/monops/monthly_summary.pl,2026-09-09 18:43:06 UTC,,,0,no_data,
310,48_439_1006,Haws Athletic Center C310,2011-11,88101,24hr,maximum|average|standard_deviation,,https://www.tceq.texas.gov/cgi-bin/compliance/monops/monthly_summary.pl,2026-09-09 18:43:07 UTC,,,0,no_data,
310,48_439_1006,Haws Athletic Center C310,2011-12,88101,24hr,maximum|average|standard_deviation,,https://www.tceq.texas.gov/cgi-bin/compliance/monops/monthly_summary.pl,2026-09-09 18:43:07 UTC,,,0,no_data,
310,48_439_1006,Haws Athletic Center C310,2012-01,88101,24hr,maximum|average|standard_deviation,,https://www.tceq.texas.gov/cgi-bin/compliance/monops/monthly_summary.pl,2026-09-09 18:43:08 UTC,,,0,no_data,
310,48_439_1006,Haws Athletic Center C310,2012-02,88101,24hr,maximum|average|standard_deviation,,https://www.tceq.texas.gov/cgi-bin/compliance/monops/monthly_summary.pl,2026-09-09 18:43:09 UTC,,,0,no_data,
310,48_439_1006,Haws Athletic Center C310,2012-03,88101,24hr,maximum|average|standard_deviation,,https://www.tceq.texas.gov/cgi-bin/compliance/monops/monthly_summary.pl,2026-09-09 18:43:10 UTC,,,0,no_data,
310,48_439_1006,Haws Athletic Center C310,2012-04,88101,24hr,maximum|average|standard_deviation,,https://www.tceq.texas.gov/cgi-bin/compliance/monops/monthly_summary.pl,2026-09-09 18:43:11 UTC,,,0,no_data,
310,48_439_1006,Haws Athletic Center C310,2012-05,88101,24hr,maximum|average|standard_deviation,,https://www.tceq.texas.gov/cgi-bin/compliance/monops/monthly_summary.pl,2026-09-09 18:43:11 UTC,,,0,no_data,
310,48_439_1006,Haws Athletic Center C310,2012-06,88101,24hr,maximum|average|standard_deviation,,https://www.tceq.texas.gov/cgi-bin/compliance/monops/monthly_summary.pl,2026-09-09 18:43:12 UTC,,,0,no_data,
310,48_439_1006,Haws Athletic Center C310,2012-07,88101,24hr,maximum|average|standard_deviation,,https://www.tceq.texas.gov/cgi-bin/compliance/monops/monthly_summary.pl,2026-09-09 18:43:13 UTC,,,0,no_data,
310,48_439_1006,Haws Athletic Center C310,2012-08,88101,24hr,maximum|average|standard_deviation,,https://www.tceq.texas.gov/cgi-bin/compliance/monops/monthly_summary.pl,2026-09-09 18:43:14 UTC,,,0,no_data,
310,48_439_1006,Haws Athletic Center C310,2012-09,88101,24hr,maximum|average|standard_deviation,,https://www.tceq.texas.gov/cgi-bin/compliance/monops/monthly_summary.pl,2026-09-09 18:43:14 UTC,,,0,no_data,
310,48_439_1006,Haws Athletic Center C310,2012-10,88101,24hr,maximum|average|standard_deviation,,https://www.tceq.texas.gov/cgi-bin/compliance/monops/monthly_summary.pl,2026-09-09 18:43:15 UTC,,,0,no_data,
310,48_439_1006,Haws Athletic Center C310,2012-11,88101,24hr,maximum|average|standard_deviation,,https://www.tceq.texas.gov/cgi-bin/compliance/monops/monthly_summary.pl,2026-09-09 18:43:16 UTC,,,0,no_data,
310,48_439_1006,Haws Athletic Center C310,2012-12,88101,24hr,maximum|average|standard_deviation,,https://www.tceq.texas.gov/cgi-bin/compliance/monops/monthly_summary.pl,2026-09-09 18:43:17 UTC,,,0,no_data,
310,48_439_1006,Haws Athletic Center C310,2013-01,88101,24hr,maximum|average|standard_deviation,,https://www.tceq.texas.gov/cgi-bin/compliance/monops/monthly_summary.pl,2026-09-09 18:43:17 UTC,,,0,no_data,
310,48_439_1006,Haws Athletic Center C310,2013-02,88101,24hr,maximum|average|standard_deviation,,https://www.tceq.texas.gov/cgi-bin/compliance/monops/monthly_summary.pl,2026-09-09 18:43:18 UTC,,,0,no_data,
310,48_439_1006,Haws Athletic Center C310,2013-03,88101,24hr,maximum|average|standard_deviation,,https://www.tceq.texas.gov/cgi-bin/compliance/monops/monthly_summary.pl,2026-09-09 18:43:19 UTC,,,0,no_data,
310,48_439_1006,Haws Athletic Center C310,2013-04,88101,24hr,maximum|average|standard_deviation,,https://www.tceq.texas.gov/cgi-bin/compliance/monops/monthly_summary.pl,2026-09-09 18:43:20 UTC,,,0,no_data,
310,48_439_1006,Haws Athletic Center C310,2013-05,88101,24hr,maximum|average|standard_deviation,,https://www.tceq.texas.gov/cgi-bin/compliance/monops/monthly_summary.pl,2026-09-09 18:43:20 UTC,,,0,no_data,
310,48_439_1006,Haws Athletic Center C310,2013-06,88101,24hr,maximum|average|standard_deviation,,https://www.tceq.texas.gov/cgi-bin/compliance/monops/monthly_summary.pl,2026-09-09 18:43:21 UTC,,,0,no_data,
310,48_439_1006,Haws Athletic Center C310,2013-07,88101,24hr,maximum|average|standard_deviation,,https://www.tceq.texas.gov/cgi-bin/compliance/monops/monthly_summary.pl,2026-09-09 18:43:22 UTC,,,0,no_data,
310,48_439_1006,Haws Athletic Center C310,2013-08,88101,24hr,maximum|average|standard_deviation,,https://www.tceq.texas.gov/cgi-bin/compliance/monops/monthly_summary.pl,2026-09-09 18:43:23 UTC,,,0,no_data,
310,48_439_1006,Haws Athletic Center C310,2013-09,88101,24hr,maximum|average|standard_deviation,,https://www.tceq.texas.gov/cgi-bin/compliance/monops/monthly_summary.pl,2026-09-09 18:43:23 UTC,,,0,no_data,
310,48_439_1006,Haws Athletic Center C310,2013-10,88101,24hr,maximum|average|standard_deviation,,https://www.tceq.texas.gov/cgi-bin/compliance/monops/monthly_summary.pl,2026-09-09 18:43:24 UTC,,,0,no_data,
310,48_439_1006,Haws Athletic Center C310,2013-11,88101,24hr,maximum|average|standard_deviation,,https://www.tceq.texas.gov/cgi-bin/compliance/monops/monthly_summary.pl,2026-09-09 18:43:25 UTC,,,0,no_data,
310,48_439_1006,Haws Athletic Center C310,2013-12,88101,24hr,maximum|average|standard_deviation,,https://www.tceq.texas.gov/cgi-bin/compliance/monops/monthly_summary.pl,2026-09-09 18:43:26 UTC,,,0,no_data,
310,48_439_1006,Haws Athletic Center C310,2014-01,88101,24hr,maximum|average|standard_deviation,,https://www.tceq.texas.gov/cgi-bin/compliance/monops/monthly_summary.pl,2026-09-09 18:43:26 UTC,,,0,no_data,
310,48_439_1006,Haws Athletic Center C310,2014-02,88101,24hr,maximum|average|standard_deviation,,https://www.tceq.texas.gov/cgi-bin/compliance/monops/monthly_summary.pl,2026-09-09 18:43:27 UTC,,,0,no_data,
310,48_439_1006,Haws Athletic Center C310,2014-03,88101,24hr,maximum|average|standard_deviation,,https://www.tceq.texas.gov/cgi-bin/compliance/monops/monthly_summary.pl,2026-09-09 18:43:28 UTC,,,0,no_data,
310,48_439_1006,Haws Athletic Center C310,2014-04,88101,24hr,maximum|average|standard_deviation,,https://www.tceq.texas.gov/cgi-bin/compliance/monops/monthly_summary.pl,2026-09-09 18:43:28 UTC,,,0,no_data,
310,48_439_1006,Haws Athletic Center C310,2014-05,88101,24hr,maximum|average|standard_deviation,,https://www.tceq.texas.gov/cgi-bin/compliance/monops/monthly_summary.pl,2026-09-09 18:43:29 UTC,,,0,no_data,
310,48_439_1006,Haws Athletic Center C310,2014-06,88101,24hr,maximum|average|standard_deviation,,https://www.tceq.texas.gov/cgi-bin/compliance/monops/monthly_summary.pl,2026-09-09 18:43:30 UTC,,,0,no_data,
310,48_439_1006,Haws Athletic Center C310,2014-07,88101,24hr,maximum|average|standard_deviation,,https://www.tceq.texas.gov/cgi-bin/compliance/monops/monthly_summary.pl,2026-09-09 18:43:31 UTC,,,0,no_data,
310,48_439_1006,Haws Athletic Center C310,2014-08,88101,24hr,maximum|average|standard_deviation,,https://www.tceq.texas.gov/cgi-bin/compliance/monops/monthly_summary.pl,2026-09-09 18:43:31 UTC,,,0,no_data,
310,48_439_1006,Haws Athletic Center C310,2014-09,88101,24hr,maximum|average|standard_deviation,,https://www.tceq.texas.gov/cgi-bin/compliance/monops/monthly_summary.pl,2026-09-09 18:43:32 UTC,,,0,no_data,
310,48_439_1006,Haws Athletic Center C310,2014-10,88101,24hr,maximum|average|standard_deviation,,https://www.tceq.texas.gov/cgi-bin/compliance/monops/monthly_summary.pl,2026-09-09 18:43:33 UTC,,,0,no_data,
310,48_439_1006,Haws Athletic Center C310,2014-11,88101,24hr,maximum|average|standard_deviation,,https://www.tceq.texas.gov/cgi-bin/compliance/monops/monthly_summary.pl,2026-09-09 18:43:34 UTC,,,0,no_data,
310,48_439_1006,Haws Athletic Center C310,2014-12,88101,24hr,maximum|average|standard_deviation,,https://www.tceq.texas.gov/cgi-bin/compliance/monops/monthly_summary.pl,2026-09-09 18:43:34 UTC,,,0,no_data,
310,48_439_1006,Haws Athletic Center C310,2015-01,88101,24hr,maximum|average|standard_deviation,,https://www.tceq.texas.gov/cgi-bin/compliance/monops/monthly_summary.pl,2026-09-09 18:43:35 UTC,,,0,no_data,
310,48_439_1006,Haws Athletic Center C310,2015-02,88101,24hr,maximum|average|standard_deviation,,https://www.tceq.texas.gov/cgi-bin/compliance/monops/monthly_summary.pl,2026-09-09 18:43:36 UTC,,,0,no_data,
310,48_439_1006,Haws Athletic Center C310,2015-03,88101,24hr,maximum|average|standard_deviation,,https://www.tceq.texas.gov/cgi-bin/compliance/monops/monthly_summary.pl,2026-09-09 18:43:36 UTC,,,0,no_data,
310,48_439_1006,Haws Athletic Center C310,2015-04,88101,24hr,maximum|average|standard_deviation,,https://www.tceq.texas.gov/cgi-bin/compliance/monops/monthly_summary.pl,2026-09-09 18:43:37 UTC,,,0,no_data,
310,48_439_1006,Haws Athletic Center C310,2015-05,88101,24hr,maximum|average|standard_deviation,,https://www.tceq.texas.gov/cgi-bin/compliance/monops/monthly_summary.pl,2026-09-09 18:43:38 UTC,,,0,no_data,
310,48_439_1006,Haws Athletic Center C310,2015-06,88101,24hr,maximum|average|standard_deviation,,https://www.tceq.texas.gov/cgi-bin/compliance/monops/monthly_summary.pl,2026-09-09 18:43:39 UTC,,,0,no_data,
310,48_439_1006,Haws Athletic Center C310,2015-07,88101,24hr,maximum|average|standard_deviation,,https://www.tceq.texas.gov/cgi-bin/compliance/monops/monthly_summary.pl,2026-09-09 18:43:39 UTC,,,0,no_data,
310,48_439_1006,Haws Athletic Center C310,2015-08,88101,24hr,maximum|average|standard_deviation,,https://www.tceq.texas.gov/cgi-bin/compliance/monops/monthly_summary.pl,2026-09-09 18:43:40 UTC,,,0,no_data,
310,48_439_1006,Haws Athletic Center C310,2015-09,88101,24hr,maximum|average|standard_deviation,,https://www.tceq.texas.gov/cgi-bin/compliance/monops/monthly_summary.pl,2026-09-09 18:43:41 UTC,,,0,no_data,
310,48_439_1006,Haws Athletic Center C310,2015-10,88101,24hr,maximum|average|standard_deviation,,https://www.tceq.texas.gov/cgi-bin/compliance/monops/monthly_summary.pl,2026-09-09 18:43:42 UTC,,,0,no_data,
310,48_439_1006,Haws Athletic Center C310,2015-11,88101,24hr,maximum|average|standard_deviation,,https://www.tceq.texas.gov/cgi-bin/compliance/monops/monthly_summary.pl,2026-09-09 18:43:42 UTC,,,0,no_data,
310,48_439_1006,Haws Athletic Center C310,2015-12,88101,24hr,maximum|average|standard_deviation,,https://www.tceq.texas.gov/cgi-bin/compliance/monops/monthly_summary.pl,2026-09-09 18:43:43 UTC,,,0,no_data,
310,48_439_1006,Haws Athletic Center C310,2016-01,88101,24hr,maximum|average|standard_deviation,,https://www.tceq.texas.gov/cgi-bin/compliance/monops/monthly_summary.pl,2026-09-09 18:43:44 UTC,,,0,no_data,
310,48_439_1006,Haws Athletic Center C310,2016-02,88101,24hr,maximum|average|standard_deviation,,https://www.tceq.texas.gov/cgi-bin/compliance/monops/monthly_summary.pl,2026-09-09 18:43:44 UTC,,,0,no_data,
310,48_439_1006,Haws Athletic Center C310,2016-03,88101,24hr,maximum|average|standard_deviation,,https://www.tceq.texas.gov/cgi-bin/compliance/monops/monthly_summary.pl,2026-09-09 18:43:45 UTC,,,0,no_data,
310,48_439_1006,Haws Athletic Center C310,2016-04,88101,24hr,maximum|average|standard_deviation,,https://www.tceq.texas.gov/cgi-bin/compliance/monops/monthly_summary.pl,2026-09-09 18:43:46 UTC,,,0,no_data,
310,48_439_1006,Haws Athletic Center C310,2016-05,88101,24hr,maximum|average|standard_deviation,,https://www.tceq.texas.gov/cgi-bin/compliance/monops/monthly_summary.pl,2026-09-09 18:43:46 UTC,,,0,no_data,
310,48_439_1006,Haws Athletic Center C310,2016-06,88101,24hr,maximum|average|standard_deviation,,https://www.tceq.texas.gov/cgi-bin/compliance/monops/monthly_summary.pl,2026-09-09 18:43:47 UTC,,,0,no_data,
310,48_439_1006,Haws Athletic Center C310,2016-07,88101,24hr,maximum|average|standard_deviation,,https://www.tceq.texas.gov/cgi-bin/compliance/monops/monthly_summary.pl,2026-09-09 18:43:48 UTC,,,0,no_data,
310,48_439_1006,Haws Athletic Center C310,2016-08,88101,24hr,maximum|average|standard_deviation,,https://www.tceq.texas.gov/cgi-bin/compliance/monops/monthly_summary.pl,2026-09-09 18:43:49 UTC,,,0,no_data,
310,48_439_1006,Haws Athletic Center C310,2016-09,88101,24hr,maximum|average|standard_deviation,,https://www.tceq.texas.gov/cgi-bin/compliance/monops/monthly_summary.pl,2026-09-09 18:43:49 UTC,,,0,no_data,
310,48_439_1006,Haws Athletic Center C310,2016-10,88101,24hr,maximum|average|standard_deviation,,https://www.tceq.texas.gov/cgi-bin/compliance/monops/monthly_summary.pl,2026-09-09 18:43:50 UTC,,,0,no_data,
310,48_439_1006,Haws Athletic Center C310,2016-11,88101,24hr,maximum|average|standard_deviation,,https://www.tceq.texas.gov/cgi-bin/compliance/monops/monthly_summary.pl,2026-09-09 18:43:51 UTC,,,0,no_data,
310,48_439_1006,Haws Athletic Center C310,2016-12,88101,24hr,maximum|average|standard_deviation,,https://www.tceq.texas.gov/cgi-bin/compliance/monops/monthly_summary.pl,2026-09-09 18:43:51 UTC,,,0,no_data,
310,48_439_1006,Haws Athletic Center C310,2017-01,88101,24hr,maximum|average|standard_deviation,,https://www.tceq.texas.gov/cgi-bin/compliance/monops/monthly_summary.pl,2026-09-09 18:43:52 UTC,,,0,no_data,
310,48_439_1006,Haws Athletic Center C310,2017-02,88101,24hr,maximum|average|standard_deviation,,https://www.tceq.texas.gov/cgi-bin/compliance/monops/monthly_summary.pl,2026-09-09 18:43:53 UTC,,,0,no_data,
310,48_439_1006,Haws Athletic Center C310,2017-03,88101,24hr,maximum|average|standard_deviation,,https://www.tceq.texas.gov/cgi-bin/compliance/monops/monthly_summary.pl,2026-09-09 18:43:53 UTC,,,0,no_data,
310,48_439_1006,Haws Athletic Center C310,2017-04,88101,24hr,maximum|average|standard_deviation,,https://www.tceq.texas.gov/cgi-bin/compliance/monops/monthly_summary.pl,2026-09-09 18:43:54 UTC,,,0,no_data,
310,48_439_1006,Haws Athletic Center C310,2017-05,88101,24hr,maximum|average|standard_deviation,,https://www.tceq.texas.gov/cgi-bin/compliance/monops/monthly_summary.pl,2026-09-09 18:43:55 UTC,,,0,no_data,
310,48_439_1006,Haws Athletic Center C310,2017-06,88101,24hr,maximum|average|standard_deviation,,https://www.tceq.texas.gov/cgi-bin/compliance/monops/monthly_summary.pl,2026-09-09 18:43:56 UTC,,,0,no_data,
310,48_439_1006,Haws Athletic Center C310,2017-07,88101,24hr,maximum|average|standard_deviation,,https://www.tceq.texas.gov/cgi-bin/compliance/monops/monthly_summary.pl,2026-09-09 18:43:56 UTC,,,0,no_data,
310,48_439_1006,Haws Athletic Center C310,2017-08,88101,24hr,maximum|average|standard_deviation,,https://www.tceq.texas.gov/cgi-bin/compliance/monops/monthly_summary.pl,2026-09-09 18:43:57 UTC,,,0,no_data,
310,48_439_1006,Haws Athletic Center C310,2017-09,88101,24hr,maximum|average|standard_deviation,,https://www.tceq.texas.gov/cgi-bin/compliance/monops/monthly_summary.pl,2026-09-09 18:43:58 UTC,,,0,no_data,
310,48_439_1006,Haws Athletic Center C310,2017-10,88101,24hr,maximum|average|standard_deviation,,https://www.tceq.texas.gov/cgi-bin/compliance/monops/monthly_summary.pl,2026-09-09 18:43:58 UTC,,,0,no_data,
310,48_439_1006,Haws Athletic Center C310,2017-11,88101,24hr,maximum|average|standard_deviation,,https://www.tceq.texas.gov/cgi-bin/compliance/monops/monthly_summary.pl,2026-09-09 18:43:59 UTC,,,0,no_data,
310,48_439_1006,Haws Athletic Center C310,2017-12,88101,24hr,maximum|average|standard_deviation,,https://www.tceq.texas.gov/cgi-bin/compliance/monops/monthly_summary.pl,2026-09-09 18:44:00 UTC,,,0,no_data,
310,48_439_1006,Haws Athletic Center C310,2018-01,88101,24hr,maximum|average|standard_deviation,,https://www.tceq.texas.gov/cgi-bin/compliance/monops/monthly_summary.pl,2026-09-09 18:44:00 UTC,,,0,no_data,
310,48_439_1006,Haws Athletic Center C310,2018-02,88101,24hr,maximum|average|standard_deviation,,https://www.tceq.texas.gov/cgi-bin/compliance/monops/monthly_summary.pl,2026-09-09 18:44:01 UTC,,,0,no_data,
310,48_439_1006,Haws Athletic Center C310,2018-03,88101,24hr,maximum|average|standard_deviation,,https://www.tceq.texas.gov/cgi-bin/compliance/monops/monthly_summary.pl,2026-09-09 18:44:02 UTC,,,0,no_data,
310,48_439_1006,Haws Athletic Center C310,2018-04,88101,24hr,maximum|average|standard_deviation,,https://www.tceq.texas.gov/cgi-bin/compliance/monops/monthly_summary.pl,2026-09-09 18:44:02 UTC,,,0,no_data,
310,48_439_1006,Haws Athletic Center C310,2018-05,88101,24hr,maximum|average|standard_deviation,,https://www.tceq.texas.gov/cgi-bin/compliance/monops/monthly_summary.pl,2026-09-09 18:44:03 UTC,,,0,no_data,
310,48_439_1006,Haws Athletic Center C310,2018-06,88101,24hr,maximum|average|standard_deviation,,https://www.tceq.texas.gov/cgi-bin/compliance/monops/monthly_summary.pl,2026-09-09 18:44:04 UTC,,,0,no_data,
310,48_439_1006,Haws Athletic Center C310,2018-07,88101,24hr,maximum|average|standard_deviation,,https://www.tceq.texas.gov/cgi-bin/compliance/monops/monthly_summary.pl,2026-09-09 18:44:05 UTC,,,0,no_data,
310,48_439_1006,Haws Athletic Center C310,2018-08,88101,24hr,maximum|average|standard_deviation,,https://www.tceq.texas.gov/cgi-bin/compliance/monops/monthly_summary.pl,2026-09-09 18:44:05 UTC,,,0,no_data,
310,48_439_1006,Haws Athletic Center C310,2018-09,88101,24hr,maximum|average|standard_deviation,,https://www.tceq.texas.gov/cgi-bin/compliance/monops/monthly_summary.pl,2026-09-09 18:44:06 UTC,,,0,no_data,
310,48_439_1006,Haws Athletic Center C310,2018-10,88101,24hr,maximum|average|standard_deviation,,https://www.tceq.texas.gov/cgi-bin/compliance/monops/monthly_summary.pl,2026-09-09 18:44:07 UTC,,,0,no_data,
310,48_439_1006,Haws Athletic Center C310,2018-11,88101,24hr,maximum|average|standard_deviation,,https://www.tceq.texas.gov/cgi-bin/compliance/monops/monthly_summary.pl,2026-09-09 18:44:07 UTC,,,0,no_data,
310,48_439_1006,Haws Athletic Center C310,2018-12,88101,24hr,maximum|average|standard_deviation,,https://www.tceq.texas.gov/cgi-bin/compliance/monops/monthly_summary.pl,2026-09-09 18:44:08 UTC,,,0,no_data,
310,48_439_1006,Haws Athletic Center C310,2019-01,88101,24hr,maximum|average|standard_deviation,,https://www.tceq.texas.gov/cgi-bin/compliance/monops/monthly_summary.pl,2026-09-09 18:44:09 UTC,,,0,no_data,
310,48_439_1006,Haws Athletic Center C310,2019-02,88101,24hr,maximum|average|standard_deviation,,https://www.tceq.texas.gov/cgi-bin/compliance/monops/monthly_summary.pl,2026-09-09 18:44:09 UTC,,,0,no_data,
310,48_439_1006,Haws Athletic Center C310,2019-03,88101,24hr,maximum|average|standard_deviation,,https://www.tceq.texas.gov/cgi-bin/compliance/monops/monthly_summary.pl,2026-09-09 18:44:10 UTC,,,0,no_data,
310,48_439_1006,Haws Athletic Center C310,2019-04,88101,24hr,maximum|average|standard_deviation,,https://www.tceq.texas.gov/cgi-bin/compliance/monops/monthly_summary.pl,2026-09-09 18:44:11 UTC,,,0,no_data,
310,48_439_1006,Haws Athletic Center C310,2019-05,88101,24hr,maximum|average|standard_deviation,,https://www.tceq.texas.gov/cgi-bin/compliance/monops/monthly_summary.pl,2026-09-09 18:44:12 UTC,,,0,no_data,
310,48_439_1006,Haws Athletic Center C310,2019-06,88101,24hr,maximum|average|standard_deviation,,https://www.tceq.texas.gov/cgi-bin/compliance/monops/monthly_summary.pl,2026-09-09 18:44:12 UTC,,,0,no_data,
310,48_439_1006,Haws Athletic Center C310,2019-07,88101,24hr,maximum|average|standard_deviation,,https://www.tceq.texas.gov/cgi-bin/compliance/monops/monthly_summary.pl,2026-09-09 18:44:13 UTC,,,0,no_data,
310,48_439_1006,Haws Athletic Center C310,2019-08,88101,24hr,maximum|average|standard_deviation,,https://www.tceq.texas.gov/cgi-bin/compliance/monops/monthly_summary.pl,2026-09-09 18:44:14 UTC,,,0,no_data,
310,48_439_1006,Haws Athletic Center C310,2019-09,88101,24hr,maximum|average|standard_deviation,,https://www.tceq.texas.gov/cgi-bin/compliance/monops/monthly_summary.pl,2026-09-09 18:44:14 UTC,,,0,no_data,
310,48_439_1006,Haws Athletic Center C310,2019-10,88101,24hr,maximum|average|standard_deviation,,https://www.tceq.texas.gov/cgi-bin/compliance/monops/monthly_summary.pl,2026-09-09 18:44:15 UTC,,,0,no_data,
310,48_439_1006,Haws Athletic Center C310,2019-11,88101,24hr,maximum|average|standard_deviation,,https://www.tceq.texas.gov/cgi-bin/compliance/monops/monthly_summary.pl,2026-09-09 18:44:16 UTC,,,0,no_data,
310,48_439_1006,Haws Athletic Center C310,2019-12,88101,24hr,maximum|average|standard_deviation,cams_0310/cams_0310_2019-12_pm25.csv,https://www.tceq.texas.gov/cgi-bin/compliance/monops/monthly_summary.pl,2026-09-09 18:44:17 UTC,79cbc2cbf978c465850b069042e0b62e8ed4a84c5d1f6c2b0bb1428f7e0b8082,4497,31,downloaded,
310,48_439_1006,Haws Athletic Center C310,2020-01,88101,24hr,maximum|average|standard_deviation,cams_0310/cams_0310_2020-01_pm25.csv,https://www.tceq.texas.gov/cgi-bin/compliance/monops/monthly_summary.pl,2026-09-09 18:44:18 UTC,c09db54cfc0fd9744cefcbb183dca497bfde017e5706d6c9c15f7870882e97b1,4333,31,downloaded,
310,48_439_1006,Haws Athletic Center C310,2020-02,88101,24hr,maximum|average|standard_deviation,cams_0310/cams_0310_2020-02_pm25.csv,https://www.tceq.texas.gov/cgi-bin/compliance/monops/monthly_summary.pl,2026-09-09 18:44:18 UTC,a4fbb60ad904994b70449d9a9808327dcb954eed71093d36c7143d0c138658e1,4105,29,downloaded,
310,48_439_1006,Haws Athletic Center C310,2020-03,88101,24hr,maximum|average|standard_deviation,cams_0310/cams_0310_2020-03_pm25.csv,https://www.tceq.texas.gov/cgi-bin/compliance/monops/monthly_summary.pl,2026-09-09 18:44:19 UTC,33c2b1e6e1c8086039a1c53ae5eca4f8f15c8e781562a09992b195275c67e145,4514,31,downloaded,
310,48_439_1006,Haws Athletic Center C310,2020-04,88101,24hr,maximum|average|standard_deviation,cams_0310/cams_0310_2020-04_pm25.csv,https://www.tceq.texas.gov/cgi-bin/compliance/monops/monthly_summary.pl,2026-09-09 18:44:20 UTC,68c1fc542814922ff23522713af6b57082ab7a859466ffbb9cb2fce8608eb4ce,4369,30,downloaded,
310,48_439_1006,Haws Athletic Center C310,2020-05,88101,24hr,maximum|average|standard_deviation,cams_0310/cams_0310_2020-05_pm25.csv,https://www.tceq.texas.gov/cgi-bin/compliance/monops/monthly_summary.pl,2026-09-09 18:44:21 UTC,b7f0fc64aa8fd6616bf9617269476dda107a4b5992c9bcd5550ebf47faa18e4c,4432,31,downloaded,
310,48_439_1006,Haws Athletic Center C310,2020-06,88101,24hr,maximum|average|standard_deviation,cams_0310/cams_0310_2020-06_pm25.csv,https://www.tceq.texas.gov/cgi-bin/compliance/monops/monthly_summary.pl,2026-09-09 18:44:22 UTC,36c925a65cb604760341c72790ac0af164898aadc7fbab6d6fb14740e78ef420,4441,30,downloaded,
310,48_439_1006,Haws Athletic Center C310,2020-07,88101,24hr,maximum|average|standard_deviation,cams_0310/cams_0310_2020-07_pm25.csv,https://www.tceq.texas.gov/cgi-bin/compliance/monops/monthly_summary.pl,2026-09-09 18:44:22 UTC,35a23212e0cdb926b5d9dfc1d3e40c3b2a0152189fd69c36b590801cb4b04ed6,4648,31,downloaded,
310,48_439_1006,Haws Athletic Center C310,2020-08,88101,24hr,maximum|average|standard_deviation,cams_0310/cams_0310_2020-08_pm25.csv,https://www.tceq.texas.gov/cgi-bin/compliance/monops/monthly_summary.pl,2026-09-09 18:44:23 UTC,799232cbeccf23c72a55bf06a09502d427ddacd941b0b04a2bb6c889200e64d3,4620,31,downloaded,
310,48_439_1006,Haws Athletic Center C310,2020-09,88101,24hr,maximum|average|standard_deviation,cams_0310/cams_0310_2020-09_pm25.csv,https://www.tceq.texas.gov/cgi-bin/compliance/monops/monthly_summary.pl,2026-09-09 18:44:24 UTC,11dd556d8bb4276a2cd8298ae24bd8debd4ab82d18a845d90d406015243c7340,4395,30,downloaded,
310,48_439_1006,Haws Athletic Center C310,2020-10,88101,24hr,maximum|average|standard_deviation,cams_0310/cams_0310_2020-10_pm25.csv,https://www.tceq.texas.gov/cgi-bin/compliance/monops/monthly_summary.pl,2026-09-09 18:44:25 UTC,ae8a51cf6e28991aab6f0efd07d3a97bab76b5e6912546320989c43f5fe52119,4517,31,downloaded,
310,48_439_1006,Haws Athletic Center C310,2020-11,88101,24hr,maximum|average|standard_deviation,cams_0310/cams_0310_2020-11_pm25.csv,https://www.tceq.texas.gov/cgi-bin/compliance/monops/monthly_summary.pl,2026-09-09 18:44:26 UTC,d582632f17913e4e2bdaf5adae7fa38ca42081331d128247700981524d1888fe,4355,30,downloaded,
310,48_439_1006,Haws Athletic Center C310,2020-12,88101,24hr,maximum|average|standard_deviation,cams_0310/cams_0310_2020-12_pm25.csv,https://www.tceq.texas.gov/cgi-bin/compliance/monops/monthly_summary.pl,2026-09-09 18:44:26 UTC,70e949097b5a9885038f324f22fedeb39624d1d9245a8112eda74eea96068f9d,4335,31,downloaded,
310,48_439_1006,Haws Athletic Center C310,2021-01,88101,24hr,maximum|average|standard_deviation,cams_0310/cams_0310_2021-01_pm25.csv,https://www.tceq.texas.gov/cgi-bin/compliance/monops/monthly_summary.pl,2026-09-09 18:44:27 UTC,66e20d85d53422b8a5d1032be29eb7122521d1527ec760f1264159ac326ca9ae,4520,31,downloaded,
310,48_439_1006,Haws Athletic Center C310,2021-02,88101,24hr,maximum|average|standard_deviation,cams_0310/cams_0310_2021-02_pm25.csv,https://www.tceq.texas.gov/cgi-bin/compliance/monops/monthly_summary.pl,2026-09-09 18:44:28 UTC,e4dfd17e58951b87fd45a48012d8ca8efd53e43a28a4871fb1db7725c3ba8f86,4030,28,downloaded,
310,48_439_1006,Haws Athletic Center C310,2021-03,88101,24hr,maximum|average|standard_deviation,cams_0310/cams_0310_2021-03_pm25.csv,https://www.tceq.texas.gov/cgi-bin/compliance/monops/monthly_summary.pl,2026-09-09 18:44:29 UTC,ed502f3287af96c9b12c0e2c5209eb528e66934b1252cdfc9e7b80c8e08b93ae,4449,31,downloaded,
310,48_439_1006,Haws Athletic Center C310,2021-04,88101,24hr,maximum|average|standard_deviation,cams_0310/cams_0310_2021-04_pm25.csv,https://www.tceq.texas.gov/cgi-bin/compliance/monops/monthly_summary.pl,2026-09-09 18:44:29 UTC,c10942c5c0c8fb4f6461bc055e60562027ba9db3fb2c8084bd9cc8c4346255d3,4339,30,downloaded,
310,48_439_1006,Haws Athletic Center C310,2021-05,88101,24hr,maximum|average|standard_deviation,cams_0310/cams_0310_2021-05_pm25.csv,https://www.tceq.texas.gov/cgi-bin/compliance/monops/monthly_summary.pl,2026-09-09 18:44:30 UTC,de0f5c0370fd745f16929388976a9337764b361e3c2cab4313e8e9c52c015211,4356,31,downloaded,
310,48_439_1006,Haws Athletic Center C310,2021-06,88101,24hr,maximum|average|standard_deviation,cams_0310/cams_0310_2021-06_pm25.csv,https://www.tceq.texas.gov/cgi-bin/compliance/monops/monthly_summary.pl,2026-09-09 18:44:31 UTC,3f09937b8e8ac42847a745eadc7268a56482c3afdffb991a8c73fc7d28aef482,4472,30,downloaded,
310,48_439_1006,Haws Athletic Center C310,2021-07,88101,24hr,maximum|average|standard_deviation,cams_0310/cams_0310_2021-07_pm25.csv,https://www.tceq.texas.gov/cgi-bin/compliance/monops/monthly_summary.pl,2026-09-09 18:44:32 UTC,cd421a35dd0a0ca143e2d5624da8d8421ea931ef87ada5c7be1ceaa63ce34eae,4669,31,downloaded,
310,48_439_1006,Haws Athletic Center C310,2021-08,88101,24hr,maximum|average|standard_deviation,cams_0310/cams_0310_2021-08_pm25.csv,https://www.tceq.texas.gov/cgi-bin/compliance/monops/monthly_summary.pl,2026-09-09 18:44:33 UTC,d96782e69eba7902f9bc64423ed1b1a6f239312c6c25f24cf1cb363dc0227c0f,4632,31,downloaded,
310,48_439_1006,Haws Athletic Center C310,2021-09,88101,24hr,maximum|average|standard_deviation,cams_0310/cams_0310_2021-09_pm25.csv,https://www.tceq.texas.gov/cgi-bin/compliance/monops/monthly_summary.pl,2026-09-09 18:44:33 UTC,261072565d358732841d4aca0aad1984243fa27e5ab6e9c41f6ea7a0b4a1ea84,4484,30,downloaded,
310,48_439_1006,Haws Athletic Center C310,2021-10,88101,24hr,maximum|average|standard_deviation,cams_0310/cams_0310_2021-10_pm25.csv,https://www.tceq.texas.gov/cgi-bin/compliance/monops/monthly_summary.pl,2026-09-09 18:44:34 UTC,ac9177ddc489b486bc922bd8886c8cf09bf3124d660be23c6625a13abe90664f,4331,31,downloaded,
310,48_439_1006,Haws Athletic Center C310,2021-11,88101,24hr,maximum|average|standard_deviation,cams_0310/cams_0310_2021-11_pm25.csv,https://www.tceq.texas.gov/cgi-bin/compliance/monops/monthly_summary.pl,2026-09-09 18:44:35 UTC,84f6b95ee07a0e64d0e83a3c46c395142649418e21f7dcd33089b25414ecd5fe,4224,30,downloaded,
310,48_439_1006,Haws Athletic Center C310,2021-12,88101,24hr,maximum|average|standard_deviation,cams_0310/cams_0310_2021-12_pm25.csv,https://www.tceq.texas.gov/cgi-bin/compliance/monops/monthly_summary.pl,2026-09-09 18:44:36 UTC,9ee4b8581b779246fbe3d155daa4d5668d9430f67107118e71a5deb834b88220,4499,31,downloaded,
310,48_439_1006,Haws Athletic Center C310,2022-01,88101,24hr,maximum|average|standard_deviation,cams_0310/cams_0310_2022-01_pm25.csv,https://www.tceq.texas.gov/cgi-bin/compliance/monops/monthly_summary.pl,2026-09-09 18:44:37 UTC,09ca9b1fe5642fc00b4cc3222730f1a01ae9564be485e7a0116eaed326e4953d,4413,31,downloaded,
310,48_439_1006,Haws Athletic Center C310,2022-02,88101,24hr,maximum|average|standard_deviation,cams_0310/cams_0310_2022-02_pm25.csv,https://www.tceq.texas.gov/cgi-bin/compliance/monops/monthly_summary.pl,2026-09-09 18:44:38 UTC,6797615809e60228b48afc5e65e3c846183d262b09de7f7130850edfb40f8501,3996,28,downloaded,
310,48_439_1006,Haws Athletic Center C310,2022-03,88101,24hr,maximum|average|standard_deviation,cams_0310/cams_0310_2022-03_pm25.csv,https://www.tceq.texas.gov/cgi-bin/compliance/monops/monthly_summary.pl,2026-09-09 18:44:39 UTC,8fa8f1e79792040a98821fa956903646d331855990eb8bf3ceae9856e649b02c,4365,31,downloaded,
310,48_439_1006,Haws Athletic Center C310,2022-04,88101,24hr,maximum|average|standard_deviation,cams_0310/cams_0310_2022-04_pm25.csv,https://www.tceq.texas.gov/cgi-bin/compliance/monops/monthly_summary.pl,2026-09-09 18:44:40 UTC,e0f0bf20d751100f11cfdf15a6eafbba2c34dcc3300ffdd91acb65015c034ba3,4330,30,downloaded,
310,48_439_1006,Haws Athletic Center C310,2022-05,88101,24hr,maximum|average|standard_deviation,cams_0310/cams_0310_2022-05_pm25.csv,https://www.tceq.texas.gov/cgi-bin/compliance/monops/monthly_summary.pl,2026-09-09 18:44:40 UTC,accb1a4b7cf730ec9656bbeb4e9d63910b4e19c7a940857102249df499bd5f82,4521,31,downloaded,
310,48_439_1006,Haws Athletic Center C310,2022-06,88101,24hr,maximum|average|standard_deviation,cams_0310/cams_0310_2022-06_pm25.csv,https://www.tceq.texas.gov/cgi-bin/compliance/monops/monthly_summary.pl,2026-09-09 18:44:41 UTC,5a9792c8436ea2962c41d1cb8472c7a46777595982321ee887f63295dcb9337a,4508,30,downloaded,
310,48_439_1006,Haws Athletic Center C310,2022-07,88101,24hr,maximum|average|standard_deviation,cams_0310/cams_0310_2022-07_pm25.csv,https://www.tceq.texas.gov/cgi-bin/compliance/monops/monthly_summary.pl,2026-09-09 18:44:42 UTC,20340bc3c09e7bd06a4af5157e0287eceda09afa0e85b6fb813075078033ceb8,4578,31,downloaded,
310,48_439_1006,Haws Athletic Center C310,2022-08,88101,24hr,maximum|average|standard_deviation,cams_0310/cams_0310_2022-08_pm25.csv,https://www.tceq.texas.gov/cgi-bin/compliance/monops/monthly_summary.pl,2026-09-09 18:44:43 UTC,f55863d36f28f7027ce0e273e31c979a1c65a708968a04cef2ea3eed405208fa,4435,31,downloaded,
310,48_439_1006,Haws Athletic Center C310,2022-09,88101,24hr,maximum|average|standard_deviation,cams_0310/cams_0310_2022-09_pm25.csv,https://www.tceq.texas.gov/cgi-bin/compliance/monops/monthly_summary.pl,2026-09-09 18:44:44 UTC,6b96ca1ed5b4132aacef6b162de468924be93e4b7eb48281627e989062647faf,4296,30,downloaded,
310,48_439_1006,Haws Athletic Center C310,2022-10,88101,24hr,maximum|average|standard_deviation,cams_0310/cams_0310_2022-10_pm25.csv,https://www.tceq.texas.gov/cgi-bin/compliance/monops/monthly_summary.pl,2026-09-09 18:44:44 UTC,1cfe25804178f270a64bd6421e8534ceeaa1f0eb4285d684fba4b10175e1ba51,4454,31,downloaded,
310,48_439_1006,Haws Athletic Center C310,2022-11,88101,24hr,maximum|average|standard_deviation,cams_0310/cams_0310_2022-11_pm25.csv,https://www.tceq.texas.gov/cgi-bin/compliance/monops/monthly_summary.pl,2026-09-09 18:44:45 UTC,fd3f4685acfedc8ac563f57f180ee737cd3fe2ed2ea2169e734299acaaab4514,4313,30,downloaded,
310,48_439_1006,Haws Athletic Center C310,2022-12,88101,24hr,maximum|average|standard_deviation,cams_0310/cams_0310_2022-12_pm25.csv,https://www.tceq.texas.gov/cgi-bin/compliance/monops/monthly_summary.pl,2026-09-09 18:44:46 UTC,2d6f2d35c9b8495b03a27467f6f4a48e881a97f261b27ce7f4f8a3352acd3ad9,4381,31,downloaded,
310,48_439_1006,Haws Athletic Center C310,2023-01,88101,24hr,maximum|average|standard_deviation,cams_0310/cams_0310_2023-01_pm25.csv,https://www.tceq.texas.gov/cgi-bin/compliance/monops/monthly_summary.pl,2026-09-09 18:44:47 UTC,6e13d0be0d4038382ee5ae6fa86ae0f950de77238ce035e90275416df5ff6e54,4345,31,downloaded,
310,48_439_1006,Haws Athletic Center C310,2023-02,88101,24hr,maximum|average|standard_deviation,cams_0310/cams_0310_2023-02_pm25.csv,https://www.tceq.texas.gov/cgi-bin/compliance/monops/monthly_summary.pl,2026-09-09 18:44:47 UTC,aaab6e1baccbe9b0cf741cd3d8a120d0129392e377f37f3edf346a249e847715,4072,28,downloaded,
310,48_439_1006,Haws Athletic Center C310,2023-03,88101,24hr,maximum|average|standard_deviation,cams_0310/cams_0310_2023-03_pm25.csv,https://www.tceq.texas.gov/cgi-bin/compliance/monops/monthly_summary.pl,2026-09-09 18:44:48 UTC,85c30af94ae4c1c60f5d468b851a07c813dd7a261449135efb244791cdd5c1b3,4552,31,downloaded,
310,48_439_1006,Haws Athletic Center C310,2023-04,88101,24hr,maximum|average|standard_deviation,cams_0310/cams_0310_2023-04_pm25.csv,https://www.tceq.texas.gov/cgi-bin/compliance/monops/monthly_summary.pl,2026-09-09 18:44:49 UTC,bbdedeea974fd77f4cf2ab77cadf61b884212d872cab11294df1a36f6461b110,4347,30,downloaded,
310,48_439_1006,Haws Athletic Center C310,2023-05,88101,24hr,maximum|average|standard_deviation,cams_0310/cams_0310_2023-05_pm25.csv,https://www.tceq.texas.gov/cgi-bin/compliance/monops/monthly_summary.pl,2026-09-09 18:44:50 UTC,c8324860a1e5bb7f9b29cfc1bb8ac40a21d17fd458455c96aac39a5e296ebcfd,4729,31,downloaded,
310,48_439_1006,Haws Athletic Center C310,2023-06,88101,24hr,maximum|average|standard_deviation,cams_0310/cams_0310_2023-06_pm25.csv,https://www.tceq.texas.gov/cgi-bin/compliance/monops/monthly_summary.pl,2026-09-09 18:44:51 UTC,fd149004f50432e56b0594485e90ae8b9798c3ae102c54c15ce39b5ce198a16e,4601,30,downloaded,
310,48_439_1006,Haws Athletic Center C310,2023-07,88101,24hr,maximum|average|standard_deviation,cams_0310/cams_0310_2023-07_pm25.csv,https://www.tceq.texas.gov/cgi-bin/compliance/monops/monthly_summary.pl,2026-09-09 18:44:51 UTC,7b0954682cf070c637aa37c1433a6e7eae095d2443fa3f893a002c59dfee00f4,4716,31,downloaded,
310,48_439_1006,Haws Athletic Center C310,2023-08,88101,24hr,maximum|average|standard_deviation,cams_0310/cams_0310_2023-08_pm25.csv,https://www.tceq.texas.gov/cgi-bin/compliance/monops/monthly_summary.pl,2026-09-09 18:44:52 UTC,83e9d9d222f8b1aa02f6d15879fb142928db0446ae61e57913b1386e5ec64d22,4728,31,downloaded,
310,48_439_1006,Haws Athletic Center C310,2023-09,88101,24hr,maximum|average|standard_deviation,cams_0310/cams_0310_2023-09_pm25.csv,https://www.tceq.texas.gov/cgi-bin/compliance/monops/monthly_summary.pl,2026-09-09 18:44:53 UTC,8f0a71a309cd0bd41ee7a1a4e091a2ed9bc5253c4a6793e33b13bda4d6430f72,4515,30,downloaded,
310,48_439_1006,Haws Athletic Center C310,2023-10,88101,24hr,maximum|average|standard_deviation,cams_0310/cams_0310_2023-10_pm25.csv,https://www.tceq.texas.gov/cgi-bin/compliance/monops/monthly_summary.pl,2026-09-09 18:44:54 UTC,147c48bfca65c91a2ac56f67f010b2e87047c7c962cd9749bbab742c334cbdf7,4342,31,downloaded,
310,48_439_1006,Haws Athletic Center C310,2023-11,88101,24hr,maximum|average|standard_deviation,cams_0310/cams_0310_2023-11_pm25.csv,https://www.tceq.texas.gov/cgi-bin/compliance/monops/monthly_summary.pl,2026-09-09 18:44:55 UTC,42c2a32f98bfa55fcf087941c616c76cf2d3abb8cea43ecd18312a8db72bf8e5,4397,30,downloaded,
310,48_439_1006,Haws Athletic Center C310,2023-12,88101,24hr,maximum|average|standard_deviation,cams_0310/cams_0310_2023-12_pm25.csv,https://www.tceq.texas.gov/cgi-bin/compliance/monops/monthly_summary.pl,2026-09-09 18:44:55 UTC,4b0402ef536b42c0f7a9853382954a6da3f81afef166c684aa29640fdd18827c,4432,31,downloaded,
310,48_439_1006,Haws Athletic Center C310,2024-01,88101,24hr,maximum|average|standard_deviation,cams_0310/cams_0310_2024-01_pm25.csv,https://www.tceq.texas.gov/cgi-bin/compliance/monops/monthly_summary.pl,2026-09-09 18:44:56 UTC,2ce0d920961328c7f20af5db36a47aff6cebaa1ab6ded760037baae088d7f794,4426,31,downloaded,
310,48_439_1006,Haws Athletic Center C310,2024-02,88101,24hr,maximum|average|standard_deviation,cams_0310/cams_0310_2024-02_pm25.csv,https://www.tceq.texas.gov/cgi-bin/compliance/monops/monthly_summary.pl,2026-09-09 18:44:57 UTC,c608c8c30f5ce47d0be222bb72fbe61693dbc0280f46df9d9c58e9cc13b9b5bb,4067,29,downloaded,
310,48_439_1006,Haws Athletic Center C310,2024-03,88101,24hr,maximum|average|standard_deviation,cams_0310/cams_0310_2024-03_pm25.csv,https://www.tceq.texas.gov/cgi-bin/compliance/monops/monthly_summary.pl,2026-09-09 18:44:58 UTC,222ed2c698d5b266f4b8938d1e4552a28057d0ded688817658c449906abc29ec,4471,31,downloaded,
310,48_439_1006,Haws Athletic Center C310,2024-04,88101,24hr,maximum|average|standard_deviation,cams_0310/cams_0310_2024-04_pm25.csv,https://www.tceq.texas.gov/cgi-bin/compliance/monops/monthly_summary.pl,2026-09-09 18:44:58 UTC,433eba6ffe17f364a017052b6ed3c6022279a18c1ea1147741d79eac5474ac55,4346,30,downloaded,
310,48_439_1006,Haws Athletic Center C310,2024-05,88101,24hr,maximum|average|standard_deviation,cams_0310/cams_0310_2024-05_pm25.csv,https://www.tceq.texas.gov/cgi-bin/compliance/monops/monthly_summary.pl,2026-09-09 18:44:59 UTC,4bed5b3f00d23eb58769a4038ff512c315583e949f713f104f757088c651af5f,4565,31,downloaded,
310,48_439_1006,Haws Athletic Center C310,2024-06,88101,24hr,maximum|average|standard_deviation,cams_0310/cams_0310_2024-06_pm25.csv,https://www.tceq.texas.gov/cgi-bin/compliance/monops/monthly_summary.pl,2026-09-09 18:45:00 UTC,27cb41dce6d15cbedfacdb05695f2af8e64238e6566b0c5bd7092b7476747ba9,4386,30,downloaded,
310,48_439_1006,Haws Athletic Center C310,2024-07,88101,24hr,maximum|average|standard_deviation,cams_0310/cams_0310_2024-07_pm25.csv,https://www.tceq.texas.gov/cgi-bin/compliance/monops/monthly_summary.pl,2026-09-09 18:45:01 UTC,dfa52c1c9cceef165db2f3945896e49ae17f92cf17865529996a146df466bbc2,4603,31,downloaded,
310,48_439_1006,Haws Athletic Center C310,2024-08,88101,24hr,maximum|average|standard_deviation,cams_0310/cams_0310_2024-08_pm25.csv,https://www.tceq.texas.gov/cgi-bin/compliance/monops/monthly_summary.pl,2026-09-09 18:45:02 UTC,9efcccb259d463e9d2bc8326dea1ca8c580b7b4a5ec03ff18263abd3254db6eb,4619,31,downloaded,
310,48_439_1006,Haws Athletic Center C310,2024-09,88101,24hr,maximum|average|standard_deviation,cams_0310/cams_0310_2024-09_pm25.csv,https://www.tceq.texas.gov/cgi-bin/compliance/monops/monthly_summary.pl,2026-09-09 18:45:03 UTC,4d1e070ff93098379734b08236eafcb6e4ccfa6628ddec188d9c87d8c17a18b5,4249,30,downloaded,
310,48_439_1006,Haws Athletic Center C310,2024-10,88101,24hr,maximum|average|standard_deviation,cams_0310/cams_0310_2024-10_pm25.csv,https://www.tceq.texas.gov/cgi-bin/compliance/monops/monthly_summary.pl,2026-09-09 18:45:04 UTC,79afde6098b1b3adc1be53dd5db4de9c6306d85ee34f78af10f34b8dcb52f112,4494,31,downloaded,
310,48_439_1006,Haws Athletic Center C310,2024-11,88101,24hr,maximum|average|standard_deviation,cams_0310/cams_0310_2024-11_pm25.csv,https://www.tceq.texas.gov/cgi-bin/compliance/monops/monthly_summary.pl,2026-09-09 18:45:05 UTC,c3ac5d8b5f6c6a59e65a51403165e96258d9fdd6448a787391571bd81caa061f,4288,30,downloaded,
310,48_439_1006,Haws Athletic Center C310,2024-12,88101,24hr,maximum|average|standard_deviation,cams_0310/cams_0310_2024-12_pm25.csv,https://www.tceq.texas.gov/cgi-bin/compliance/monops/monthly_summary.pl,2026-09-09 18:45:06 UTC,cba57be077793a0051e0027910ea30d5f07d0dfa397f6052a9652471785c53c1,4390,31,downloaded,
310,48_439_1006,Haws Athletic Center C310,2025-01,88101,24hr,maximum|average|standard_deviation,cams_0310/cams_0310_2025-01_pm25.csv,https://www.tceq.texas.gov/cgi-bin/compliance/monops/monthly_summary.pl,2026-09-09 18:45:07 UTC,459224fda7716d48b6bd98adb5631805f36a4e9aaf603bfdeb84a3da0be26d12,4479,31,downloaded,
310,48_439_1006,Haws Athletic Center C310,2025-02,88101,24hr,maximum|average|standard_deviation,cams_0310/cams_0310_2025-02_pm25.csv,https://www.tceq.texas.gov/cgi-bin/compliance/monops/monthly_summary.pl,2026-09-09 18:45:08 UTC,38c3628e1e2e62bd5b8a3bd0556b547037feeae8489b6e7388a5fd22c7339c7d,4086,28,downloaded,
310,48_439_1006,Haws Athletic Center C310,2025-03,88101,24hr,maximum|average|standard_deviation,cams_0310/cams_0310_2025-03_pm25.csv,https://www.tceq.texas.gov/cgi-bin/compliance/monops/monthly_summary.pl,2026-09-09 18:45:09 UTC,cbd731194e8128ee0f713d766b81e42d8f640ebbc843cecda473a6207f3cc597,4484,31,downloaded,
310,48_439_1006,Haws Athletic Center C310,2025-04,88101,24hr,maximum|average|standard_deviation,cams_0310/cams_0310_2025-04_pm25.csv,https://www.tceq.texas.gov/cgi-bin/compliance/monops/monthly_summary.pl,2026-09-09 18:45:10 UTC,54658a27b6bb434beafccb30d76c7070bb9113a1933e12e43792d94c2ddc6cd5,4369,30,downloaded,
310,48_439_1006,Haws Athletic Center C310,2025-05,88101,24hr,maximum|average|standard_deviation,cams_0310/cams_0310_2025-05_pm25.csv,https://www.tceq.texas.gov/cgi-bin/compliance/monops/monthly_summary.pl,2026-09-09 18:45:11 UTC,063ba28955c1a402717d70c14d34cb77eb6f57de26a83a7f230c355f32a83da9,4484,31,downloaded,
310,48_439_1006,Haws Athletic Center C310,2025-06,88101,24hr,maximum|average|standard_deviation,cams_0310/cams_0310_2025-06_pm25.csv,https://www.tceq.texas.gov/cgi-bin/compliance/monops/monthly_summary.pl,2026-09-09 18:45:12 UTC,1f862b610d3fa94704976642fff2a15d2759b22523a19a7953fc8e8dd866dffc,4363,30,downloaded,
310,48_439_1006,Haws Athletic Center C310,2025-07,88101,24hr,maximum|average|standard_deviation,cams_0310/cams_0310_2025-07_pm25.csv,https://www.tceq.texas.gov/cgi-bin/compliance/monops/monthly_summary.pl,2026-09-09 18:45:13 UTC,6be8e21e9cee85a74385f3b7d5fd1260d855956041586346d2f2879edf1cab8a,4545,31,downloaded,
310,48_439_1006,Haws Athletic Center C310,2025-08,88101,24hr,maximum|average|standard_deviation,cams_0310/cams_0310_2025-08_pm25.csv,https://www.tceq.texas.gov/cgi-bin/compliance/monops/monthly_summary.pl,2026-09-09 18:45:13 UTC,1c6977daeb82050dad06621027760465e9105008ec4d5994c283341c32705a66,4550,31,downloaded,
310,48_439_1006,Haws Athletic Center C310,2025-09,88101,24hr,maximum|average|standard_deviation,cams_0310/cams_0310_2025-09_pm25.csv,https://www.tceq.texas.gov/cgi-bin/compliance/monops/monthly_summary.pl,2026-09-09 18:45:14 UTC,0737a18d12182ef276b320fd350ab16e40f52b0f61af102a3462bb6651ef818c,4477,30,downloaded,
310,48_439_1006,Haws Athletic Center C310,2025-10,88101,24hr,maximum|average|standard_deviation,cams_0310/cams_0310_2025-10_pm25.csv,https://www.tceq.texas.gov/cgi-bin/compliance/monops/monthly_summary.pl,2026-09-09 18:45:15 UTC,39c65c86ee9c1f6fe6fe9e57920421b1526bf8909436d8e962022c2ffdf149ae,4550,31,downloaded,
310,48_439_1006,Haws Athletic Center C310,2025-11,88101,24hr,maximum|average|standard_deviation,cams_0310/cams_0310_2025-11_pm25.csv,https://www.tceq.texas.gov/cgi-bin/compliance/monops/monthly_summary.pl,2026-09-09 18:45:16 UTC,f6b7001ff21f60546b12d235382c48024301583e207873eb7414865c24a2582b,4240,30,downloaded,
310,48_439_1006,Haws Athletic Center C310,2025-12,88101,24hr,maximum|average|standard_deviation,cams_0310/cams_0310_2025-12_pm25.csv,https://www.tceq.texas.gov/cgi-bin/compliance/monops/monthly_summary.pl,2026-09-09 18:45:17 UTC,2cfc40c5cf9f12bf11dc85c57a75c84aaf8213664a1f9dfec70cadce6e09e4dc,4480,31,downloaded,
310,48_439_1006,Haws Athletic Center C310,2026-01,88101,24hr,maximum|average|standard_deviation,cams_0310/cams_0310_2026-01_pm25.csv,https://www.tceq.texas.gov/cgi-bin/compliance/monops/monthly_summary.pl,2026-09-09 18:45:18 UTC,b5243697304cb4b1b2086dfdc7dc1ab0a77cc47a56fcaeee0cb54108389e8feb,4475,31,downloaded,
310,48_439_1006,Haws Athletic Center C310,2026-02,88101,24hr,maximum|average|standard_deviation,cams_0310/cams_0310_2026-02_pm25.csv,https://www.tceq.texas.gov/cgi-bin/compliance/monops/monthly_summary.pl,2026-09-09 18:45:18 UTC,b20aa818844785430d71add1111da6108924f6788627da1701aa450bc31a3f57,4139,28,downloaded,
310,48_439_1006,Haws Athletic Center C310,2026-03,88101,24hr,maximum|average|standard_deviation,cams_0310/cams_0310_2026-03_pm25.csv,https://www.tceq.texas.gov/cgi-bin/compliance/monops/monthly_summary.pl,2026-09-09 18:45:19 UTC,feb04224105510dda975d9bc84f263e36e7a8fbbfdbc3d56f94afaafb5dcfe22,4379,31,downloaded,
310,48_439_1006,Haws Athletic Center C310,2026-04,88101,24hr,maximum|average|standard_deviation,cams_0310/cams_0310_2026-04_pm25.csv,https://www.tceq.texas.gov/cgi-bin/compliance/monops/monthly_summary.pl,2026-09-09 18:45:20 UTC,ad43f02f7799c33b2d8149a0ca5102679927a7046963b01e16f2055caac6dea8,4353,30,downloaded,
310,48_439_1006,Haws Athletic Center C310,2026-05,88101,24hr,maximum|average|standard_deviation,cams_0310/cams_0310_2026-05_pm25.csv,https://www.tceq.texas.gov/cgi-bin/compliance/monops/monthly_summary.pl,2026-09-09 18:45:21 UTC,ce4517acc3d96cfc0de28177760b23f99b75383777fdb46a1b6842f84c86ef44,4416,31,downloaded,
310,48_439_1006,Haws Athletic Center C310,2026-06,88101,24hr,maximum|average|standard_deviation,cams_0310/cams_0310_2026-06_pm25.csv,https://www.tceq.texas.gov/cgi-bin/compliance/monops/monthly_summary.pl,2026-09-09 18:45:22 UTC,2e7720b42a336c75cdf5f77fb78ca10154a4fcadcf880d3de27bb15e3c8098e9,4120,30,downloaded,
310,48_439_1006,Haws Athletic Center C310,2026-07,88101,24hr,maximum|average|standard_deviation,cams_0310/cams_0310_2026-07_pm25.csv,https://www.tceq.texas.gov/cgi-bin/compliance/monops/monthly_summary.pl,2026-09-09 18:45:23 UTC,c51b3eed495971397de2e35b7666f4baaba719097d4a153debb0440fe66a2d09,4665,31,downloaded,
310,48_439_1006,Haws Athletic Center C310,2026-08,88101,24hr,maximum|average|standard_deviation,cams_0310/cams_0310_2026-08_pm25.csv,https://www.tceq.texas.gov/cgi-bin/compliance/monops/monthly_summary.pl,2026-09-09 18:45:24 UTC,2d2537c442161df92d7b0e803fb4f6110c9cee07d3dfe48abe4ece1073a3cdc1,4661,31,downloaded,
1053,48_439_1053,Ft Worth California Parkway North C1053,2019-07,88101,24hr,maximum|average|standard_deviation,cams_1053/cams_1053_2019-07_pm25.csv,https://www.tceq.texas.gov/cgi-bin/compliance/monops/monthly_summary.pl,2026-09-09 18:45:25 UTC,e7bd9368a36849eafd0d7a2132d85c3640a3c8f1d1a3995fe574ab43f564204e,12760,93,downloaded,
1053,48_439_1053,Ft Worth California Parkway North C1053,2019-08,88101,24hr,maximum|average|standard_deviation,cams_1053/cams_1053_2019-08_pm25.csv,https://www.tceq.texas.gov/cgi-bin/compliance/monops/monthly_summary.pl,2026-09-09 18:45:26 UTC,5125f90d118e02e82860db4a86c51610389389864cedf7aabf6cb69f6b3326c4,15007,93,downloaded,
1053,48_439_1053,Ft Worth California Parkway North C1053,2019-09,88101,24hr,maximum|average|standard_deviation,cams_1053/cams_1053_2019-09_pm25.csv,https://www.tceq.texas.gov/cgi-bin/compliance/monops/monthly_summary.pl,2026-09-09 18:45:27 UTC,8727de0d0dd24d82ab7feaa9d36d9171a969f4826354f6197fd6a98445650efc,14008,90,downloaded,
1053,48_439_1053,Ft Worth California Parkway North C1053,2019-10,88101,24hr,maximum|average|standard_deviation,cams_1053/cams_1053_2019-10_pm25.csv,https://www.tceq.texas.gov/cgi-bin/compliance/monops/monthly_summary.pl,2026-09-09 18:45:28 UTC,a1baafa15ea0626265c34d3da7529fbeb36830df7b8893ae29fa35156c8a4fd0,14230,93,downloaded,
1053,48_439_1053,Ft Worth California Parkway North C1053,2019-11,88101,24hr,maximum|average|standard_deviation,cams_1053/cams_1053_2019-11_pm25.csv,https://www.tceq.texas.gov/cgi-bin/compliance/monops/monthly_summary.pl,2026-09-09 18:45:29 UTC,fb5de24e2a456fae89fc36f5f5bbbd3993480206a830046d6953fd46bdfef1bc,14086,90,downloaded,
1053,48_439_1053,Ft Worth California Parkway North C1053,2019-12,88101,24hr,maximum|average|standard_deviation,cams_1053/cams_1053_2019-12_pm25.csv,https://www.tceq.texas.gov/cgi-bin/compliance/monops/monthly_summary.pl,2026-09-09 18:45:31 UTC,c757dc5aee22aa59469cce921c171c69b1c3562e8b8cd6bdefe09ab9e8cbf72f,14442,93,downloaded,
1053,48_439_1053,Ft Worth California Parkway North C1053,2020-01,88101,24hr,maximum|average|standard_deviation,cams_1053/cams_1053_2020-01_pm25.csv,https://www.tceq.texas.gov/cgi-bin/compliance/monops/monthly_summary.pl,2026-09-09 18:45:32 UTC,2d0425280cfd369621858c9875646c020d0a4f57caa96e9f14eeeab77579a678,14094,93,downloaded,
1053,48_439_1053,Ft Worth California Parkway North C1053,2020-02,88101,24hr,maximum|average|standard_deviation,cams_1053/cams_1053_2020-02_pm25.csv,https://www.tceq.texas.gov/cgi-bin/compliance/monops/monthly_summary.pl,2026-09-09 18:45:33 UTC,a55853215aae2f68bb57cb59eb96c72eb7cbf47f6b827fc51fa15e64cf595013,13180,87,downloaded,
1053,48_439_1053,Ft Worth California Parkway North C1053,2020-03,88101,24hr,maximum|average|standard_deviation,cams_1053/cams_1053_2020-03_pm25.csv,https://www.tceq.texas.gov/cgi-bin/compliance/monops/monthly_summary.pl,2026-09-09 18:45:34 UTC,b1f7ea7005438975dfa22deedf0314292c6eb35671f7abcff6dbdaef2435f15e,14419,93,downloaded,
1053,48_439_1053,Ft Worth California Parkway North C1053,2020-04,88101,24hr,maximum|average|standard_deviation,cams_1053/cams_1053_2020-04_pm25.csv,https://www.tceq.texas.gov/cgi-bin/compliance/monops/monthly_summary.pl,2026-09-09 18:45:35 UTC,fd9642f93c01ddcc9c93a5ee8da38756d45ce4c5f98da245ac87ab77869d925d,13983,90,downloaded,
1053,48_439_1053,Ft Worth California Parkway North C1053,2020-05,88101,24hr,maximum|average|standard_deviation,cams_1053/cams_1053_2020-05_pm25.csv,https://www.tceq.texas.gov/cgi-bin/compliance/monops/monthly_summary.pl,2026-09-09 18:45:36 UTC,8a71ff084d2072e59d49f20cc65080a29cb854022564eb13cfc46a3048f6f77f,14196,93,downloaded,
1053,48_439_1053,Ft Worth California Parkway North C1053,2020-06,88101,24hr,maximum|average|standard_deviation,cams_1053/cams_1053_2020-06_pm25.csv,https://www.tceq.texas.gov/cgi-bin/compliance/monops/monthly_summary.pl,2026-09-09 18:45:38 UTC,e8a9ec9d39a4ee0da0b0fe5b3176c94d97fc782e5573e8c061c879aa31526b87,14224,90,downloaded,
1053,48_439_1053,Ft Worth California Parkway North C1053,2020-07,88101,24hr,maximum|average|standard_deviation,cams_1053/cams_1053_2020-07_pm25.csv,https://www.tceq.texas.gov/cgi-bin/compliance/monops/monthly_summary.pl,2026-09-09 18:45:39 UTC,f7e2110f1614e1e3d5bfb7a4ceed4689c77c50bb5013e15133bb213cdf06c9be,14681,93,downloaded,
1053,48_439_1053,Ft Worth California Parkway North C1053,2020-08,88101,24hr,maximum|average|standard_deviation,cams_1053/cams_1053_2020-08_pm25.csv,https://www.tceq.texas.gov/cgi-bin/compliance/monops/monthly_summary.pl,2026-09-09 18:45:40 UTC,803fe8767b927f8bebbd73f2b1877a9ecddff044d5d860410f6dd9ba53225dbb,14645,93,downloaded,
1053,48_439_1053,Ft Worth California Parkway North C1053,2020-09,88101,24hr,maximum|average|standard_deviation,cams_1053/cams_1053_2020-09_pm25.csv,https://www.tceq.texas.gov/cgi-bin/compliance/monops/monthly_summary.pl,2026-09-09 18:45:41 UTC,1c7fec597d8cb0ad0b964118bafeb362d6bb91380feb0fb39d49a069895e5e38,14066,90,downloaded,
1053,48_439_1053,Ft Worth California Parkway North C1053,2020-10,88101,24hr,maximum|average|standard_deviation,cams_1053/cams_1053_2020-10_pm25.csv,https://www.tceq.texas.gov/cgi-bin/compliance/monops/monthly_summary.pl,2026-09-09 18:45:42 UTC,6451c0d5e0ad21eecd4cee12509b31ac3b4a6ae542b56fe0fbf45a94a8383dbb,14372,93,downloaded,
1053,48_439_1053,Ft Worth California Parkway North C1053,2020-11,88101,24hr,maximum|average|standard_deviation,cams_1053/cams_1053_2020-11_pm25.csv,https://www.tceq.texas.gov/cgi-bin/compliance/monops/monthly_summary.pl,2026-09-09 18:45:44 UTC,f705429e3b7967c8662574b3ac886cb7cc623def11ab712d87825f5ef1cc0168,13977,90,downloaded,
1053,48_439_1053,Ft Worth California Parkway North C1053,2020-12,88101,24hr,maximum|average|standard_deviation,cams_1053/cams_1053_2020-12_pm25.csv,https://www.tceq.texas.gov/cgi-bin/compliance/monops/monthly_summary.pl,2026-09-09 18:45:45 UTC,5c038feec1da2453726c519a5a04a3b2b7e3f4bb2184a17a3cec10e69efbab9f,14033,93,downloaded,
1053,48_439_1053,Ft Worth California Parkway North C1053,2021-01,88101,24hr,maximum|average|standard_deviation,cams_1053/cams_1053_2021-01_pm25.csv,https://www.tceq.texas.gov/cgi-bin/compliance/monops/monthly_summary.pl,2026-09-09 18:45:46 UTC,6fa7c91aac948b35d76e242a12f7c4338aafb78ffed5452b03069ee56b4bc560,14440,93,downloaded,
1053,48_439_1053,Ft Worth California Parkway North C1053,2021-02,88101,24hr,maximum|average|standard_deviation,cams_1053/cams_1053_2021-02_pm25.csv,https://www.tceq.texas.gov/cgi-bin/compliance/monops/monthly_summary.pl,2026-09-09 18:45:47 UTC,96d33ede5534e23b9966293d322bfe5d668fe1c7d2afb6ac1ae4bd85a42d0a7e,13302,84,downloaded,
1053,48_439_1053,Ft Worth California Parkway North C1053,2021-03,88101,24hr,maximum|average|standard_deviation,cams_1053/cams_1053_2021-03_pm25.csv,https://www.tceq.texas.gov/cgi-bin/compliance/monops/monthly_summary.pl,2026-09-09 18:45:49 UTC,79bef3f3501a57ef6ce8612ea7db4ca61c5de93adf589b4f88b8fb0be7d93fd4,14323,93,downloaded,
1053,48_439_1053,Ft Worth California Parkway North C1053,2021-04,88101,24hr,maximum|average|standard_deviation,cams_1053/cams_1053_2021-04_pm25.csv,https://www.tceq.texas.gov/cgi-bin/compliance/monops/monthly_summary.pl,2026-09-09 18:45:50 UTC,00c5077e2df16a54b1f9f341d062bdbc4f09eac491eb5fc5e19863c05e53ee16,13925,90,downloaded,
1053,48_439_1053,Ft Worth California Parkway North C1053,2021-05,88101,24hr,maximum|average|standard_deviation,cams_1053/cams_1053_2021-05_pm25.csv,https://www.tceq.texas.gov/cgi-bin/compliance/monops/monthly_summary.pl,2026-09-09 18:45:51 UTC,04bc9f15ef3aa379617a3411ed8cedab6d4c726f4276bdf6d738cf44190bacf7,14051,93,downloaded,
1053,48_439_1053,Ft Worth California Parkway North C1053,2021-06,88101,24hr,maximum|average|standard_deviation,cams_1053/cams_1053_2021-06_pm25.csv,https://www.tceq.texas.gov/cgi-bin/compliance/monops/monthly_summary.pl,2026-09-09 18:45:52 UTC,2d50c4c37b13d3f8ae1ccb9762cb3384b143fedd7f5ddb787113811a73dffcc5,14271,90,downloaded,
1053,48_439_1053,Ft Worth California Parkway North C1053,2021-07,88101,24hr,maximum|average|standard_deviation,cams_1053/cams_1053_2021-07_pm25.csv,https://www.tceq.texas.gov/cgi-bin/compliance/monops/monthly_summary.pl,2026-09-09 18:45:53 UTC,ea7b150955eefcac5e92508c3e9e9c221c8cd87df6087bfaf92ad1762e16aa49,14855,93,downloaded,
1053,48_439_1053,Ft Worth California Parkway North C1053,2021-08,88101,24hr,maximum|average|standard_deviation,cams_1053/cams_1053_2021-08_pm25.csv,https://www.tceq.texas.gov/cgi-bin/compliance/monops/monthly_summary.pl,2026-09-09 18:45:55 UTC,63c3dc0e492c1d406d4ad4763ff84b7fa9d80d3616108c2c4a1e7ae85f0dd452,14529,93,downloaded,
1053,48_439_1053,Ft Worth California Parkway North C1053,2021-09,88101,24hr,maximum|average|standard_deviation,cams_1053/cams_1053_2021-09_pm25.csv,https://www.tceq.texas.gov/cgi-bin/compliance/monops/monthly_summary.pl,2026-09-09 18:45:56 UTC,1a61d860c30ce68fa7b409303134ae9739181ef6260f0b5e9c7bb97a5a6a3d8a,14165,90,downloaded,
1053,48_439_1053,Ft Worth California Parkway North C1053,2021-10,88101,24hr,maximum|average|standard_deviation,cams_1053/cams_1053_2021-10_pm25.csv,https://www.tceq.texas.gov/cgi-bin/compliance/monops/monthly_summary.pl,2026-09-09 18:45:57 UTC,c465197861d99df07052a9ca5a4d211e3f3c2186956833299114e2ece6f13e62,14012,93,downloaded,
1053,48_439_1053,Ft Worth California Parkway North C1053,2021-11,88101,24hr,maximum|average|standard_deviation,cams_1053/cams_1053_2021-11_pm25.csv,https://www.tceq.texas.gov/cgi-bin/compliance/monops/monthly_summary.pl,2026-09-09 18:45:58 UTC,836f60f193ea8c2bde8bad624cae851e54d1015e227e73a066f03674900d33b7,13654,90,downloaded,
1053,48_439_1053,Ft Worth California Parkway North C1053,2021-12,88101,24hr,maximum|average|standard_deviation,cams_1053/cams_1053_2021-12_pm25.csv,https://www.tceq.texas.gov/cgi-bin/compliance/monops/monthly_summary.pl,2026-09-09 18:45:59 UTC,b0c901f138e4507aa298c1d82b0fb9078dc87a2b2afa8e854a87062beaa9a768,14420,93,downloaded,
1053,48_439_1053,Ft Worth California Parkway North C1053,2022-01,88101,24hr,maximum|average|standard_deviation,cams_1053/cams_1053_2022-01_pm25.csv,https://www.tceq.texas.gov/cgi-bin/compliance/monops/monthly_summary.pl,2026-09-09 18:46:01 UTC,e0a06d064d88ef15f67dcf866b2e5acca03c64db65b85cfd8e77f184ea3626f2,14136,93,downloaded,
1053,48_439_1053,Ft Worth California Parkway North C1053,2022-02,88101,24hr,maximum|average|standard_deviation,cams_1053/cams_1053_2022-02_pm25.csv,https://www.tceq.texas.gov/cgi-bin/compliance/monops/monthly_summary.pl,2026-09-09 18:46:02 UTC,21286a6c1c3c56b7295a81347bf2dc21a5c9f80c4a1607068aea16b226f3691d,12981,84,downloaded,
1053,48_439_1053,Ft Worth California Parkway North C1053,2022-03,88101,24hr,maximum|average|standard_deviation,cams_1053/cams_1053_2022-03_pm25.csv,https://www.tceq.texas.gov/cgi-bin/compliance/monops/monthly_summary.pl,2026-09-09 18:46:03 UTC,c4f35773e8245b332ae10cf68a4743116a3904af5d26699d0619fa18bbf59528,14145,93,downloaded,
1053,48_439_1053,Ft Worth California Parkway North C1053,2022-04,88101,24hr,maximum|average|standard_deviation,cams_1053/cams_1053_2022-04_pm25.csv,https://www.tceq.texas.gov/cgi-bin/compliance/monops/monthly_summary.pl,2026-09-09 18:46:04 UTC,6374270c7964b738266ec722157efc2cd123d6922f14f1484506487da21433d4,14086,90,downloaded,
1053,48_439_1053,Ft Worth California Parkway North C1053,2022-05,88101,24hr,maximum|average|standard_deviation,cams_1053/cams_1053_2022-05_pm25.csv,https://www.tceq.texas.gov/cgi-bin/compliance/monops/monthly_summary.pl,2026-09-09 18:46:05 UTC,63db4eb2feeb42e6f9ed38dba45bf253a154cd3ed780c98cea4e3528341ee65e,14571,93,downloaded,
1053,48_439_1053,Ft Worth California Parkway North C1053,2022-06,88101,24hr,maximum|average|standard_deviation,cams_1053/cams_1053_2022-06_pm25.csv,https://www.tceq.texas.gov/cgi-bin/compliance/monops/monthly_summary.pl,2026-09-09 18:46:06 UTC,d8f8283a40af8c8ae6c02e9699cc583dceb4719274d5706460501e90c72b0217,14525,90,downloaded,
1053,48_439_1053,Ft Worth California Parkway North C1053,2022-07,88101,24hr,maximum|average|standard_deviation,cams_1053/cams_1053_2022-07_pm25.csv,https://www.tceq.texas.gov/cgi-bin/compliance/monops/monthly_summary.pl,2026-09-09 18:46:07 UTC,1a857c3ea8ea9cd12947b70c0cf9a19e4b72d175deab528395f3ff519750aec0,14422,93,downloaded,
1053,48_439_1053,Ft Worth California Parkway North C1053,2022-08,88101,24hr,maximum|average|standard_deviation,cams_1053/cams_1053_2022-08_pm25.csv,https://www.tceq.texas.gov/cgi-bin/compliance/monops/monthly_summary.pl,2026-09-09 18:46:09 UTC,708bf23f620c47e1d44986e49c4dc79b7ccb5fe12990a73f47f37e2c1cbf69e2,14134,93,downloaded,
1053,48_439_1053,Ft Worth California Parkway North C1053,2022-09,88101,24hr,maximum|average|standard_deviation,cams_1053/cams_1053_2022-09_pm25.csv,https://www.tceq.texas.gov/cgi-bin/compliance/monops/monthly_summary.pl,2026-09-09 18:46:10 UTC,ebbe7605cf224f649dc71025f162f31c13e6b0d45dd3e25d323a5c7eb8f5b448,14194,90,downloaded,
1053,48_439_1053,Ft Worth California Parkway North C1053,2022-10,88101,24hr,maximum|average|standard_deviation,cams_1053/cams_1053_2022-10_pm25.csv,https://www.tceq.texas.gov/cgi-bin/compliance/monops/monthly_summary.pl,2026-09-09 18:46:11 UTC,cbd0a2d0306bf409a548c05d327f769e4546cdbacc5875c7d618ad163c5bf4ea,14505,93,downloaded,
1053,48_439_1053,Ft Worth California Parkway North C1053,2022-11,88101,24hr,maximum|average|standard_deviation,cams_1053/cams_1053_2022-11_pm25.csv,https://www.tceq.texas.gov/cgi-bin/compliance/monops/monthly_summary.pl,2026-09-09 18:46:12 UTC,b68980d1d2eb9d72448b142868c8564a32dddab7e118edb5fe30a7b14e57416d,14061,90,downloaded,
1053,48_439_1053,Ft Worth California Parkway North C1053,2022-12,88101,24hr,maximum|average|standard_deviation,cams_1053/cams_1053_2022-12_pm25.csv,https://www.tceq.texas.gov/cgi-bin/compliance/monops/monthly_summary.pl,2026-09-09 18:46:14 UTC,f79200a2c2b55aacc20c6f357b02b31d15c82b7f44c9023094285a861d4f4bed,14389,93,downloaded,
1053,48_439_1053,Ft Worth California Parkway North C1053,2023-01,88101,24hr,maximum|average|standard_deviation,cams_1053/cams_1053_2023-01_pm25.csv,https://www.tceq.texas.gov/cgi-bin/compliance/monops/monthly_summary.pl,2026-09-09 18:46:15 UTC,125d03f1fd3ce1f55dfa985597c8d57dece4340e9854fe089ec81fdccc8fd741,14283,93,downloaded,
1053,48_439_1053,Ft Worth California Parkway North C1053,2023-02,88101,24hr,maximum|average|standard_deviation,cams_1053/cams_1053_2023-02_pm25.csv,https://www.tceq.texas.gov/cgi-bin/compliance/monops/monthly_summary.pl,2026-09-09 18:46:16 UTC,8bf205a6d02b1b37d20b9157e547fe815dcc0737b004ef1348181d9ef2ac0cbd,13083,84,downloaded,
1053,48_439_1053,Ft Worth California Parkway North C1053,2023-03,88101,24hr,maximum|average|standard_deviation,cams_1053/cams_1053_2023-03_pm25.csv,https://www.tceq.texas.gov/cgi-bin/compliance/monops/monthly_summary.pl,2026-09-09 18:46:17 UTC,a2ddfbdcddab0ba752868bbd2d5886cf53f6a502d05f4cb94048b84ce302520e,14597,93,downloaded,
1053,48_439_1053,Ft Worth California Parkway North C1053,2023-04,88101,24hr,maximum|average|standard_deviation,cams_1053/cams_1053_2023-04_pm25.csv,https://www.tceq.texas.gov/cgi-bin/compliance/monops/monthly_summary.pl,2026-09-09 18:46:18 UTC,26d6f10ff1a4f9c34fda58bab223d0372f07def06c791742dd0505e554db0394,14001,90,downloaded,
1053,48_439_1053,Ft Worth California Parkway North C1053,2023-05,88101,24hr,maximum|average|standard_deviation,cams_1053/cams_1053_2023-05_pm25.csv,https://www.tceq.texas.gov/cgi-bin/compliance/monops/monthly_summary.pl,2026-09-09 18:46:19 UTC,e0ac63e93f272e8235b125ffb7e06cc704f2678dddc0764c90c852dc15923d5b,14897,93,downloaded,
1053,48_439_1053,Ft Worth California Parkway North C1053,2023-06,88101,24hr,maximum|average|standard_deviation,cams_1053/cams_1053_2023-06_pm25.csv,https://www.tceq.texas.gov/cgi-bin/compliance/monops/monthly_summary.pl,2026-09-09 18:46:21 UTC,d07260b9ebd5f7d7f2137005a399b426c529f9fb378c0fe7ae092cca15281967,14664,90,downloaded,
1053,48_439_1053,Ft Worth California Parkway North C1053,2023-07,88101,24hr,maximum|average|standard_deviation,cams_1053/cams_1053_2023-07_pm25.csv,https://www.tceq.texas.gov/cgi-bin/compliance/monops/monthly_summary.pl,2026-09-09 18:46:22 UTC,8f6dd36bbb0c2b4a9c2f0a85307287f9e635600d2fb79e8b8a71e7ea8b309b2c,14957,93,downloaded,
1053,48_439_1053,Ft Worth California Parkway North C1053,2023-08,88101,24hr,maximum|average|standard_deviation,cams_1053/cams_1053_2023-08_pm25.csv,https://www.tceq.texas.gov/cgi-bin/compliance/monops/monthly_summary.pl,2026-09-09 18:46:23 UTC,895909978ee883cea094aaeef029092c6ff8f2434513b59afdfa3c94ab6ebebb,14568,93,downloaded,
1053,48_439_1053,Ft Worth California Parkway North C1053,2023-09,88101,24hr,maximum|average|standard_deviation,cams_1053/cams_1053_2023-09_pm25.csv,https://www.tceq.texas.gov/cgi-bin/compliance/monops/monthly_summary.pl,2026-09-09 18:46:24 UTC,82ce3f049e9c737933ed14a6e460e53cdb7f93ecde68ec87428c05e348e1b5fb,14229,90,downloaded,
1053,48_439_1053,Ft Worth California Parkway North C1053,2023-10,88101,24hr,maximum|average|standard_deviation,cams_1053/cams_1053_2023-10_pm25.csv,https://www.tceq.texas.gov/cgi-bin/compliance/monops/monthly_summary.pl,2026-09-09 18:46:25 UTC,07514fa9bb85b3202fbc7e1ec9e436552bf93483e3e63d9fed10d9207fa55323,13654,93,downloaded,
1053,48_439_1053,Ft Worth California Parkway North C1053,2023-11,88101,24hr,maximum|average|standard_deviation,cams_1053/cams_1053_2023-11_pm25.csv,https://www.tceq.texas.gov/cgi-bin/compliance/monops/monthly_summary.pl,2026-09-09 18:46:26 UTC,e46bc2fe9b6213c67a6c53639966c071d6e405af90706b2ccf74a55483f1c9ea,14159,90,downloaded,
1053,48_439_1053,Ft Worth California Parkway North C1053,2023-12,88101,24hr,maximum|average|standard_deviation,cams_1053/cams_1053_2023-12_pm25.csv,https://www.tceq.texas.gov/cgi-bin/compliance/monops/monthly_summary.pl,2026-09-09 18:46:28 UTC,828862e21ffc2a3a245bacaf494ed912d0979b458146a9c7e59854fda0253292,14326,93,downloaded,
1053,48_439_1053,Ft Worth California Parkway North C1053,2024-01,88101,24hr,maximum|average|standard_deviation,cams_1053/cams_1053_2024-01_pm25.csv,https://www.tceq.texas.gov/cgi-bin/compliance/monops/monthly_summary.pl,2026-09-09 18:46:29 UTC,bdaf9aad1404ea0989e5c06b456ca1e6ef26f8a6a6df205f6658a0b49135f53b,14351,93,downloaded,
1053,48_439_1053,Ft Worth California Parkway North C1053,2024-02,88101,24hr,maximum|average|standard_deviation,cams_1053/cams_1053_2024-02_pm25.csv,https://www.tceq.texas.gov/cgi-bin/compliance/monops/monthly_summary.pl,2026-09-09 18:46:30 UTC,0bab8612535f9af2b5af49bef6eaf150ae9b8a5c4908db40cc70b6ec8bdb3f00,13457,87,downloaded,
1053,48_439_1053,Ft Worth California Parkway North C1053,2024-03,88101,24hr,maximum|average|standard_deviation,cams_1053/cams_1053_2024-03_pm25.csv,https://www.tceq.texas.gov/cgi-bin/compliance/monops/monthly_summary.pl,2026-09-09 18:46:32 UTC,91208f2ca1604ff9b40e859ecaacd0f9da4846cf034ad131bdedb1a9724f5a29,14523,93,downloaded,
1053,48_439_1053,Ft Worth California Parkway North C1053,2024-04,88101,24hr,maximum|average|standard_deviation,cams_1053/cams_1053_2024-04_pm25.csv,https://www.tceq.texas.gov/cgi-bin/compliance/monops/monthly_summary.pl,2026-09-09 18:46:33 UTC,2fbbfdf94018dbfe473d4ba7f28f8c07bbb12db3538cf7dcce032df1d6ab6789,14038,90,downloaded,
1053,48_439_1053,Ft Worth California Parkway North C1053,2024-05,88101,24hr,maximum|average|standard_deviation,cams_1053/cams_1053_2024-05_pm25.csv,https://www.tceq.texas.gov/cgi-bin/compliance/monops/monthly_summary.pl,2026-09-09 18:46:34 UTC,cbba9f533567cebc1af539aa13de7e05c3d9105faa6bee8803148a88404a7d2c,14607,93,downloaded,
1053,48_439_1053,Ft Worth California Parkway North C1053,2024-06,88101,24hr,maximum|average|standard_deviation,cams_1053/cams_1053_2024-06_pm25.csv,https://www.tceq.texas.gov/cgi-bin/compliance/monops/monthly_summary.pl,2026-09-09 18:46:35 UTC,ba55969df5bb8bad1fb6ab7c2cba75239cf14459465884784f4524a75f26d6bc,14393,90,downloaded,
1053,48_439_1053,Ft Worth California Parkway North C1053,2024-07,88101,24hr,maximum|average|standard_deviation,cams_1053/cams_1053_2024-07_pm25.csv,https://www.tceq.texas.gov/cgi-bin/compliance/monops/monthly_summary.pl,2026-09-09 18:46:36 UTC,387c05527363da26d2ff74116e290bd14e08436af40b48bf19f4a93857117263,14982,93,downloaded,
1053,48_439_1053,Ft Worth California Parkway North C1053,2024-08,88101,24hr,maximum|average|standard_deviation,cams_1053/cams_1053_2024-08_pm25.csv,https://www.tceq.texas.gov/cgi-bin/compliance/monops/monthly_summary.pl,2026-09-09 18:46:37 UTC,3b84616859332a56b70b84fb461030170759365d7af1624cd614bc7186714286,14552,93,downloaded,
1053,48_439_1053,Ft Worth California Parkway North C1053,2024-09,88101,24hr,maximum|average|standard_deviation,cams_1053/cams_1053_2024-09_pm25.csv,https://www.tceq.texas.gov/cgi-bin/compliance/monops/monthly_summary.pl,2026-09-09 18:46:39 UTC,9f099cd4733f26afb62b7f21a7389f42bb6086573c54fb8bc76d3a8ac7cd5cc2,13899,90,downloaded,
1053,48_439_1053,Ft Worth California Parkway North C1053,2024-10,88101,24hr,maximum|average|standard_deviation,cams_1053/cams_1053_2024-10_pm25.csv,https://www.tceq.texas.gov/cgi-bin/compliance/monops/monthly_summary.pl,2026-09-09 18:46:40 UTC,ad0ead3d71fee0b6f6173441a01639ea5fd37153810ae143c308b657456d0ea9,14324,93,downloaded,
1053,48_439_1053,Ft Worth California Parkway North C1053,2024-11,88101,24hr,maximum|average|standard_deviation,cams_1053/cams_1053_2024-11_pm25.csv,https://www.tceq.texas.gov/cgi-bin/compliance/monops/monthly_summary.pl,2026-09-09 18:46:41 UTC,3085ad448ceceeba2da32b18c72e9a151ab55146147a07981d820f6704cbde72,13832,90,downloaded,
1053,48_439_1053,Ft Worth California Parkway North C1053,2024-12,88101,24hr,maximum|average|standard_deviation,cams_1053/cams_1053_2024-12_pm25.csv,https://www.tceq.texas.gov/cgi-bin/compliance/monops/monthly_summary.pl,2026-09-09 18:46:43 UTC,5bc68ffcfae1c92b41a09314fec114a7872cb24f026482031b92c56b534288ef,14316,93,downloaded,
1053,48_439_1053,Ft Worth California Parkway North C1053,2025-01,88101,24hr,maximum|average|standard_deviation,cams_1053/cams_1053_2025-01_pm25.csv,https://www.tceq.texas.gov/cgi-bin/compliance/monops/monthly_summary.pl,2026-09-09 18:46:44 UTC,6003b4f9736cd34927ccf49b0f9a6c0e99386dd8a3661fb6d4d054d44fe59ff7,14532,93,downloaded,
1053,48_439_1053,Ft Worth California Parkway North C1053,2025-02,88101,24hr,maximum|average|standard_deviation,cams_1053/cams_1053_2025-02_pm25.csv,https://www.tceq.texas.gov/cgi-bin/compliance/monops/monthly_summary.pl,2026-09-09 18:46:45 UTC,a9268cbe9435d95bb259fff53810b195a69818864cf9577d6a40ce7d115b0f8a,13272,84,downloaded,
1053,48_439_1053,Ft Worth California Parkway North C1053,2025-03,88101,24hr,maximum|average|standard_deviation,cams_1053/cams_1053_2025-03_pm25.csv,https://www.tceq.texas.gov/cgi-bin/compliance/monops/monthly_summary.pl,2026-09-09 18:46:46 UTC,0647a3f9969dc32ae19d3d27fe59671fc6dde57ef1dad0216c66e86f879985e2,14386,93,downloaded,
1053,48_439_1053,Ft Worth California Parkway North C1053,2025-04,88101,24hr,maximum|average|standard_deviation,cams_1053/cams_1053_2025-04_pm25.csv,https://www.tceq.texas.gov/cgi-bin/compliance/monops/monthly_summary.pl,2026-09-09 18:46:47 UTC,913dd7b30aa1c98eeff59cf170c3c194cf5b284e5aace692851de82129e7d4ca,14221,90,downloaded,
1053,48_439_1053,Ft Worth California Parkway North C1053,2025-05,88101,24hr,maximum|average|standard_deviation,cams_1053/cams_1053_2025-05_pm25.csv,https://www.tceq.texas.gov/cgi-bin/compliance/monops/monthly_summary.pl,2026-09-09 18:46:48 UTC,cdfab614414c95978fa64bddda50c1b1a86accdf3ed12061298e261dd220e1d5,14514,93,downloaded,
1053,48_439_1053,Ft Worth California Parkway North C1053,2025-06,88101,24hr,maximum|average|standard_deviation,cams_1053/cams_1053_2025-06_pm25.csv,https://www.tceq.texas.gov/cgi-bin/compliance/monops/monthly_summary.pl,2026-09-09 18:46:50 UTC,68aedac35c3b8a0b03a86ff30814f8cb529f9ebae8df8b7b42448e16b0a92150,14120,90,downloaded,
1053,48_439_1053,Ft Worth California Parkway North C1053,2025-07,88101,24hr,maximum|average|standard_deviation,cams_1053/cams_1053_2025-07_pm25.csv,https://www.tceq.texas.gov/cgi-bin/compliance/monops/monthly_summary.pl,2026-09-09 18:46:51 UTC,fcf4e6e0a76cc468bfb2ce7742ab7fab33ba0a68e1c43005737e2082544dff7b,14796,93,downloaded,
1053,48_439_1053,Ft Worth California Parkway North C1053,2025-08,88101,24hr,maximum|average|standard_deviation,cams_1053/cams_1053_2025-08_pm25.csv,https://www.tceq.texas.gov/cgi-bin/compliance/monops/monthly_summary.pl,2026-09-09 18:46:52 UTC,d4ed227edd8425268ddebeb1ea8ef68749848ad69af2747dfd7cfb83b1332db2,14718,93,downloaded,
1053,48_439_1053,Ft Worth California Parkway North C1053,2025-09,88101,24hr,maximum|average|standard_deviation,cams_1053/cams_1053_2025-09_pm25.csv,https://www.tceq.texas.gov/cgi-bin/compliance/monops/monthly_summary.pl,2026-09-09 18:46:53 UTC,b381f650cdf9b39730ce2a14e47dea602ce575d31567d82cd1ccfbf9df31d0d5,14409,90,downloaded,
1053,48_439_1053,Ft Worth California Parkway North C1053,2025-10,88101,24hr,maximum|average|standard_deviation,cams_1053/cams_1053_2025-10_pm25.csv,https://www.tceq.texas.gov/cgi-bin/compliance/monops/monthly_summary.pl,2026-09-09 18:46:55 UTC,7627f8dc9b0909235acda4306e1f4b557f5a054ba010596ee49cffc20c2b1c25,14273,93,downloaded,
1053,48_439_1053,Ft Worth California Parkway North C1053,2025-11,88101,24hr,maximum|average|standard_deviation,cams_1053/cams_1053_2025-11_pm25.csv,https://www.tceq.texas.gov/cgi-bin/compliance/monops/monthly_summary.pl,2026-09-09 18:46:56 UTC,9f15f58c44801d527d9ff57f686cdccc3231ea2db6ce3ff399c09b6886f303e0,13807,90,downloaded,
1053,48_439_1053,Ft Worth California Parkway North C1053,2025-12,88101,24hr,maximum|average|standard_deviation,cams_1053/cams_1053_2025-12_pm25.csv,https://www.tceq.texas.gov/cgi-bin/compliance/monops/monthly_summary.pl,2026-09-09 18:46:57 UTC,7abeba321c8012d8abdf6dd8384ada8b7c6f42131c8bd4a9c44ecd8b4e97611d,14328,93,downloaded,
1053,48_439_1053,Ft Worth California Parkway North C1053,2026-01,88101,24hr,maximum|average|standard_deviation,cams_1053/cams_1053_2026-01_pm25.csv,https://www.tceq.texas.gov/cgi-bin/compliance/monops/monthly_summary.pl,2026-09-09 18:46:58 UTC,c52808fcc00bd539f6305bb545d6d5ac8ed03e0d3aa6b95ff300e8c311a18eff,14323,93,downloaded,
1053,48_439_1053,Ft Worth California Parkway North C1053,2026-02,88101,24hr,maximum|average|standard_deviation,cams_1053/cams_1053_2026-02_pm25.csv,https://www.tceq.texas.gov/cgi-bin/compliance/monops/monthly_summary.pl,2026-09-09 18:46:59 UTC,1e0be6ee0340b6409329f9a5f95f62f44ee0d81408c3a2f659bee13e53c3b510,13011,84,downloaded,
1053,48_439_1053,Ft Worth California Parkway North C1053,2026-03,88101,24hr,maximum|average|standard_deviation,cams_1053/cams_1053_2026-03_pm25.csv,https://www.tceq.texas.gov/cgi-bin/compliance/monops/monthly_summary.pl,2026-09-09 18:47:01 UTC,30fd67bbf9dd9a41895b994a423d8dd0dbcbaa8597bcf9a375a569eb7d2f8d6e,13902,93,downloaded,
1053,48_439_1053,Ft Worth California Parkway North C1053,2026-04,88101,24hr,maximum|average|standard_deviation,cams_1053/cams_1053_2026-04_pm25.csv,https://www.tceq.texas.gov/cgi-bin/compliance/monops/monthly_summary.pl,2026-09-09 18:47:02 UTC,776601794828b90c7b881a1005207778263d8d2dcd55dd0c7251d60241251407,13828,90,downloaded,
1053,48_439_1053,Ft Worth California Parkway North C1053,2026-05,88101,24hr,maximum|average|standard_deviation,cams_1053/cams_1053_2026-05_pm25.csv,https://www.tceq.texas.gov/cgi-bin/compliance/monops/monthly_summary.pl,2026-09-09 18:47:03 UTC,2b19db14bd8cd931f223336cb3cca78353afacb388c40895f4f18a40cd6b8003,14087,93,downloaded,
1053,48_439_1053,Ft Worth California Parkway North C1053,2026-06,88101,24hr,maximum|average|standard_deviation,cams_1053/cams_1053_2026-06_pm25.csv,https://www.tceq.texas.gov/cgi-bin/compliance/monops/monthly_summary.pl,2026-09-09 18:47:05 UTC,5b03d491200b2039563312160abce4ed76ca66163a2a342445527e9c02f5aee5,14046,90,downloaded,
1053,48_439_1053,Ft Worth California Parkway North C1053,2026-07,88101,24hr,maximum|average|standard_deviation,cams_1053/cams_1053_2026-07_pm25.csv,https://www.tceq.texas.gov/cgi-bin/compliance/monops/monthly_summary.pl,2026-09-09 18:47:06 UTC,674c505720dd9259c40f2f7a30823f756d708db55ea453239b784d9a3cbe120d,14824,93,downloaded,
1053,48_439_1053,Ft Worth California Parkway North C1053,2026-08,88101,24hr,maximum|average|standard_deviation,cams_1053/cams_1053_2026-08_pm25.csv,https://www.tceq.texas.gov/cgi-bin/compliance/monops/monthly_summary.pl,2026-09-09 18:47:07 UTC,5550b50801e8997693f9f9ebf48c95378a1440928f7a2696de86c05480e5e0b1,14776,93,downloaded,
308,48_439_3008,Diamond Hill Fort Worth C308,2001-03,88101,24hr,maximum|average|standard_deviation,cams_0308/cams_0308_2001-03_pm25.csv,https://www.tceq.texas.gov/cgi-bin/compliance/monops/monthly_summary.pl,2026-09-09 18:47:08 UTC,7d7d1c062f04a9d7e8cc29322b602afc8a015cedb6b6e0257444d470f2b56976,4148,31,downloaded,
308,48_439_3008,Diamond Hill Fort Worth C308,2001-04,88101,24hr,maximum|average|standard_deviation,cams_0308/cams_0308_2001-04_pm25.csv,https://www.tceq.texas.gov/cgi-bin/compliance/monops/monthly_summary.pl,2026-09-09 18:47:08 UTC,4e24a5ab509577cf072f348d4fea116eec6ac33d34396036f25c6147c1029367,4550,30,downloaded,
308,48_439_3008,Diamond Hill Fort Worth C308,2001-05,88101,24hr,maximum|average|standard_deviation,cams_0308/cams_0308_2001-05_pm25.csv,https://www.tceq.texas.gov/cgi-bin/compliance/monops/monthly_summary.pl,2026-09-09 18:47:09 UTC,fb443d9cb5f5cba927668b63ca0df7a7ac363572f361648b90202a9d7f1a0097,4490,31,downloaded,
308,48_439_3008,Diamond Hill Fort Worth C308,2001-06,88101,24hr,maximum|average|standard_deviation,cams_0308/cams_0308_2001-06_pm25.csv,https://www.tceq.texas.gov/cgi-bin/compliance/monops/monthly_summary.pl,2026-09-09 18:47:10 UTC,7957877c1e59c39e46e3d3bbebb18e9ac28170732952c21c563a27d53efcbdbc,4467,30,downloaded,
308,48_439_3008,Diamond Hill Fort Worth C308,2001-07,88101,24hr,maximum|average|standard_deviation,cams_0308/cams_0308_2001-07_pm25.csv,https://www.tceq.texas.gov/cgi-bin/compliance/monops/monthly_summary.pl,2026-09-09 18:47:11 UTC,42a261c3df436101afed688b62d5b59cf189f2dd68cb777bbcb02b85cdfd1f2f,4649,31,downloaded,
308,48_439_3008,Diamond Hill Fort Worth C308,2001-08,88101,24hr,maximum|average|standard_deviation,cams_0308/cams_0308_2001-08_pm25.csv,https://www.tceq.texas.gov/cgi-bin/compliance/monops/monthly_summary.pl,2026-09-09 18:47:12 UTC,1c8c85945df3e6a0e392e9cbde4e7b04698cda3985347303ef59e56783349bd7,4502,31,downloaded,
308,48_439_3008,Diamond Hill Fort Worth C308,2001-09,88101,24hr,maximum|average|standard_deviation,cams_0308/cams_0308_2001-09_pm25.csv,https://www.tceq.texas.gov/cgi-bin/compliance/monops/monthly_summary.pl,2026-09-09 18:47:12 UTC,9e20712bc62db014f530b637c5dc2b7efab774a37fdb88b5b5a5835d35d7b158,4439,30,downloaded,
308,48_439_3008,Diamond Hill Fort Worth C308,2001-10,88101,24hr,maximum|average|standard_deviation,cams_0308/cams_0308_2001-10_pm25.csv,https://www.tceq.texas.gov/cgi-bin/compliance/monops/monthly_summary.pl,2026-09-09 18:47:13 UTC,cc384b37de7228489d761202ca0837f3d7f906e1bd067417f3dd7174d561f4d3,4201,31,downloaded,
308,48_439_3008,Diamond Hill Fort Worth C308,2001-11,88101,24hr,maximum|average|standard_deviation,cams_0308/cams_0308_2001-11_pm25.csv,https://www.tceq.texas.gov/cgi-bin/compliance/monops/monthly_summary.pl,2026-09-09 18:47:14 UTC,fef9e66ba77e7edd8e990d872b69904604bf1f8c9f45d1c2a18d381a87057906,4480,30,downloaded,
308,48_439_3008,Diamond Hill Fort Worth C308,2001-12,88101,24hr,maximum|average|standard_deviation,cams_0308/cams_0308_2001-12_pm25.csv,https://www.tceq.texas.gov/cgi-bin/compliance/monops/monthly_summary.pl,2026-09-09 18:47:15 UTC,198c2ad668c07123ab03fecba4a460f435a91391a4e09d6440e23bed7c038fb2,4357,31,downloaded,
308,48_439_3008,Diamond Hill Fort Worth C308,2002-01,88101,24hr,maximum|average|standard_deviation,cams_0308/cams_0308_2002-01_pm25.csv,https://www.tceq.texas.gov/cgi-bin/compliance/monops/monthly_summary.pl,2026-09-09 18:47:15 UTC,3306240f8bf28ddde495d432c5df1c1e2812f6d6132b7ac817a87817e16d7083,4347,31,downloaded,
308,48_439_3008,Diamond Hill Fort Worth C308,2002-02,88101,24hr,maximum|average|standard_deviation,cams_0308/cams_0308_2002-02_pm25.csv,https://www.tceq.texas.gov/cgi-bin/compliance/monops/monthly_summary.pl,2026-09-09 18:47:16 UTC,22748a85ca8b7cef3141fe758e0aec29a651fcd9eeb3f274e1c1614e8949e7b7,3963,28,downloaded,
308,48_439_3008,Diamond Hill Fort Worth C308,2002-03,88101,24hr,maximum|average|standard_deviation,cams_0308/cams_0308_2002-03_pm25.csv,https://www.tceq.texas.gov/cgi-bin/compliance/monops/monthly_summary.pl,2026-09-09 18:47:17 UTC,abb1beddcf270e2f4971da1b57d5c1fa5ff7d93c12248d5cc60c34fd6ae60749,4434,31,downloaded,
308,48_439_3008,Diamond Hill Fort Worth C308,2002-04,88101,24hr,maximum|average|standard_deviation,cams_0308/cams_0308_2002-04_pm25.csv,https://www.tceq.texas.gov/cgi-bin/compliance/monops/monthly_summary.pl,2026-09-09 18:47:18 UTC,9e955a5041bf10dbb47891175afb0253fd951b520bb5a6c11f89238ebe07bcc8,4406,30,downloaded,
308,48_439_3008,Diamond Hill Fort Worth C308,2002-05,88101,24hr,maximum|average|standard_deviation,cams_0308/cams_0308_2002-05_pm25.csv,https://www.tceq.texas.gov/cgi-bin/compliance/monops/monthly_summary.pl,2026-09-09 18:47:18 UTC,8538a22ee99d79cc874c076af219757ee51cf5767c7862a95f01c82d4dc65d3f,4596,31,downloaded,
308,48_439_3008,Diamond Hill Fort Worth C308,2002-06,88101,24hr,maximum|average|standard_deviation,cams_0308/cams_0308_2002-06_pm25.csv,https://www.tceq.texas.gov/cgi-bin/compliance/monops/monthly_summary.pl,2026-09-09 18:47:19 UTC,10326ce23fbd98e5123976688752af3f4282aaafbaedb1697a181ba4ff46da28,4458,30,downloaded,
308,48_439_3008,Diamond Hill Fort Worth C308,2002-07,88101,24hr,maximum|average|standard_deviation,cams_0308/cams_0308_2002-07_pm25.csv,https://www.tceq.texas.gov/cgi-bin/compliance/monops/monthly_summary.pl,2026-09-09 18:47:20 UTC,2569cdbbb414c7a48989b8ad61493e12002015acd0ab73b22d780b9390ea0c90,4538,31,downloaded,
308,48_439_3008,Diamond Hill Fort Worth C308,2002-08,88101,24hr,maximum|average|standard_deviation,cams_0308/cams_0308_2002-08_pm25.csv,https://www.tceq.texas.gov/cgi-bin/compliance/monops/monthly_summary.pl,2026-09-09 18:47:21 UTC,c13ea6eec063221942eb5066e79f89d72cbbb501d8fc06d8a41023f8551d1cab,4637,31,downloaded,
308,48_439_3008,Diamond Hill Fort Worth C308,2002-09,88101,24hr,maximum|average|standard_deviation,cams_0308/cams_0308_2002-09_pm25.csv,https://www.tceq.texas.gov/cgi-bin/compliance/monops/monthly_summary.pl,2026-09-09 18:47:22 UTC,dfd179463eb9cfcd11201d98b7c5b9f8fc1e46f0a44cdbe6dfbc516e1ce810d6,4570,30,downloaded,
308,48_439_3008,Diamond Hill Fort Worth C308,2002-10,88101,24hr,maximum|average|standard_deviation,cams_0308/cams_0308_2002-10_pm25.csv,https://www.tceq.texas.gov/cgi-bin/compliance/monops/monthly_summary.pl,2026-09-09 18:47:22 UTC,1e0bf2137f2af8dc09a3cda173952cd8384ad83c9dd0349560078ca2543bc5da,4412,31,downloaded,
308,48_439_3008,Diamond Hill Fort Worth C308,2002-11,88101,24hr,maximum|average|standard_deviation,cams_0308/cams_0308_2002-11_pm25.csv,https://www.tceq.texas.gov/cgi-bin/compliance/monops/monthly_summary.pl,2026-09-09 18:47:23 UTC,5f0c4f7e99fb31efb470e614362605c30859c18f0731e000ea6ed33b03893c53,4172,30,downloaded,
308,48_439_3008,Diamond Hill Fort Worth C308,2002-12,88101,24hr,maximum|average|standard_deviation,cams_0308/cams_0308_2002-12_pm25.csv,https://www.tceq.texas.gov/cgi-bin/compliance/monops/monthly_summary.pl,2026-09-09 18:47:24 UTC,32c7aa1f5a3b6d9c442f8e0d54ae95347e574f8c9ae95f57e9c4a49e28d93e08,4357,31,downloaded,
308,48_439_3008,Diamond Hill Fort Worth C308,2003-01,88101,24hr,maximum|average|standard_deviation,cams_0308/cams_0308_2003-01_pm25.csv,https://www.tceq.texas.gov/cgi-bin/compliance/monops/monthly_summary.pl,2026-09-09 18:47:25 UTC,8aa4890f3ff3f25d01e8ba49a8adc0d70ca9fdb7098f7397157ae3551db55270,4377,31,downloaded,
308,48_439_3008,Diamond Hill Fort Worth C308,2003-02,88101,24hr,maximum|average|standard_deviation,cams_0308/cams_0308_2003-02_pm25.csv,https://www.tceq.texas.gov/cgi-bin/compliance/monops/monthly_summary.pl,2026-09-09 18:47:25 UTC,18334431be84d6fc8d6e6cd43e7af354822e1c9e2b9c2af8ea96b4eb5d76527c,3993,28,downloaded,
308,48_439_3008,Diamond Hill Fort Worth C308,2003-03,88101,24hr,maximum|average|standard_deviation,cams_0308/cams_0308_2003-03_pm25.csv,https://www.tceq.texas.gov/cgi-bin/compliance/monops/monthly_summary.pl,2026-09-09 18:47:26 UTC,ce8f8e3b8c6833190834bfed94e3e1f0f0d733a10b6a630051400f133578dfd1,4514,31,downloaded,
308,48_439_3008,Diamond Hill Fort Worth C308,2003-04,88101,24hr,maximum|average|standard_deviation,cams_0308/cams_0308_2003-04_pm25.csv,https://www.tceq.texas.gov/cgi-bin/compliance/monops/monthly_summary.pl,2026-09-09 18:47:27 UTC,5907105ada961b9ae460272f26717c41c3cf2ac0fda182e4f927b43c930ee2b3,4334,30,downloaded,
308,48_439_3008,Diamond Hill Fort Worth C308,2003-05,88101,24hr,maximum|average|standard_deviation,cams_0308/cams_0308_2003-05_pm25.csv,https://www.tceq.texas.gov/cgi-bin/compliance/monops/monthly_summary.pl,2026-09-09 18:47:28 UTC,fda449871d6d946b0413656220569ca9e1714f2b7a666a62ae6d8feb8f5f37f0,4724,31,downloaded,
308,48_439_3008,Diamond Hill Fort Worth C308,2003-06,88101,24hr,maximum|average|standard_deviation,cams_0308/cams_0308_2003-06_pm25.csv,https://www.tceq.texas.gov/cgi-bin/compliance/monops/monthly_summary.pl,2026-09-09 18:47:29 UTC,464d2674d178ee250bf7ed5e3b943b5d9688ef19ed8874c06caa8201431ed117,4395,30,downloaded,
308,48_439_3008,Diamond Hill Fort Worth C308,2003-07,88101,24hr,maximum|average|standard_deviation,cams_0308/cams_0308_2003-07_pm25.csv,https://www.tceq.texas.gov/cgi-bin/compliance/monops/monthly_summary.pl,2026-09-09 18:47:29 UTC,9f53df3f7483a3c643e26d737f8b384b94b2d011ea378a7977a7964fec50e898,4650,31,downloaded,
308,48_439_3008,Diamond Hill Fort Worth C308,2003-08,88101,24hr,maximum|average|standard_deviation,cams_0308/cams_0308_2003-08_pm25.csv,https://www.tceq.texas.gov/cgi-bin/compliance/monops/monthly_summary.pl,2026-09-09 18:47:30 UTC,32b465f2f69be1085e0ad8d519d88a6543ac0e0d86460541d2226dc39261df2c,4693,31,downloaded,
308,48_439_3008,Diamond Hill Fort Worth C308,2003-09,88101,24hr,maximum|average|standard_deviation,cams_0308/cams_0308_2003-09_pm25.csv,https://www.tceq.texas.gov/cgi-bin/compliance/monops/monthly_summary.pl,2026-09-09 18:47:31 UTC,d924ad7c04f64ac68b40eccc3fd8b4897b52f86e18d04a50a85041a9499cccbf,4445,30,downloaded,
308,48_439_3008,Diamond Hill Fort Worth C308,2003-10,88101,24hr,maximum|average|standard_deviation,cams_0308/cams_0308_2003-10_pm25.csv,https://www.tceq.texas.gov/cgi-bin/compliance/monops/monthly_summary.pl,2026-09-09 18:47:32 UTC,7661836e7d4c00f0ee6ddbf54abef88b9820c3a72a0f49b5e44a321ffaea256e,4557,31,downloaded,
308,48_439_3008,Diamond Hill Fort Worth C308,2003-11,88101,24hr,maximum|average|standard_deviation,cams_0308/cams_0308_2003-11_pm25.csv,https://www.tceq.texas.gov/cgi-bin/compliance/monops/monthly_summary.pl,2026-09-09 18:47:33 UTC,10dafb6db47f176773341fc78f2c26f5a5e89c1484893d6e991b7a65bf0f5fd8,4242,30,downloaded,
308,48_439_3008,Diamond Hill Fort Worth C308,2003-12,88101,24hr,maximum|average|standard_deviation,cams_0308/cams_0308_2003-12_pm25.csv,https://www.tceq.texas.gov/cgi-bin/compliance/monops/monthly_summary.pl,2026-09-09 18:47:33 UTC,756a8c1506c5d3f95f4e35b98942cdf536ac8cecaa7206ff60f06920fd583dd9,4364,31,downloaded,
308,48_439_3008,Diamond Hill Fort Worth C308,2004-01,88101,24hr,maximum|average|standard_deviation,cams_0308/cams_0308_2004-01_pm25.csv,https://www.tceq.texas.gov/cgi-bin/compliance/monops/monthly_summary.pl,2026-09-09 18:47:34 UTC,02c500706fbdbf99df1b34ba543e4d2fd3a9e94f317ff29f47fadf5b5b857a61,4453,31,downloaded,
308,48_439_3008,Diamond Hill Fort Worth C308,2004-02,88101,24hr,maximum|average|standard_deviation,cams_0308/cams_0308_2004-02_pm25.csv,https://www.tceq.texas.gov/cgi-bin/compliance/monops/monthly_summary.pl,2026-09-09 18:47:35 UTC,39045298cc99101950a5d64e40489f54c79b7a5d8f95612e6c853877bd1e25f9,4196,29,downloaded,
308,48_439_3008,Diamond Hill Fort Worth C308,2004-03,88101,24hr,maximum|average|standard_deviation,cams_0308/cams_0308_2004-03_pm25.csv,https://www.tceq.texas.gov/cgi-bin/compliance/monops/monthly_summary.pl,2026-09-09 18:47:36 UTC,bc213144b4fce003da9a748e38b81e70f5cfd9733b24fcea4f6f6243c908587f,4451,31,downloaded,
308,48_439_3008,Diamond Hill Fort Worth C308,2004-04,88101,24hr,maximum|average|standard_deviation,cams_0308/cams_0308_2004-04_pm25.csv,https://www.tceq.texas.gov/cgi-bin/compliance/monops/monthly_summary.pl,2026-09-09 18:47:36 UTC,d0f5d30ae2460c8e21cf13389ad879c4a098978fb69768e45d7a1781791400e1,4422,30,downloaded,
308,48_439_3008,Diamond Hill Fort Worth C308,2004-05,88101,24hr,maximum|average|standard_deviation,cams_0308/cams_0308_2004-05_pm25.csv,https://www.tceq.texas.gov/cgi-bin/compliance/monops/monthly_summary.pl,2026-09-09 18:47:37 UTC,d612450438238842f709997cdc4bd152758dd2471a07af23082ccb0b4769761d,4488,31,downloaded,
308,48_439_3008,Diamond Hill Fort Worth C308,2004-06,88101,24hr,maximum|average|standard_deviation,cams_0308/cams_0308_2004-06_pm25.csv,https://www.tceq.texas.gov/cgi-bin/compliance/monops/monthly_summary.pl,2026-09-09 18:47:38 UTC,ee69f9b5b24f2a2d147ef8093f03c1d4cfa928482135ddb4a6c8207461551c37,4343,30,downloaded,
308,48_439_3008,Diamond Hill Fort Worth C308,2004-07,88101,24hr,maximum|average|standard_deviation,cams_0308/cams_0308_2004-07_pm25.csv,https://www.tceq.texas.gov/cgi-bin/compliance/monops/monthly_summary.pl,2026-09-09 18:47:39 UTC,1a7b2f480056a59f83b8fd930e1a995b615df11bf5538f97e59c76d81c7dca07,4568,31,downloaded,
308,48_439_3008,Diamond Hill Fort Worth C308,2004-08,88101,24hr,maximum|average|standard_deviation,cams_0308/cams_0308_2004-08_pm25.csv,https://www.tceq.texas.gov/cgi-bin/compliance/monops/monthly_summary.pl,2026-09-09 18:47:40 UTC,329b93671bd27da1134c95e253aa288c69a46a4b264b682e46626f50d05fe208,4651,31,downloaded,
308,48_439_3008,Diamond Hill Fort Worth C308,2004-09,88101,24hr,maximum|average|standard_deviation,cams_0308/cams_0308_2004-09_pm25.csv,https://www.tceq.texas.gov/cgi-bin/compliance/monops/monthly_summary.pl,2026-09-09 18:47:40 UTC,87a792381636e0880d5711f60c7f53846bb7526b4d9e3517f294c907db3176cf,4570,30,downloaded,
308,48_439_3008,Diamond Hill Fort Worth C308,2004-10,88101,24hr,maximum|average|standard_deviation,cams_0308/cams_0308_2004-10_pm25.csv,https://www.tceq.texas.gov/cgi-bin/compliance/monops/monthly_summary.pl,2026-09-09 18:47:41 UTC,7dfb24cceaf308af062c8525409296ad52a16f0c817544a1267fe149093907e5,4445,31,downloaded,
308,48_439_3008,Diamond Hill Fort Worth C308,2004-11,88101,24hr,maximum|average|standard_deviation,cams_0308/cams_0308_2004-11_pm25.csv,https://www.tceq.texas.gov/cgi-bin/compliance/monops/monthly_summary.pl,2026-09-09 18:47:42 UTC,d53e32f834164f81f27527cf813b01f9694110739c3bea504425806b0ea570ba,4306,30,downloaded,
308,48_439_3008,Diamond Hill Fort Worth C308,2004-12,88101,24hr,maximum|average|standard_deviation,cams_0308/cams_0308_2004-12_pm25.csv,https://www.tceq.texas.gov/cgi-bin/compliance/monops/monthly_summary.pl,2026-09-09 18:47:43 UTC,33dfdd905d8a46b2f4eeb4417050a1dbc1b8f91a87cf5ff34b8d8088275a02a6,4351,31,downloaded,
308,48_439_3008,Diamond Hill Fort Worth C308,2005-01,88101,24hr,maximum|average|standard_deviation,cams_0308/cams_0308_2005-01_pm25.csv,https://www.tceq.texas.gov/cgi-bin/compliance/monops/monthly_summary.pl,2026-09-09 18:47:44 UTC,ab5d4bb9070b3489b097d7e4b8c11ff18747e2de3f2f93d1ddaace15e5a2db94,4446,31,downloaded,
308,48_439_3008,Diamond Hill Fort Worth C308,2005-02,88101,24hr,maximum|average|standard_deviation,cams_0308/cams_0308_2005-02_pm25.csv,https://www.tceq.texas.gov/cgi-bin/compliance/monops/monthly_summary.pl,2026-09-09 18:47:45 UTC,c2130245afec56b1d9f43a71171ce4ebda66b93b2aa6fc6ac5d80eab4133e0ba,4146,28,downloaded,
308,48_439_3008,Diamond Hill Fort Worth C308,2005-03,88101,24hr,maximum|average|standard_deviation,cams_0308/cams_0308_2005-03_pm25.csv,https://www.tceq.texas.gov/cgi-bin/compliance/monops/monthly_summary.pl,2026-09-09 18:47:46 UTC,6901379fb07637d0c5ab71e7ed6925b4c9697c24c3b28a36aacca074d07cc99f,4497,31,downloaded,
308,48_439_3008,Diamond Hill Fort Worth C308,2005-04,88101,24hr,maximum|average|standard_deviation,cams_0308/cams_0308_2005-04_pm25.csv,https://www.tceq.texas.gov/cgi-bin/compliance/monops/monthly_summary.pl,2026-09-09 18:47:47 UTC,7c78b7bf4e3b1538a6fc7a8e7e03f1d0585aaf02d5bb268989976ed6d09a2f09,4455,30,downloaded,
308,48_439_3008,Diamond Hill Fort Worth C308,2005-05,88101,24hr,maximum|average|standard_deviation,cams_0308/cams_0308_2005-05_pm25.csv,https://www.tceq.texas.gov/cgi-bin/compliance/monops/monthly_summary.pl,2026-09-09 18:47:48 UTC,2cbd8a991f04ad5ebe8ae3ab0424b226ca009e5ef2d9120c32fa9a7b5d52c91f,4759,31,downloaded,
308,48_439_3008,Diamond Hill Fort Worth C308,2005-06,88101,24hr,maximum|average|standard_deviation,cams_0308/cams_0308_2005-06_pm25.csv,https://www.tceq.texas.gov/cgi-bin/compliance/monops/monthly_summary.pl,2026-09-09 18:47:49 UTC,cd9b0219ff21a377f9c08420515abffef5b36cdd084584c73656a93bb0b5a41b,4647,30,downloaded,
308,48_439_3008,Diamond Hill Fort Worth C308,2005-07,88101,24hr,maximum|average|standard_deviation,cams_0308/cams_0308_2005-07_pm25.csv,https://www.tceq.texas.gov/cgi-bin/compliance/monops/monthly_summary.pl,2026-09-09 18:47:50 UTC,95048caa1bac8b3c21f62556f7d0838cd0bafc5098af627c67c05f22dc10a604,4680,31,downloaded,
308,48_439_3008,Diamond Hill Fort Worth C308,2005-08,88101,24hr,maximum|average|standard_deviation,cams_0308/cams_0308_2005-08_pm25.csv,https://www.tceq.texas.gov/cgi-bin/compliance/monops/monthly_summary.pl,2026-09-09 18:47:51 UTC,a8c3c847470ecd9fb0d172ab269499b52ef7b8e9a4dcf4bd05bdf78c6e076ebd,4704,31,downloaded,
308,48_439_3008,Diamond Hill Fort Worth C308,2005-09,88101,24hr,maximum|average|standard_deviation,cams_0308/cams_0308_2005-09_pm25.csv,https://www.tceq.texas.gov/cgi-bin/compliance/monops/monthly_summary.pl,2026-09-09 18:47:52 UTC,6681a41cb8c4a9c56c7808dc2e3c4eb68d5db3469b7e2c775a683c9c9182bf67,3843,30,downloaded,
70,48_439_3009,Grapevine Fairway C70/A301/X182,2000-09,88101,24hr,maximum|average|standard_deviation,cams_0070/cams_0070_2000-09_pm25.csv,https://www.tceq.texas.gov/cgi-bin/compliance/monops/monthly_summary.pl,2026-09-09 18:47:53 UTC,c37efb68a1485c1773042d75018616d330f08108ffc4013554eaaa8fc2f02d22,4017,30,downloaded,
70,48_439_3009,Grapevine Fairway C70/A301/X182,2000-10,88101,24hr,maximum|average|standard_deviation,cams_0070/cams_0070_2000-10_pm25.csv,https://www.tceq.texas.gov/cgi-bin/compliance/monops/monthly_summary.pl,2026-09-09 18:47:54 UTC,06c16f88731d6d09328e74a97a9650e08e1ce77bda32e8aa6444b39b1e545383,4547,31,downloaded,
70,48_439_3009,Grapevine Fairway C70/A301/X182,2000-11,88101,24hr,maximum|average|standard_deviation,cams_0070/cams_0070_2000-11_pm25.csv,https://www.tceq.texas.gov/cgi-bin/compliance/monops/monthly_summary.pl,2026-09-09 18:47:55 UTC,6fdd08388a4fef18842c95b4a201e783db26e235cb684eb49d6ebbb705b32836,4197,30,downloaded,
70,48_439_3009,Grapevine Fairway C70/A301/X182,2000-12,88101,24hr,maximum|average|standard_deviation,cams_0070/cams_0070_2000-12_pm25.csv,https://www.tceq.texas.gov/cgi-bin/compliance/monops/monthly_summary.pl,2026-09-09 18:47:56 UTC,bf8dcd68d827332038a496ab91c7187a5a8b0260e7b0543ca6f998d84a36baa8,4334,31,downloaded,
70,48_439_3009,Grapevine Fairway C70/A301/X182,2001-01,88101,24hr,maximum|average|standard_deviation,cams_0070/cams_0070_2001-01_pm25.csv,https://www.tceq.texas.gov/cgi-bin/compliance/monops/monthly_summary.pl,2026-09-09 18:47:57 UTC,8cd68c040014648516ff6c24bd6d181ec6071e832922d682f2065d675f57b0df,4399,31,downloaded,
70,48_439_3009,Grapevine Fairway C70/A301/X182,2001-02,88101,24hr,maximum|average|standard_deviation,cams_0070/cams_0070_2001-02_pm25.csv,https://www.tceq.texas.gov/cgi-bin/compliance/monops/monthly_summary.pl,2026-09-09 18:47:59 UTC,d6bb62f187cdb516f775e763690ae59879b209655895945d03488125099c9d40,3999,28,downloaded,
70,48_439_3009,Grapevine Fairway C70/A301/X182,2001-03,88101,24hr,maximum|average|standard_deviation,cams_0070/cams_0070_2001-03_pm25.csv,https://www.tceq.texas.gov/cgi-bin/compliance/monops/monthly_summary.pl,2026-09-09 18:48:00 UTC,c2cc940118b6407519442d5e30c662b3a0b2cdf3d57f06e733a467eb5f963b09,4388,31,downloaded,
70,48_439_3009,Grapevine Fairway C70/A301/X182,2001-04,88101,24hr,maximum|average|standard_deviation,cams_0070/cams_0070_2001-04_pm25.csv,https://www.tceq.texas.gov/cgi-bin/compliance/monops/monthly_summary.pl,2026-09-09 18:48:01 UTC,c369a1a195e117e47c0581243851a4510d29ce5d1f8ce65f7a11615798117506,4560,30,downloaded,
70,48_439_3009,Grapevine Fairway C70/A301/X182,2001-05,88101,24hr,maximum|average|standard_deviation,cams_0070/cams_0070_2001-05_pm25.csv,https://www.tceq.texas.gov/cgi-bin/compliance/monops/monthly_summary.pl,2026-09-09 18:48:02 UTC,863d1f0ea53011610c95c01a415db2d5ca0d9cd0f78db243bc49d13283aeb22c,4481,31,downloaded,
70,48_439_3009,Grapevine Fairway C70/A301/X182,2001-06,88101,24hr,maximum|average|standard_deviation,cams_0070/cams_0070_2001-06_pm25.csv,https://www.tceq.texas.gov/cgi-bin/compliance/monops/monthly_summary.pl,2026-09-09 18:48:03 UTC,64192eae6dfa7a5996f74b8ea43ad4b67c837df104d56cb007dc4acda8c0cda7,4438,30,downloaded,
70,48_439_3009,Grapevine Fairway C70/A301/X182,2001-07,88101,24hr,maximum|average|standard_deviation,cams_0070/cams_0070_2001-07_pm25.csv,https://www.tceq.texas.gov/cgi-bin/compliance/monops/monthly_summary.pl,2026-09-09 18:48:04 UTC,35553a5961b892ff9b718f7d7fe0ddb82f3a114e8922cc68e92053aa268d1585,4654,31,downloaded,
70,48_439_3009,Grapevine Fairway C70/A301/X182,2001-08,88101,24hr,maximum|average|standard_deviation,cams_0070/cams_0070_2001-08_pm25.csv,https://www.tceq.texas.gov/cgi-bin/compliance/monops/monthly_summary.pl,2026-09-09 18:48:05 UTC,4b894ff76b5d66c1cee019885f93be8e9578e212fc26d4a06330b5dc46a352a1,4474,31,downloaded,
70,48_439_3009,Grapevine Fairway C70/A301/X182,2001-09,88101,24hr,maximum|average|standard_deviation,cams_0070/cams_0070_2001-09_pm25.csv,https://www.tceq.texas.gov/cgi-bin/compliance/monops/monthly_summary.pl,2026-09-09 18:48:06 UTC,0ac63803a0f7a1e2fa1756ca387ddbce395b3129a24b88757c193c0c886ba8b2,4390,30,downloaded,
70,48_439_3009,Grapevine Fairway C70/A301/X182,2001-10,88101,24hr,maximum|average|standard_deviation,cams_0070/cams_0070_2001-10_pm25.csv,https://www.tceq.texas.gov/cgi-bin/compliance/monops/monthly_summary.pl,2026-09-09 18:48:08 UTC,267a51037556d3ed1d8e799fc00cfa6fb8964008c77f339a480db0fd86f428b8,4404,31,downloaded,
70,48_439_3009,Grapevine Fairway C70/A301/X182,2001-11,88101,24hr,maximum|average|standard_deviation,cams_0070/cams_0070_2001-11_pm25.csv,https://www.tceq.texas.gov/cgi-bin/compliance/monops/monthly_summary.pl,2026-09-09 18:48:09 UTC,bdeb19fdfcd13a0b629c2519b81c02869bbc806f0e02b9f9be7061f184b61ba8,4378,30,downloaded,
70,48_439_3009,Grapevine Fairway C70/A301/X182,2001-12,88101,24hr,maximum|average|standard_deviation,cams_0070/cams_0070_2001-12_pm25.csv,https://www.tceq.texas.gov/cgi-bin/compliance/monops/monthly_summary.pl,2026-09-09 18:48:10 UTC,b3c8e8e0cabe2ce885aad8110e7780e0587ab380822733ef2d742abbd0ef5ad0,4343,31,downloaded,
70,48_439_3009,Grapevine Fairway C70/A301/X182,2002-01,88101,24hr,maximum|average|standard_deviation,cams_0070/cams_0070_2002-01_pm25.csv,https://www.tceq.texas.gov/cgi-bin/compliance/monops/monthly_summary.pl,2026-09-09 18:48:11 UTC,62a9a42ce13ee226b7ec14503c7f5b6997593b87246d4c3fa197cc915cb76067,4319,31,downloaded,
70,48_439_3009,Grapevine Fairway C70/A301/X182,2002-02,88101,24hr,maximum|average|standard_deviation,cams_0070/cams_0070_2002-02_pm25.csv,https://www.tceq.texas.gov/cgi-bin/compliance/monops/monthly_summary.pl,2026-09-09 18:48:12 UTC,3f507df78d8a9a2b8719927da188cd7b5c3a72dc253ccf726596d1beac7c5392,3934,28,downloaded,
70,48_439_3009,Grapevine Fairway C70/A301/X182,2002-03,88101,24hr,maximum|average|standard_deviation,cams_0070/cams_0070_2002-03_pm25.csv,https://www.tceq.texas.gov/cgi-bin/compliance/monops/monthly_summary.pl,2026-09-09 18:48:13 UTC,4ebcc6df4133588ea72aaf5934428f2c59b18fbd401534d4161fcb404b012c11,4442,31,downloaded,
70,48_439_3009,Grapevine Fairway C70/A301/X182,2002-04,88101,24hr,maximum|average|standard_deviation,cams_0070/cams_0070_2002-04_pm25.csv,https://www.tceq.texas.gov/cgi-bin/compliance/monops/monthly_summary.pl,2026-09-09 18:48:14 UTC,a71ab98148df27cc88f6057301ad2269bde76faa09f5a35ae2878d9d6b2fb034,4399,30,downloaded,
70,48_439_3009,Grapevine Fairway C70/A301/X182,2002-05,88101,24hr,maximum|average|standard_deviation,cams_0070/cams_0070_2002-05_pm25.csv,https://www.tceq.texas.gov/cgi-bin/compliance/monops/monthly_summary.pl,2026-09-09 18:48:16 UTC,229f1accc22737ffde52937cb36660a466137c489206ff3dc0d65e6a0a0db54e,4608,31,downloaded,
70,48_439_3009,Grapevine Fairway C70/A301/X182,2002-06,88101,24hr,maximum|average|standard_deviation,cams_0070/cams_0070_2002-06_pm25.csv,https://www.tceq.texas.gov/cgi-bin/compliance/monops/monthly_summary.pl,2026-09-09 18:48:17 UTC,863d880c80bcf5504039f3e31ce28ff3ae8821423d51f71477be9cd23f9b4340,4485,30,downloaded,
70,48_439_3009,Grapevine Fairway C70/A301/X182,2002-07,88101,24hr,maximum|average|standard_deviation,cams_0070/cams_0070_2002-07_pm25.csv,https://www.tceq.texas.gov/cgi-bin/compliance/monops/monthly_summary.pl,2026-09-09 18:48:18 UTC,26e70f3ca7499ffc5197a7501b8fa0f926c7f19d62b36b956920b37341c4705d,4560,31,downloaded,
70,48_439_3009,Grapevine Fairway C70/A301/X182,2002-08,88101,24hr,maximum|average|standard_deviation,cams_0070/cams_0070_2002-08_pm25.csv,https://www.tceq.texas.gov/cgi-bin/compliance/monops/monthly_summary.pl,2026-09-09 18:48:19 UTC,76f98e81cc7f01374787dec6f6fc34a5c313ea709da5825c829dccbb36107f04,4622,31,downloaded,
70,48_439_3009,Grapevine Fairway C70/A301/X182,2002-09,88101,24hr,maximum|average|standard_deviation,cams_0070/cams_0070_2002-09_pm25.csv,https://www.tceq.texas.gov/cgi-bin/compliance/monops/monthly_summary.pl,2026-09-09 18:48:20 UTC,72b01125aabc1a3d20046a12d6d3cce3eb11089abe01e423ee11a9e72ec5562f,4567,30,downloaded,
70,48_439_3009,Grapevine Fairway C70/A301/X182,2002-10,88101,24hr,maximum|average|standard_deviation,cams_0070/cams_0070_2002-10_pm25.csv,https://www.tceq.texas.gov/cgi-bin/compliance/monops/monthly_summary.pl,2026-09-09 18:48:21 UTC,2bfb1e9141a8ced3e51e283facc62a3386530a66dd72c605572e40ba041e522a,4046,31,downloaded,
70,48_439_3009,Grapevine Fairway C70/A301/X182,2002-11,88101,24hr,maximum|average|standard_deviation,cams_0070/cams_0070_2002-11_pm25.csv,https://www.tceq.texas.gov/cgi-bin/compliance/monops/monthly_summary.pl,2026-09-09 18:48:22 UTC,13c5cb2f0fbbb7aaf267d0ff0f1583d7ae06bcbf015bb32d799c376493cd9451,4091,30,downloaded,
70,48_439_3009,Grapevine Fairway C70/A301/X182,2002-12,88101,24hr,maximum|average|standard_deviation,cams_0070/cams_0070_2002-12_pm25.csv,https://www.tceq.texas.gov/cgi-bin/compliance/monops/monthly_summary.pl,2026-09-09 18:48:23 UTC,6ad322cecf3e83eb50aaa2156a35a374219f46d2b4e59309e62302af88e7a27a,4468,31,downloaded,
70,48_439_3009,Grapevine Fairway C70/A301/X182,2003-01,88101,24hr,maximum|average|standard_deviation,cams_0070/cams_0070_2003-01_pm25.csv,https://www.tceq.texas.gov/cgi-bin/compliance/monops/monthly_summary.pl,2026-09-09 18:48:25 UTC,9c624fac537c59cc589bd2f9f3d028869b9cb8b0190e7e4430e11286e27d2e70,4566,31,downloaded,
70,48_439_3009,Grapevine Fairway C70/A301/X182,2003-02,88101,24hr,maximum|average|standard_deviation,cams_0070/cams_0070_2003-02_pm25.csv,https://www.tceq.texas.gov/cgi-bin/compliance/monops/monthly_summary.pl,2026-09-09 18:48:26 UTC,fc28ca5ffa5677b044ab6b8f9365c43501cbd90483c9fb152b763b940c0bf51e,4141,28,downloaded,
70,48_439_3009,Grapevine Fairway C70/A301/X182,2003-03,88101,24hr,maximum|average|standard_deviation,cams_0070/cams_0070_2003-03_pm25.csv,https://www.tceq.texas.gov/cgi-bin/compliance/monops/monthly_summary.pl,2026-09-09 18:48:27 UTC,d78a13960851d12be64e5073033de961692cd10cf4d1f8cae69cda4085caff60,4640,31,downloaded,
70,48_439_3009,Grapevine Fairway C70/A301/X182,2003-04,88101,24hr,maximum|average|standard_deviation,cams_0070/cams_0070_2003-04_pm25.csv,https://www.tceq.texas.gov/cgi-bin/compliance/monops/monthly_summary.pl,2026-09-09 18:48:28 UTC,43bba24785cc9faa492fd8dd090c4b8d014cd6aef59c4a969f38845b4e453193,4494,30,downloaded,
70,48_439_3009,Grapevine Fairway C70/A301/X182,2003-05,88101,24hr,maximum|average|standard_deviation,cams_0070/cams_0070_2003-05_pm25.csv,https://www.tceq.texas.gov/cgi-bin/compliance/monops/monthly_summary.pl,2026-09-09 18:48:29 UTC,1949c48ce1501ab5b56ee97af420aa64ef00406da1a59f18016cf78e8b68e83e,4845,31,downloaded,
70,48_439_3009,Grapevine Fairway C70/A301/X182,2003-06,88101,24hr,maximum|average|standard_deviation,cams_0070/cams_0070_2003-06_pm25.csv,https://www.tceq.texas.gov/cgi-bin/compliance/monops/monthly_summary.pl,2026-09-09 18:48:30 UTC,31b20c791ae9a0992e530e51bea377c0148a09f5b6202b57882b69fa5517e2e6,4496,30,downloaded,
70,48_439_3009,Grapevine Fairway C70/A301/X182,2003-07,88101,24hr,maximum|average|standard_deviation,cams_0070/cams_0070_2003-07_pm25.csv,https://www.tceq.texas.gov/cgi-bin/compliance/monops/monthly_summary.pl,2026-09-09 18:48:31 UTC,75abdfa35de2e18de401540c069061a52368daf10151b33f251396e5e1ab42a3,4814,31,downloaded,
70,48_439_3009,Grapevine Fairway C70/A301/X182,2003-08,88101,24hr,maximum|average|standard_deviation,cams_0070/cams_0070_2003-08_pm25.csv,https://www.tceq.texas.gov/cgi-bin/compliance/monops/monthly_summary.pl,2026-09-09 18:48:33 UTC,d1663af760cbad1ce985f877ed14fa2f1bc35cb83ee9f1c6b96ee6c341f56a11,4720,31,downloaded,
70,48_439_3009,Grapevine Fairway C70/A301/X182,2003-09,88101,24hr,maximum|average|standard_deviation,cams_0070/cams_0070_2003-09_pm25.csv,https://www.tceq.texas.gov/cgi-bin/compliance/monops/monthly_summary.pl,2026-09-09 18:48:34 UTC,f5e64911e2eb7ce4c073f5a0eefd78333d686916307852ff998965754bac9a2d,4432,30,downloaded,
70,48_439_3009,Grapevine Fairway C70/A301/X182,2003-10,88101,24hr,maximum|average|standard_deviation,cams_0070/cams_0070_2003-10_pm25.csv,https://www.tceq.texas.gov/cgi-bin/compliance/monops/monthly_summary.pl,2026-09-09 18:48:35 UTC,30e29ac339c34d93ceb3afd5c275742f074e5e9d3117f3c2928ed66a543a5fb0,4500,31,downloaded,
70,48_439_3009,Grapevine Fairway C70/A301/X182,2003-11,88101,24hr,maximum|average|standard_deviation,cams_0070/cams_0070_2003-11_pm25.csv,https://www.tceq.texas.gov/cgi-bin/compliance/monops/monthly_summary.pl,2026-09-09 18:48:36 UTC,3801c2afbda377cc455df5ec2337fe33500fced805ce8727561ab963ec52db3c,4213,30,downloaded,
70,48_439_3009,Grapevine Fairway C70/A301/X182,2003-12,88101,24hr,maximum|average|standard_deviation,cams_0070/cams_0070_2003-12_pm25.csv,https://www.tceq.texas.gov/cgi-bin/compliance/monops/monthly_summary.pl,2026-09-09 18:48:37 UTC,18cb6c6a51ec94f04dfcf0d5c30998f7b211e5eea3847f49995859fb7cc83bb3,4308,31,downloaded,
70,48_439_3009,Grapevine Fairway C70/A301/X182,2004-01,88101,24hr,maximum|average|standard_deviation,cams_0070/cams_0070_2004-01_pm25.csv,https://www.tceq.texas.gov/cgi-bin/compliance/monops/monthly_summary.pl,2026-09-09 18:48:38 UTC,0cfe1ed6247b281ec7278b8a9883dc7a303263f870e642a9bf9544e6cccc236d,4430,31,downloaded,
70,48_439_3009,Grapevine Fairway C70/A301/X182,2004-02,88101,24hr,maximum|average|standard_deviation,cams_0070/cams_0070_2004-02_pm25.csv,https://www.tceq.texas.gov/cgi-bin/compliance/monops/monthly_summary.pl,2026-09-09 18:48:39 UTC,50a8ee43e515f2469dbe9f56a24aaaccc944fa93ca82798dc5730d732eb4b21e,4211,29,downloaded,
70,48_439_3009,Grapevine Fairway C70/A301/X182,2004-03,88101,24hr,maximum|average|standard_deviation,cams_0070/cams_0070_2004-03_pm25.csv,https://www.tceq.texas.gov/cgi-bin/compliance/monops/monthly_summary.pl,2026-09-09 18:48:41 UTC,0cdeb8c9c778bcae3220e2cc64d525a404a61bced363438cae7381e4499c057d,4415,31,downloaded,
70,48_439_3009,Grapevine Fairway C70/A301/X182,2004-04,88101,24hr,maximum|average|standard_deviation,cams_0070/cams_0070_2004-04_pm25.csv,https://www.tceq.texas.gov/cgi-bin/compliance/monops/monthly_summary.pl,2026-09-09 18:48:42 UTC,08186e684a974159b8a18224f0413936a97110d3f4466e5c4b809576b9e39994,4421,30,downloaded,
70,48_439_3009,Grapevine Fairway C70/A301/X182,2004-05,88101,24hr,maximum|average|standard_deviation,cams_0070/cams_0070_2004-05_pm25.csv,https://www.tceq.texas.gov/cgi-bin/compliance/monops/monthly_summary.pl,2026-09-09 18:48:43 UTC,2fa0cebd8c38214dcc2e5c2bd8e04c5391980312ca3f6a690699b366329e44fa,4501,31,downloaded,
70,48_439_3009,Grapevine Fairway C70/A301/X182,2004-06,88101,24hr,maximum|average|standard_deviation,cams_0070/cams_0070_2004-06_pm25.csv,https://www.tceq.texas.gov/cgi-bin/compliance/monops/monthly_summary.pl,2026-09-09 18:48:44 UTC,b784cb641be2d5d154f1413aa716fa99352d8f6f9e45f136be6d05053600f9dd,4306,30,downloaded,
70,48_439_3009,Grapevine Fairway C70/A301/X182,2004-07,88101,24hr,maximum|average|standard_deviation,cams_0070/cams_0070_2004-07_pm25.csv,https://www.tceq.texas.gov/cgi-bin/compliance/monops/monthly_summary.pl,2026-09-09 18:48:45 UTC,3ca9ce9c7e2158424a7f6360afed7e47ca475a47313d4b307920528955141594,4587,31,downloaded,
70,48_439_3009,Grapevine Fairway C70/A301/X182,2004-08,88101,24hr,maximum|average|standard_deviation,cams_0070/cams_0070_2004-08_pm25.csv,https://www.tceq.texas.gov/cgi-bin/compliance/monops/monthly_summary.pl,2026-09-09 18:48:47 UTC,febe7621e4da46160933a9dc8e5e83adcb2ae22abcb065e61448d1b8eb1118e5,4635,31,downloaded,
70,48_439_3009,Grapevine Fairway C70/A301/X182,2004-09,88101,24hr,maximum|average|standard_deviation,cams_0070/cams_0070_2004-09_pm25.csv,https://www.tceq.texas.gov/cgi-bin/compliance/monops/monthly_summary.pl,2026-09-09 18:48:48 UTC,adade29c4faef3a366c2850f533cc124d454c870ccf0f91530fbb249ffa2c572,4556,30,downloaded,
70,48_439_3009,Grapevine Fairway C70/A301/X182,2004-10,88101,24hr,maximum|average|standard_deviation,cams_0070/cams_0070_2004-10_pm25.csv,https://www.tceq.texas.gov/cgi-bin/compliance/monops/monthly_summary.pl,2026-09-09 18:48:49 UTC,a2f03ac77d79a91e31794f687f7d3984914e43ac2cb0c90105f9bb373be973b8,4386,31,downloaded,
70,48_439_3009,Grapevine Fairway C70/A301/X182,2004-11,88101,24hr,maximum|average|standard_deviation,cams_0070/cams_0070_2004-11_pm25.csv,https://www.tceq.texas.gov/cgi-bin/compliance/monops/monthly_summary.pl,2026-09-09 18:48:50 UTC,e2e55ab33833ae506f9336ce005492e5854a645d6cf2fd214e939603a9873410,4221,30,downloaded,
70,48_439_3009,Grapevine Fairway C70/A301/X182,2004-12,88101,24hr,maximum|average|standard_deviation,cams_0070/cams_0070_2004-12_pm25.csv,https://www.tceq.texas.gov/cgi-bin/compliance/monops/monthly_summary.pl,2026-09-09 18:48:51 UTC,865d17a4fef4067d55439105569b8b7d0c64763c0d933ff48120679cf4fc7440,4298,31,downloaded,
70,48_439_3009,Grapevine Fairway C70/A301/X182,2005-01,88101,24hr,maximum|average|standard_deviation,cams_0070/cams_0070_2005-01_pm25.csv,https://www.tceq.texas.gov/cgi-bin/compliance/monops/monthly_summary.pl,2026-09-09 18:48:53 UTC,08b992a9d011d7718266275517a5accb3272dfd869b024dc28fc9cc623086658,4441,31,downloaded,
70,48_439_3009,Grapevine Fairway C70/A301/X182,2005-02,88101,24hr,maximum|average|standard_deviation,cams_0070/cams_0070_2005-02_pm25.csv,https://www.tceq.texas.gov/cgi-bin/compliance/monops/monthly_summary.pl,2026-09-09 18:48:54 UTC,4608f179e7485b2a3c4dd986361c852f25b55646253f794a86ad957f092abd27,4098,28,downloaded,
70,48_439_3009,Grapevine Fairway C70/A301/X182,2005-03,88101,24hr,maximum|average|standard_deviation,cams_0070/cams_0070_2005-03_pm25.csv,https://www.tceq.texas.gov/cgi-bin/compliance/monops/monthly_summary.pl,2026-09-09 18:48:55 UTC,847b3471d5df46404fd649e757f9376d10d6187242a17561e1f366f5f6144a21,4485,31,downloaded,
70,48_439_3009,Grapevine Fairway C70/A301/X182,2005-04,88101,24hr,maximum|average|standard_deviation,cams_0070/cams_0070_2005-04_pm25.csv,https://www.tceq.texas.gov/cgi-bin/compliance/monops/monthly_summary.pl,2026-09-09 18:48:56 UTC,be55af7e1da37af8981fad84e7a1f8cd9e9b7b657a120f3eedf698c4a2ea5ab8,4471,30,downloaded,
70,48_439_3009,Grapevine Fairway C70/A301/X182,2005-05,88101,24hr,maximum|average|standard_deviation,cams_0070/cams_0070_2005-05_pm25.csv,https://www.tceq.texas.gov/cgi-bin/compliance/monops/monthly_summary.pl,2026-09-09 18:48:57 UTC,8c280e725d58f9a99a496b70e309e8430c87ea5e67dbed073251fde148fe3f99,4737,31,downloaded,
70,48_439_3009,Grapevine Fairway C70/A301/X182,2005-06,88101,24hr,maximum|average|standard_deviation,cams_0070/cams_0070_2005-06_pm25.csv,https://www.tceq.texas.gov/cgi-bin/compliance/monops/monthly_summary.pl,2026-09-09 18:48:59 UTC,bbfc68ce70bdd7a58e56f11ec7051b9759d7822cbbce70bcc9fc5b38cc6fb11e,4666,30,downloaded,
70,48_439_3009,Grapevine Fairway C70/A301/X182,2005-07,88101,24hr,maximum|average|standard_deviation,cams_0070/cams_0070_2005-07_pm25.csv,https://www.tceq.texas.gov/cgi-bin/compliance/monops/monthly_summary.pl,2026-09-09 18:49:00 UTC,e7be94c9e4a522f83dd7d229e323511208e176f1f78d4df5941d720a2938a038,4649,31,downloaded,
70,48_439_3009,Grapevine Fairway C70/A301/X182,2005-08,88101,24hr,maximum|average|standard_deviation,cams_0070/cams_0070_2005-08_pm25.csv,https://www.tceq.texas.gov/cgi-bin/compliance/monops/monthly_summary.pl,2026-09-09 18:49:01 UTC,194b4b6607a9aed9dcaf08b1fdaf6aa153d73692a3d3f87c67f2355efe415c92,4737,31,downloaded,
70,48_439_3009,Grapevine Fairway C70/A301/X182,2005-09,88101,24hr,maximum|average|standard_deviation,cams_0070/cams_0070_2005-09_pm25.csv,https://www.tceq.texas.gov/cgi-bin/compliance/monops/monthly_summary.pl,2026-09-09 18:49:02 UTC,2121567dde23b457b2b830657858383b9ebfe8a9749f8d8bc2c02261de0a3c9d,3841,30,downloaded,
61,48_439_3011,Arlington Municipal Airport C61,2002-01,88101,24hr,maximum|average|standard_deviation,cams_0061/cams_0061_2002-01_pm25.csv,https://www.tceq.texas.gov/cgi-bin/compliance/monops/monthly_summary.pl,2026-09-09 18:49:03 UTC,0772c908615547ecb6c0424005f67c5a0eef83ff03d239c9de042a59cda57037,4159,31,downloaded,
61,48_439_3011,Arlington Municipal Airport C61,2002-02,88101,24hr,maximum|average|standard_deviation,cams_0061/cams_0061_2002-02_pm25.csv,https://www.tceq.texas.gov/cgi-bin/compliance/monops/monthly_summary.pl,2026-09-09 18:49:04 UTC,6cd0ce0ca08a1f995e68533f3fbf748f01ba766a3e181ba472678bac38320257,3968,28,downloaded,
61,48_439_3011,Arlington Municipal Airport C61,2002-03,88101,24hr,maximum|average|standard_deviation,cams_0061/cams_0061_2002-03_pm25.csv,https://www.tceq.texas.gov/cgi-bin/compliance/monops/monthly_summary.pl,2026-09-09 18:49:05 UTC,b64c75a9a36815cbd11dee5bbc822262d52b7869ab7172bcd73a7698ded309cc,4317,31,downloaded,
61,48_439_3011,Arlington Municipal Airport C61,2002-04,88101,24hr,maximum|average|standard_deviation,cams_0061/cams_0061_2002-04_pm25.csv,https://www.tceq.texas.gov/cgi-bin/compliance/monops/monthly_summary.pl,2026-09-09 18:49:06 UTC,ad81dbcf98de1bfb26a0f58f945d7947404f7226c648d6c100eed69fb4dbdfbb,4380,30,downloaded,
61,48_439_3011,Arlington Municipal Airport C61,2002-05,88101,24hr,maximum|average|standard_deviation,cams_0061/cams_0061_2002-05_pm25.csv,https://www.tceq.texas.gov/cgi-bin/compliance/monops/monthly_summary.pl,2026-09-09 18:49:07 UTC,af517fa720232f7c1361fbfac7da4a02168fe6b437afd5da887dc7896b7091b3,4591,31,downloaded,
61,48_439_3011,Arlington Municipal Airport C61,2002-06,88101,24hr,maximum|average|standard_deviation,cams_0061/cams_0061_2002-06_pm25.csv,https://www.tceq.texas.gov/cgi-bin/compliance/monops/monthly_summary.pl,2026-09-09 18:49:08 UTC,2999c8b2a25ed37cb405d93ef54adf635bb12a98df5256bbcf0479a44eebe960,4416,30,downloaded,
61,48_439_3011,Arlington Municipal Airport C61,2002-07,88101,24hr,maximum|average|standard_deviation,cams_0061/cams_0061_2002-07_pm25.csv,https://www.tceq.texas.gov/cgi-bin/compliance/monops/monthly_summary.pl,2026-09-09 18:49:09 UTC,97373374e647e023db7191f8a070eb55e0222b480a897b3be645b6bf2eaa0d50,4570,31,downloaded,
61,48_439_3011,Arlington Municipal Airport C61,2002-08,88101,24hr,maximum|average|standard_deviation,cams_0061/cams_0061_2002-08_pm25.csv,https://www.tceq.texas.gov/cgi-bin/compliance/monops/monthly_summary.pl,2026-09-09 18:49:10 UTC,f57326af5a39daeed2f00cc5ca371b5492e293cdb30e36407075b5b8a00de8ad,4629,31,downloaded,
61,48_439_3011,Arlington Municipal Airport C61,2002-09,88101,24hr,maximum|average|standard_deviation,cams_0061/cams_0061_2002-09_pm25.csv,https://www.tceq.texas.gov/cgi-bin/compliance/monops/monthly_summary.pl,2026-09-09 18:49:11 UTC,3c1dcdf9435e5cf03a9350aab3d9adc8f069cf915bc9c7036a36ef7b84d78748,4556,30,downloaded,
61,48_439_3011,Arlington Municipal Airport C61,2002-10,88101,24hr,maximum|average|standard_deviation,cams_0061/cams_0061_2002-10_pm25.csv,https://www.tceq.texas.gov/cgi-bin/compliance/monops/monthly_summary.pl,2026-09-09 18:49:12 UTC,8925fd60954c354db69a9deccad0f4528e2d74574f3728afa3ed5de5fc7ea6fe,4414,31,downloaded,
61,48_439_3011,Arlington Municipal Airport C61,2002-11,88101,24hr,maximum|average|standard_deviation,cams_0061/cams_0061_2002-11_pm25.csv,https://www.tceq.texas.gov/cgi-bin/compliance/monops/monthly_summary.pl,2026-09-09 18:49:13 UTC,ec9b6bda35225ea7ec36a48aea8c3d249be1b9865d8082d91a48f852b433786f,4167,30,downloaded,
61,48_439_3011,Arlington Municipal Airport C61,2002-12,88101,24hr,maximum|average|standard_deviation,cams_0061/cams_0061_2002-12_pm25.csv,https://www.tceq.texas.gov/cgi-bin/compliance/monops/monthly_summary.pl,2026-09-09 18:49:15 UTC,36259e0b75ad8af19b922be687474c5c180c6112b0e02abf1bf68f90f9e95f0a,4353,31,downloaded,
61,48_439_3011,Arlington Municipal Airport C61,2003-01,88101,24hr,maximum|average|standard_deviation,cams_0061/cams_0061_2003-01_pm25.csv,https://www.tceq.texas.gov/cgi-bin/compliance/monops/monthly_summary.pl,2026-09-09 18:49:16 UTC,29738498bb4b5c231152e8b25abd0de1cc2495a59c62b44c45d4dec7ffae88df,4406,31,downloaded,
61,48_439_3011,Arlington Municipal Airport C61,2003-02,88101,24hr,maximum|average|standard_deviation,cams_0061/cams_0061_2003-02_pm25.csv,https://www.tceq.texas.gov/cgi-bin/compliance/monops/monthly_summary.pl,2026-09-09 18:49:17 UTC,a2b7bf25d20ad39e948e551b8107fade714ec6ae4e1f4c93a2f13554d9ee59f9,3990,28,downloaded,
61,48_439_3011,Arlington Municipal Airport C61,2003-03,88101,24hr,maximum|average|standard_deviation,cams_0061/cams_0061_2003-03_pm25.csv,https://www.tceq.texas.gov/cgi-bin/compliance/monops/monthly_summary.pl,2026-09-09 18:49:18 UTC,e7f71cf72e70ea7a55a75ccb2d2307a0c1f3fe16e7b199186d7ba2754cf698bc,4497,31,downloaded,
61,48_439_3011,Arlington Municipal Airport C61,2003-04,88101,24hr,maximum|average|standard_deviation,cams_0061/cams_0061_2003-04_pm25.csv,https://www.tceq.texas.gov/cgi-bin/compliance/monops/monthly_summary.pl,2026-09-09 18:49:19 UTC,e9df6aea275e8fd663bbe72bca0e111ec5b8b7712871b59574ecd2471589736e,4332,30,downloaded,
61,48_439_3011,Arlington Municipal Airport C61,2003-05,88101,24hr,maximum|average|standard_deviation,cams_0061/cams_0061_2003-05_pm25.csv,https://www.tceq.texas.gov/cgi-bin/compliance/monops/monthly_summary.pl,2026-09-09 18:49:20 UTC,12b908945e51aee0a7ed2129f4b75016965d7be5866af2b8a0cf3f14c8af4610,4745,31,downloaded,
61,48_439_3011,Arlington Municipal Airport C61,2003-06,88101,24hr,maximum|average|standard_deviation,cams_0061/cams_0061_2003-06_pm25.csv,https://www.tceq.texas.gov/cgi-bin/compliance/monops/monthly_summary.pl,2026-09-09 18:49:21 UTC,a86d9d4a25030be31bc218a9ff026c5d4793d90b8db1c629758375559bf69e32,4405,30,downloaded,
61,48_439_3011,Arlington Municipal Airport C61,2003-07,88101,24hr,maximum|average|standard_deviation,cams_0061/cams_0061_2003-07_pm25.csv,https://www.tceq.texas.gov/cgi-bin/compliance/monops/monthly_summary.pl,2026-09-09 18:49:22 UTC,a4ed204bbc0a9018fc2fecdd9fb6d6f4b02798070167bdd02ad39cfbce20b5c6,4698,31,downloaded,
61,48_439_3011,Arlington Municipal Airport C61,2003-08,88101,24hr,maximum|average|standard_deviation,cams_0061/cams_0061_2003-08_pm25.csv,https://www.tceq.texas.gov/cgi-bin/compliance/monops/monthly_summary.pl,2026-09-09 18:49:23 UTC,ed2276dcf5e54c911a522f7c4d0e054cc329b9709aee06fcdce0c8cdc302f045,4699,31,downloaded,
61,48_439_3011,Arlington Municipal Airport C61,2003-09,88101,24hr,maximum|average|standard_deviation,cams_0061/cams_0061_2003-09_pm25.csv,https://www.tceq.texas.gov/cgi-bin/compliance/monops/monthly_summary.pl,2026-09-09 18:49:24 UTC,3066d2f7c551e83822382f56a71ddd67d55e5d55aa57cd280a0ab9dbb87b527c,4449,30,downloaded,
61,48_439_3011,Arlington Municipal Airport C61,2003-10,88101,24hr,maximum|average|standard_deviation,cams_0061/cams_0061_2003-10_pm25.csv,https://www.tceq.texas.gov/cgi-bin/compliance/monops/monthly_summary.pl,2026-09-09 18:49:25 UTC,fa087b269ad6fa7be0bfd5021da3d8f4c362b7b32b9bdc7220063fd8af6c6946,4524,31,downloaded,
61,48_439_3011,Arlington Municipal Airport C61,2003-11,88101,24hr,maximum|average|standard_deviation,cams_0061/cams_0061_2003-11_pm25.csv,https://www.tceq.texas.gov/cgi-bin/compliance/monops/monthly_summary.pl,2026-09-09 18:49:27 UTC,cc4afddf9632560225ea109885967df2816b4d948a0aa2d34c9113a288c20dd6,4234,30,downloaded,
61,48_439_3011,Arlington Municipal Airport C61,2003-12,88101,24hr,maximum|average|standard_deviation,cams_0061/cams_0061_2003-12_pm25.csv,https://www.tceq.texas.gov/cgi-bin/compliance/monops/monthly_summary.pl,2026-09-09 18:49:28 UTC,dc8926158a29cb563d33c315ef9975c157d1a30a09f0fae1671d4fe543257e8e,4351,31,downloaded,
61,48_439_3011,Arlington Municipal Airport C61,2004-01,88101,24hr,maximum|average|standard_deviation,cams_0061/cams_0061_2004-01_pm25.csv,https://www.tceq.texas.gov/cgi-bin/compliance/monops/monthly_summary.pl,2026-09-09 18:49:29 UTC,a113a59a0c5e7d6b68f2dcd3d33fc0f15768667171889ad3e266ae373d3f82b5,4457,31,downloaded,
61,48_439_3011,Arlington Municipal Airport C61,2004-02,88101,24hr,maximum|average|standard_deviation,cams_0061/cams_0061_2004-02_pm25.csv,https://www.tceq.texas.gov/cgi-bin/compliance/monops/monthly_summary.pl,2026-09-09 18:49:30 UTC,1f090b612230a5c1e268d70118bff0a3199aec2257b6b89164b419ba8a350273,4214,29,downloaded,
61,48_439_3011,Arlington Municipal Airport C61,2004-03,88101,24hr,maximum|average|standard_deviation,cams_0061/cams_0061_2004-03_pm25.csv,https://www.tceq.texas.gov/cgi-bin/compliance/monops/monthly_summary.pl,2026-09-09 18:49:31 UTC,bf25cecfbbc0bc908dafe3d6fe1ede111dc4cb8851e48a36c7f5c17b9696302a,4446,31,downloaded,
61,48_439_3011,Arlington Municipal Airport C61,2004-04,88101,24hr,maximum|average|standard_deviation,cams_0061/cams_0061_2004-04_pm25.csv,https://www.tceq.texas.gov/cgi-bin/compliance/monops/monthly_summary.pl,2026-09-09 18:49:32 UTC,419dd523ba948dcad361836d56b4b8da64a66af5c89c866c5c4b33ee529adf07,4317,30,downloaded,
61,48_439_3011,Arlington Municipal Airport C61,2004-05,88101,24hr,maximum|average|standard_deviation,cams_0061/cams_0061_2004-05_pm25.csv,https://www.tceq.texas.gov/cgi-bin/compliance/monops/monthly_summary.pl,2026-09-09 18:49:33 UTC,e2e3382cec616c75331a3eb79f096e158a4ff374d33d6e22dd99ee3990156f3d,4477,31,downloaded,
61,48_439_3011,Arlington Municipal Airport C61,2004-06,88101,24hr,maximum|average|standard_deviation,cams_0061/cams_0061_2004-06_pm25.csv,https://www.tceq.texas.gov/cgi-bin/compliance/monops/monthly_summary.pl,2026-09-09 18:49:34 UTC,92c5df13e53493baa2519f2402b32b06a0a5fa913c0e9bf8c01d83e978d5a94a,4314,30,downloaded,
61,48_439_3011,Arlington Municipal Airport C61,2004-07,88101,24hr,maximum|average|standard_deviation,cams_0061/cams_0061_2004-07_pm25.csv,https://www.tceq.texas.gov/cgi-bin/compliance/monops/monthly_summary.pl,2026-09-09 18:49:35 UTC,551b5d27d57f9cc01191fe5246c8a384c70585a4708ab1176af451a83e8fea83,4590,31,downloaded,
61,48_439_3011,Arlington Municipal Airport C61,2004-08,88101,24hr,maximum|average|standard_deviation,cams_0061/cams_0061_2004-08_pm25.csv,https://www.tceq.texas.gov/cgi-bin/compliance/monops/monthly_summary.pl,2026-09-09 18:49:36 UTC,e1419b318b53c25518c4007104ef3c8046ff737bce88443652f7ea4479a73357,4650,31,downloaded,
61,48_439_3011,Arlington Municipal Airport C61,2004-09,88101,24hr,maximum|average|standard_deviation,cams_0061/cams_0061_2004-09_pm25.csv,https://www.tceq.texas.gov/cgi-bin/compliance/monops/monthly_summary.pl,2026-09-09 18:49:37 UTC,78d4445e9529f5ec2ff54ae78ef8c71f7a0d2f67e7269f9fac81328657c999b6,4585,30,downloaded,
61,48_439_3011,Arlington Municipal Airport C61,2004-10,88101,24hr,maximum|average|standard_deviation,cams_0061/cams_0061_2004-10_pm25.csv,https://www.tceq.texas.gov/cgi-bin/compliance/monops/monthly_summary.pl,2026-09-09 18:49:38 UTC,aae52850a0e7eaebc67eb074086ae895fefb158ab732ba834da2b221d0ec9fbf,4374,31,downloaded,
61,48_439_3011,Arlington Municipal Airport C61,2004-11,88101,24hr,maximum|average|standard_deviation,cams_0061/cams_0061_2004-11_pm25.csv,https://www.tceq.texas.gov/cgi-bin/compliance/monops/monthly_summary.pl,2026-09-09 18:49:40 UTC,97e28eb4a4e795ff93a6fda7dcdf8f5f8f33034281731eba144d75fdf562fee5,4280,30,downloaded,
61,48_439_3011,Arlington Municipal Airport C61,2004-12,88101,24hr,maximum|average|standard_deviation,cams_0061/cams_0061_2004-12_pm25.csv,https://www.tceq.texas.gov/cgi-bin/compliance/monops/monthly_summary.pl,2026-09-09 18:49:41 UTC,a5ecfaab720185393fd185b1943528fdef71130d5b7ccc36c9eb8571e9b65aef,4322,31,downloaded,
61,48_439_3011,Arlington Municipal Airport C61,2005-01,88101,24hr,maximum|average|standard_deviation,cams_0061/cams_0061_2005-01_pm25.csv,https://www.tceq.texas.gov/cgi-bin/compliance/monops/monthly_summary.pl,2026-09-09 18:49:42 UTC,dacc050551a4d436761e0b4cd44c10521883139d34d2d322b9a5aed5ffdacfa6,4481,31,downloaded,
61,48_439_3011,Arlington Municipal Airport C61,2005-02,88101,24hr,maximum|average|standard_deviation,cams_0061/cams_0061_2005-02_pm25.csv,https://www.tceq.texas.gov/cgi-bin/compliance/monops/monthly_summary.pl,2026-09-09 18:49:43 UTC,83054a7cd0db6f3fdce11284291d0c14b55d9b254d44b2e81cbaf0b33c8d76af,4133,28,downloaded,
61,48_439_3011,Arlington Municipal Airport C61,2005-03,88101,24hr,maximum|average|standard_deviation,cams_0061/cams_0061_2005-03_pm25.csv,https://www.tceq.texas.gov/cgi-bin/compliance/monops/monthly_summary.pl,2026-09-09 18:49:44 UTC,f5962649204faaf7a59021b1c8208b4d1fa67d236339e1891a79d401ab9a08de,4511,31,downloaded,
61,48_439_3011,Arlington Municipal Airport C61,2005-04,88101,24hr,maximum|average|standard_deviation,cams_0061/cams_0061_2005-04_pm25.csv,https://www.tceq.texas.gov/cgi-bin/compliance/monops/monthly_summary.pl,2026-09-09 18:49:45 UTC,df2404ac944f1bc5ec4463b8733695dec5de295b724ff011be25ef6de1260fb1,4493,30,downloaded,
61,48_439_3011,Arlington Municipal Airport C61,2005-05,88101,24hr,maximum|average|standard_deviation,cams_0061/cams_0061_2005-05_pm25.csv,https://www.tceq.texas.gov/cgi-bin/compliance/monops/monthly_summary.pl,2026-09-09 18:49:46 UTC,0dfefd74dc0372791c8a03bf8d941110901825c2dcb882514c710a93827c4599,4764,31,downloaded,
61,48_439_3011,Arlington Municipal Airport C61,2005-06,88101,24hr,maximum|average|standard_deviation,cams_0061/cams_0061_2005-06_pm25.csv,https://www.tceq.texas.gov/cgi-bin/compliance/monops/monthly_summary.pl,2026-09-09 18:49:47 UTC,d7331ed6e3f867ff8dcda13a0470379ee92edce6e2d936f4c98322eb87f7c48a,4632,30,downloaded,
61,48_439_3011,Arlington Municipal Airport C61,2005-07,88101,24hr,maximum|average|standard_deviation,cams_0061/cams_0061_2005-07_pm25.csv,https://www.tceq.texas.gov/cgi-bin/compliance/monops/monthly_summary.pl,2026-09-09 18:49:48 UTC,7b71be07b38e0f10c50d3d357cd9ee399a20c247107945dad6a1b578f1c58b34,4659,31,downloaded,
61,48_439_3011,Arlington Municipal Airport C61,2005-08,88101,24hr,maximum|average|standard_deviation,cams_0061/cams_0061_2005-08_pm25.csv,https://www.tceq.texas.gov/cgi-bin/compliance/monops/monthly_summary.pl,2026-09-09 18:49:49 UTC,69d1a6a8133f2494fa28b327eea685c3bc276036c26199b469b8578540d2b456,4731,31,downloaded,
61,48_439_3011,Arlington Municipal Airport C61,2005-09,88101,24hr,maximum|average|standard_deviation,cams_0061/cams_0061_2005-09_pm25.csv,https://www.tceq.texas.gov/cgi-bin/compliance/monops/monthly_summary.pl,2026-09-09 18:49:50 UTC,370ed7afed1dc391f617ac5fa3c0f7ee388b6aad5e58b8ff7d04dd27a2642ed3,4603,30,downloaded,
61,48_439_3011,Arlington Municipal Airport C61,2005-10,88101,24hr,maximum|average|standard_deviation,cams_0061/cams_0061_2005-10_pm25.csv,https://www.tceq.texas.gov/cgi-bin/compliance/monops/monthly_summary.pl,2026-09-09 18:49:51 UTC,326bc635ea4ef3f63ab82e78c40594049f07bbe8809d76a9f78150531fc24dfb,4693,31,downloaded,
61,48_439_3011,Arlington Municipal Airport C61,2005-11,88101,24hr,maximum|average|standard_deviation,cams_0061/cams_0061_2005-11_pm25.csv,https://www.tceq.texas.gov/cgi-bin/compliance/monops/monthly_summary.pl,2026-09-09 18:49:52 UTC,4621f3a3c1796a31b4f32fcdacff76986f804532be686eb210d87974e8d47133,4327,30,downloaded,
61,48_439_3011,Arlington Municipal Airport C61,2005-12,88101,24hr,maximum|average|standard_deviation,cams_0061/cams_0061_2005-12_pm25.csv,https://www.tceq.texas.gov/cgi-bin/compliance/monops/monthly_summary.pl,2026-09-09 18:49:53 UTC,c36a0b204d3f428796b59a5641932a73ddbfe3754159ac78133aed957f042de4,4470,31,downloaded,
61,48_439_3011,Arlington Municipal Airport C61,2006-01,88101,24hr,maximum|average|standard_deviation,cams_0061/cams_0061_2006-01_pm25.csv,https://www.tceq.texas.gov/cgi-bin/compliance/monops/monthly_summary.pl,2026-09-09 18:49:54 UTC,1333dd33945e88120b72b91d014413124273c3edc4427001723c3028431a69cc,4369,31,downloaded,
61,48_439_3011,Arlington Municipal Airport C61,2006-02,88101,24hr,maximum|average|standard_deviation,cams_0061/cams_0061_2006-02_pm25.csv,https://www.tceq.texas.gov/cgi-bin/compliance/monops/monthly_summary.pl,2026-09-09 18:49:55 UTC,80166763d5bf69b20a119ef82d55baaea9e799188ef1372d6a9275e2b1e6dcf2,4066,28,downloaded,
61,48_439_3011,Arlington Municipal Airport C61,2006-03,88101,24hr,maximum|average|standard_deviation,cams_0061/cams_0061_2006-03_pm25.csv,https://www.tceq.texas.gov/cgi-bin/compliance/monops/monthly_summary.pl,2026-09-09 18:49:56 UTC,e21ede3a26551985dd6b179f2d4ee0496ec1e1010f74456330f74f49a776d1bd,4654,31,downloaded,
61,48_439_3011,Arlington Municipal Airport C61,2006-04,88101,24hr,maximum|average|standard_deviation,cams_0061/cams_0061_2006-04_pm25.csv,https://www.tceq.texas.gov/cgi-bin/compliance/monops/monthly_summary.pl,2026-09-09 18:49:57 UTC,705953054f6f26e69971e3d0a50905fcd63fe0be16fcf230cc278c024a39e989,4549,30,downloaded,
61,48_439_3011,Arlington Municipal Airport C61,2006-05,88101,24hr,maximum|average|standard_deviation,cams_0061/cams_0061_2006-05_pm25.csv,https://www.tceq.texas.gov/cgi-bin/compliance/monops/monthly_summary.pl,2026-09-09 18:49:59 UTC,25bd89b9bd66c105f3b596d3a8ab7728270131d867a8d4dbed004d9c75f8a7ef,4576,31,downloaded,
61,48_439_3011,Arlington Municipal Airport C61,2006-06,88101,24hr,maximum|average|standard_deviation,cams_0061/cams_0061_2006-06_pm25.csv,https://www.tceq.texas.gov/cgi-bin/compliance/monops/monthly_summary.pl,2026-09-09 18:50:00 UTC,07e85e2b196eee298cbdc43d4b28e56a5714861c90dd13e86d40ee73ee61d734,4615,30,downloaded,
61,48_439_3011,Arlington Municipal Airport C61,2006-07,88101,24hr,maximum|average|standard_deviation,cams_0061/cams_0061_2006-07_pm25.csv,https://www.tceq.texas.gov/cgi-bin/compliance/monops/monthly_summary.pl,2026-09-09 18:50:01 UTC,3c3320be84cd0fb51602935b57d49d213bc8e2e0ac49ea825a3a9f5dde691500,4675,31,downloaded,
61,48_439_3011,Arlington Municipal Airport C61,2006-08,88101,24hr,maximum|average|standard_deviation,cams_0061/cams_0061_2006-08_pm25.csv,https://www.tceq.texas.gov/cgi-bin/compliance/monops/monthly_summary.pl,2026-09-09 18:50:02 UTC,d373c6b54799a7f4699d7593d0af0fbbddbf8d81a5e7553d607b1d2fa36695e9,4634,31,downloaded,
61,48_439_3011,Arlington Municipal Airport C61,2006-09,88101,24hr,maximum|average|standard_deviation,cams_0061/cams_0061_2006-09_pm25.csv,https://www.tceq.texas.gov/cgi-bin/compliance/monops/monthly_summary.pl,2026-09-09 18:50:03 UTC,ac5c9b0f80fa2007e10673b7859e798ac9db021b63b203bd6d92c44adb7ed599,4455,30,downloaded,
61,48_439_3011,Arlington Municipal Airport C61,2006-10,88101,24hr,maximum|average|standard_deviation,cams_0061/cams_0061_2006-10_pm25.csv,https://www.tceq.texas.gov/cgi-bin/compliance/monops/monthly_summary.pl,2026-09-09 18:50:04 UTC,0d1bb8dcdc698ee7fc9522b7912853cba639806174ee202cc708d06a2ade65b2,4453,31,downloaded,
61,48_439_3011,Arlington Municipal Airport C61,2006-11,88101,24hr,maximum|average|standard_deviation,cams_0061/cams_0061_2006-11_pm25.csv,https://www.tceq.texas.gov/cgi-bin/compliance/monops/monthly_summary.pl,2026-09-09 18:50:05 UTC,996d3df3f4f73de3568b2c5461edc144bab75da0c6d50b256ae9575c1452ac22,4321,30,downloaded,
61,48_439_3011,Arlington Municipal Airport C61,2006-12,88101,24hr,maximum|average|standard_deviation,cams_0061/cams_0061_2006-12_pm25.csv,https://www.tceq.texas.gov/cgi-bin/compliance/monops/monthly_summary.pl,2026-09-09 18:50:06 UTC,8aaf7bbd3231eacfa52503343aa38b861bb64f71105e27d734feb920f0124132,4419,31,downloaded,
61,48_439_3011,Arlington Municipal Airport C61,2007-01,88101,24hr,maximum|average|standard_deviation,,https://www.tceq.texas.gov/cgi-bin/compliance/monops/monthly_summary.pl,2026-09-09 18:50:07 UTC,,,0,no_data,
